sample,k,estrategia,delta,tiempo,particion,alcance,mecanismo
N10A.csv,2,KQNodes,0.48046875,0.6460092067718506,"⎛  B,C,D,E,F,G,H,I,J  ⎞⎛ A ⎞
⎝ a,b,c,d,e,f,g,h,i,j ⎠⎝ ∅ ⎠
",ABCDEFGHIJ,ABCDEFGHIJ
N10A.csv,2,KGeoMIP,0.4697265625,0.10687518119812012,"⎛  A,B,C,E,F,G,H,I,J  ⎞⎛ D ⎞
⎝ a,b,c,d,e,f,g,h,i,j ⎠⎝ ∅ ⎠
",ABCDEFGHIJ,ABCDEFGHIJ
N10A.csv,3,KQNodes,0.9921875,0.6531152725219727,"⎛   B,C,D,E,F,G,I,J   ⎞⎛ A ⎞⎛ H ⎞
⎝ a,b,c,d,e,f,g,h,i,j ⎠⎝ ∅ ⎠⎝ ∅ ⎠
",ABCDEFGHIJ,ABCDEFGHIJ
N10A.csv,3,KGeoMIP,4.34375,0.07515192031860352,"⎛ A ⎞⎛ B,I,J ⎞⎛ C,D,E,F,G,H ⎞
⎝ a ⎠⎝ b,i,j ⎠⎝ c,d,e,f,g,h ⎠
",ABCDEFGHIJ,ABCDEFGHIJ
N10A.csv,4,KQNodes,1.5078125,0.5705809593200684,"⎛    B,C,D,F,G,I,J    ⎞⎛ A ⎞⎛ E ⎞⎛ H ⎞
⎝ a,b,c,d,e,f,g,h,i,j ⎠⎝ ∅ ⎠⎝ ∅ ⎠⎝ ∅ ⎠
",ABCDEFGHIJ,ABCDEFGHIJ
N10A.csv,4,KGeoMIP,4.38671875,0.07070302963256836,"⎛ A ⎞⎛ B,J ⎞⎛ I ⎞⎛ C,D,E,F,G,H ⎞
⎝ a ⎠⎝ b,j ⎠⎝ i ⎠⎝ c,d,e,f,g,h ⎠
",ABCDEFGHIJ,ABCDEFGHIJ
N10A.csv,5,KQNodes,2.5078125,0.8072760105133057,"⎛   B,C,D,F,G,I,J   ⎞⎛ ∅ ⎞⎛ A ⎞⎛ E ⎞⎛ H ⎞
⎝ a,b,c,d,e,g,h,i,j ⎠⎝ f ⎠⎝ ∅ ⎠⎝ ∅ ⎠⎝ ∅ ⎠
",ABCDEFGHIJ,ABCDEFGHIJ
N10A.csv,5,KGeoMIP,4.4140625,0.03191232681274414,"⎛ A ⎞⎛ B ⎞⎛ J ⎞⎛ I ⎞⎛ C,D,E,F,G,H ⎞
⎝ a ⎠⎝ b ⎠⎝ j ⎠⎝ i ⎠⎝ c,d,e,f,g,h ⎠
",ABCDEFGHIJ,ABCDEFGHIJ
N10A.csv,2,KQNodes,0.0068359375,0.4050302505493164,"⎛ A,B,C,D,E,G,H,I,J ⎞⎛ F ⎞
⎝ a,b,c,d,e,f,g,h,i ⎠⎝ ∅ ⎠
",ABCDEFGHIJ,ABCDEFGHI
N10A.csv,2,KGeoMIP,0.0068359375,0.03335261344909668,"⎛ A,B,C,D,E,G,H,I,J ⎞⎛ F ⎞
⎝ a,b,c,d,e,f,g,h,i ⎠⎝ ∅ ⎠
",ABCDEFGHIJ,ABCDEFGHI
N10A.csv,3,KQNodes,0.0185546875,0.3860025405883789,"⎛  A,C,D,E,G,H,I,J  ⎞⎛ B ⎞⎛ F ⎞
⎝ a,b,c,d,e,f,g,h,i ⎠⎝ ∅ ⎠⎝ ∅ ⎠
",ABCDEFGHIJ,ABCDEFGHI
N10A.csv,3,KGeoMIP,1.998046875,0.03127264976501465,"⎛ E ⎞⎛ F,J ⎞⎛ A,B,C,D,G,H,I ⎞
⎝ e ⎠⎝  f  ⎠⎝ a,b,c,d,g,h,i ⎠
",ABCDEFGHIJ,ABCDEFGHI
N10A.csv,4,KQNodes,0.0341796875,0.3802938461303711,"⎛   A,C,D,G,H,I,J   ⎞⎛ B ⎞⎛ E ⎞⎛ F ⎞
⎝ a,b,c,d,e,f,g,h,i ⎠⎝ ∅ ⎠⎝ ∅ ⎠⎝ ∅ ⎠
",ABCDEFGHIJ,ABCDEFGHI
N10A.csv,4,KGeoMIP,2.810546875,0.03200173377990723,"⎛ E ⎞⎛ F,J ⎞⎛ A,B,C,D,I ⎞⎛ G,H ⎞
⎝ e ⎠⎝  f  ⎠⎝ a,b,c,d,i ⎠⎝ g,h ⎠
",ABCDEFGHIJ,ABCDEFGHI
N10A.csv,5,KQNodes,0.0537109375,0.38794946670532227,"⎛    A,D,G,H,I,J    ⎞⎛ B ⎞⎛ C ⎞⎛ E ⎞⎛ F ⎞
⎝ a,b,c,d,e,f,g,h,i ⎠⎝ ∅ ⎠⎝ ∅ ⎠⎝ ∅ ⎠⎝ ∅ ⎠
",ABCDEFGHIJ,ABCDEFGHI
N10A.csv,5,KGeoMIP,2.833984375,0.028019428253173828,"⎛ E ⎞⎛ F,J ⎞⎛ A,B,C,D,I ⎞⎛ H ⎞⎛ G ⎞
⎝ e ⎠⎝  f  ⎠⎝ a,b,c,d,i ⎠⎝ h ⎠⎝ g ⎠
",ABCDEFGHIJ,ABCDEFGHI
N10A.csv,2,KQNodes,0.005859375,0.4035458564758301,"⎛ A,B,C,D,E,F,G,H,I ⎞⎛ J ⎞
⎝ b,c,d,e,f,g,h,i,j ⎠⎝ ∅ ⎠
",ABCDEFGHIJ,BCDEFGHIJ
N10A.csv,2,KGeoMIP,0.005859375,0.03445863723754883,"⎛ A,B,C,D,E,F,G,H,I ⎞⎛ J ⎞
⎝ b,c,d,e,f,g,h,i,j ⎠⎝ ∅ ⎠
",ABCDEFGHIJ,BCDEFGHIJ
N10A.csv,3,KQNodes,0.021484375,0.39784717559814453,"⎛  A,B,C,D,F,G,H,I  ⎞⎛ E ⎞⎛ J ⎞
⎝ b,c,d,e,f,g,h,i,j ⎠⎝ ∅ ⎠⎝ ∅ ⎠
",ABCDEFGHIJ,BCDEFGHIJ
N10A.csv,3,KGeoMIP,1.791015625,0.025321006774902344,"⎛ A ⎞⎛ E ⎞⎛ B,C,D,F,G,H,I,J ⎞
⎝ ∅ ⎠⎝ e ⎠⎝ b,c,d,f,g,h,i,j ⎠
",ABCDEFGHIJ,BCDEFGHIJ
N10A.csv,4,KQNodes,0.041015625,0.40943360328674316,"⎛   A,B,D,F,G,H,I   ⎞⎛ C ⎞⎛ E ⎞⎛ J ⎞
⎝ b,c,d,e,f,g,h,i,j ⎠⎝ ∅ ⎠⎝ ∅ ⎠⎝ ∅ ⎠
",ABCDEFGHIJ,BCDEFGHIJ
N10A.csv,4,KGeoMIP,1.96875,0.030025482177734375,"⎛ E ⎞⎛ A,B,C,D,I,J ⎞⎛ F,H ⎞⎛ G ⎞
⎝ e ⎠⎝  b,c,d,i,j  ⎠⎝ f,h ⎠⎝ g ⎠
",ABCDEFGHIJ,BCDEFGHIJ
N10A.csv,5,KQNodes,0.060546875,0.370363712310791,"⎛    B,D,F,G,H,I    ⎞⎛ A ⎞⎛ C ⎞⎛ E ⎞⎛ J ⎞
⎝ b,c,d,e,f,g,h,i,j ⎠⎝ ∅ ⎠⎝ ∅ ⎠⎝ ∅ ⎠⎝ ∅ ⎠
",ABCDEFGHIJ,BCDEFGHIJ
N10A.csv,5,KGeoMIP,1.95703125,0.027803421020507812,"⎛ A ⎞⎛ E ⎞⎛ B,C,D,I,J ⎞⎛ F,H ⎞⎛ G ⎞
⎝ ∅ ⎠⎝ e ⎠⎝ b,c,d,i,j ⎠⎝ f,h ⎠⎝ g ⎠
",ABCDEFGHIJ,BCDEFGHIJ
N10A.csv,2,KQNodes,0.005859375,0.31446337699890137,"⎛ A,B,C,D,E,F,G,H,I ⎞⎛ J ⎞
⎝  b,c,d,e,f,g,h,i  ⎠⎝ ∅ ⎠
",ABCDEFGHIJ,BCDEFGHI
N10A.csv,2,KGeoMIP,0.005859375,0.025792360305786133,"⎛ A,B,C,D,E,F,G,H,I ⎞⎛ J ⎞
⎝  b,c,d,e,f,g,h,i  ⎠⎝ ∅ ⎠
",ABCDEFGHIJ,BCDEFGHI
N10A.csv,3,KQNodes,0.021484375,0.3162083625793457,"⎛ A,B,C,D,F,G,H,I ⎞⎛ E ⎞⎛ J ⎞
⎝ b,c,d,e,f,g,h,i ⎠⎝ ∅ ⎠⎝ ∅ ⎠
",ABCDEFGHIJ,BCDEFGHI
N10A.csv,3,KGeoMIP,1.42578125,0.015866756439208984,"⎛ A ⎞⎛ B,C,D,E,F,I,J ⎞⎛ G,H ⎞
⎝ ∅ ⎠⎝  b,c,d,e,f,i  ⎠⎝ g,h ⎠
",ABCDEFGHIJ,BCDEFGHI
N10A.csv,4,KQNodes,0.041015625,0.3150599002838135,"⎛  B,C,D,F,G,H,I  ⎞⎛ A ⎞⎛ E ⎞⎛ J ⎞
⎝ b,c,d,e,f,g,h,i ⎠⎝ ∅ ⎠⎝ ∅ ⎠⎝ ∅ ⎠
",ABCDEFGHIJ,BCDEFGHI
N10A.csv,4,KGeoMIP,1.44921875,0.015938758850097656,"⎛ A ⎞⎛ B,C,D,E,F,I,J ⎞⎛ H ⎞⎛ G ⎞
⎝ ∅ ⎠⎝  b,c,d,e,f,i  ⎠⎝ h ⎠⎝ g ⎠
",ABCDEFGHIJ,BCDEFGHI
N10A.csv,5,KQNodes,0.0712890625,0.3162393569946289,"⎛   B,C,F,G,H,I   ⎞⎛ A ⎞⎛ D ⎞⎛ E ⎞⎛ J ⎞
⎝ b,c,d,e,f,g,h,i ⎠⎝ ∅ ⎠⎝ ∅ ⎠⎝ ∅ ⎠⎝ ∅ ⎠
",ABCDEFGHIJ,BCDEFGHI
N10A.csv,5,KGeoMIP,1.806640625,0.025990962982177734,"⎛ A,I ⎞⎛ C,F ⎞⎛ B,D,E,J ⎞⎛ H ⎞⎛ G ⎞
⎝  i  ⎠⎝ c,f ⎠⎝  b,d,e  ⎠⎝ h ⎠⎝ g ⎠
",ABCDEFGHIJ,BCDEFGHI
N10A.csv,2,KQNodes,0.8828125,0.257676362991333,"⎛ B,C,D,E,F,G,H,I,J ⎞⎛ A ⎞
⎝    a,b,e,g,h,j    ⎠⎝ d ⎠
",ABCDEFGHIJ,ABDEGHJ
N10A.csv,2,KGeoMIP,0.01171875,0.03133988380432129,"⎛ A,C,D,E,F,G,H,I,J ⎞⎛ B ⎞
⎝   a,b,d,e,g,h,j   ⎠⎝ ∅ ⎠
",ABCDEFGHIJ,ABDEGHJ
N10A.csv,3,KQNodes,0.94921875,0.26784491539001465,"⎛ B,C,D,E,F,G,I,J ⎞⎛ A ⎞⎛ H ⎞
⎝    a,b,e,h,j    ⎠⎝ d ⎠⎝ g ⎠
",ABCDEFGHIJ,ABDEGHJ
N10A.csv,3,KGeoMIP,1.0234375,0.015683412551879883,"⎛ I ⎞⎛ A,B,E,F,G,H,J ⎞⎛ C,D ⎞
⎝ ∅ ⎠⎝  a,b,e,g,h,j  ⎠⎝  d  ⎠
",ABCDEFGHIJ,ABDEGHJ
N10A.csv,4,KQNodes,0.9541015625,0.26889467239379883,"⎛ B,C,D,E,F,I,J ⎞⎛ A ⎞⎛ H ⎞⎛ G ⎞
⎝   a,b,e,h,j   ⎠⎝ d ⎠⎝ g ⎠⎝ ∅ ⎠
",ABCDEFGHIJ,ABDEGHJ
N10A.csv,4,KGeoMIP,1.04296875,0.015683889389038086,"⎛ I ⎞⎛ A,B,E,F,G,H,J ⎞⎛ D ⎞⎛ C ⎞
⎝ ∅ ⎠⎝  a,b,e,g,h,j  ⎠⎝ d ⎠⎝ ∅ ⎠
",ABCDEFGHIJ,ABDEGHJ
N10A.csv,5,KQNodes,0.9658203125,0.26802897453308105,"⎛ B,C,D,E,F,I,J ⎞⎛ ∅ ⎞⎛ H ⎞⎛ A ⎞⎛ G ⎞
⎝   a,b,e,h,j   ⎠⎝ d ⎠⎝ g ⎠⎝ ∅ ⎠⎝ ∅ ⎠
",ABCDEFGHIJ,ABDEGHJ
N10A.csv,5,KGeoMIP,1.2412109375,0.01576995849609375,"⎛ B ⎞⎛ A,E,G,H,I,J ⎞⎛ F ⎞⎛ D ⎞⎛ C ⎞
⎝ b ⎠⎝  a,e,g,h,j  ⎠⎝ ∅ ⎠⎝ d ⎠⎝ ∅ ⎠
",ABCDEFGHIJ,ABDEGHJ
N10A.csv,2,KQNodes,0.0009765625,0.1822824478149414,"⎛ A,B,C,E,F,G,H,I,J ⎞⎛ D ⎞
⎝     a,c,e,g,i     ⎠⎝ ∅ ⎠
",ABCDEFGHIJ,ACEGI
N10A.csv,2,KGeoMIP,0.0009765625,0.017339229583740234,"⎛ A,B,C,E,F,G,H,I,J ⎞⎛ D ⎞
⎝     a,c,e,g,i     ⎠⎝ ∅ ⎠
",ABCDEFGHIJ,ACEGI
N10A.csv,3,KQNodes,0.0126953125,0.1639704704284668,"⎛ A,B,E,F,G,H,I,J ⎞⎛ C ⎞⎛ D ⎞
⎝    a,c,e,g,i    ⎠⎝ ∅ ⎠⎝ ∅ ⎠
",ABCDEFGHIJ,ACEGI
N10A.csv,3,KGeoMIP,0.34375,0.01571941375732422,"⎛ J ⎞⎛ A,B,C,D,E,F,H,I ⎞⎛ G ⎞
⎝ ∅ ⎠⎝     a,c,e,i     ⎠⎝ g ⎠
",ABCDEFGHIJ,ACEGI
N10A.csv,4,KQNodes,0.0283203125,0.15897011756896973,"⎛ A,B,F,G,H,I,J ⎞⎛ C ⎞⎛ D ⎞⎛ E ⎞
⎝   a,c,e,g,i   ⎠⎝ ∅ ⎠⎝ ∅ ⎠⎝ ∅ ⎠
",ABCDEFGHIJ,ACEGI
N10A.csv,4,KGeoMIP,0.46875,0.0,"⎛ A,B,C,H ⎞⎛ D,E,F,I ⎞⎛ J ⎞⎛ G ⎞
⎝   a,c   ⎠⎝   e,i   ⎠⎝ ∅ ⎠⎝ g ⎠
",ABCDEFGHIJ,ACEGI
N10A.csv,5,KQNodes,0.0478515625,0.1597752571105957,"⎛ A,F,G,H,I,J ⎞⎛ B ⎞⎛ C ⎞⎛ D ⎞⎛ E ⎞
⎝  a,c,e,g,i  ⎠⎝ ∅ ⎠⎝ ∅ ⎠⎝ ∅ ⎠⎝ ∅ ⎠
",ABCDEFGHIJ,ACEGI
N10A.csv,5,KGeoMIP,0.45703125,0.015900850296020508,"⎛ B ⎞⎛ A,C,H ⎞⎛ D,E,F,I ⎞⎛ J ⎞⎛ G ⎞
⎝ ∅ ⎠⎝  a,c  ⎠⎝   e,i   ⎠⎝ ∅ ⎠⎝ g ⎠
",ABCDEFGHIJ,ACEGI
N10A.csv,2,KQNodes,0.33984375,0.17572689056396484,"⎛ A,C,D,E,F,G ⎞⎛ B,H,I,J ⎞
⎝     b,j     ⎠⎝  d,f,h  ⎠
",ABCDEFGHIJ,BDFHJ
N10A.csv,2,KGeoMIP,0.01171875,0.016150474548339844,"⎛ A,B,D,E,F,G,H,I,J ⎞⎛ C ⎞
⎝     b,d,f,h,j     ⎠⎝ ∅ ⎠
",ABCDEFGHIJ,BDFHJ
N10A.csv,3,KQNodes,0.263671875,0.17560791969299316,"⎛ A,C,G ⎞⎛ B,H,I,J ⎞⎛ D,E,F ⎞
⎝   b   ⎠⎝  d,f,h  ⎠⎝   j   ⎠
",ABCDEFGHIJ,BDFHJ
N10A.csv,3,KGeoMIP,0.42578125,0.01605510711669922,"⎛ C ⎞⎛ A,D,F,G,H,I,J ⎞⎛ B,E ⎞
⎝ ∅ ⎠⎝    d,f,h,j    ⎠⎝  b  ⎠
",ABCDEFGHIJ,BDFHJ
N10A.csv,4,KQNodes,0.26171875,0.1756458282470703,"⎛ A,G ⎞⎛ B,H,I,J ⎞⎛ D,E,F ⎞⎛ C ⎞
⎝  b  ⎠⎝  d,f,h  ⎠⎝   j   ⎠⎝ ∅ ⎠
",ABCDEFGHIJ,BDFHJ
N10A.csv,4,KGeoMIP,0.46484375,0.015707015991210938,"⎛ I ⎞⎛ C,F,G,H ⎞⎛ A,D,J ⎞⎛ B,E ⎞
⎝ ∅ ⎠⎝   f,h   ⎠⎝  d,j  ⎠⎝  b  ⎠
",ABCDEFGHIJ,BDFHJ
N10A.csv,5,KQNodes,0.2744140625,0.17502331733703613,"⎛ A,G ⎞⎛ B,H,I,J ⎞⎛ D,E ⎞⎛ C ⎞⎛ F ⎞
⎝  b  ⎠⎝  d,f,h  ⎠⎝  j  ⎠⎝ ∅ ⎠⎝ ∅ ⎠
",ABCDEFGHIJ,BDFHJ
N10A.csv,5,KGeoMIP,0.47265625,0.015711545944213867,"⎛ I ⎞⎛ C,F,G,H ⎞⎛ A,D,J ⎞⎛ B ⎞⎛ E ⎞
⎝ ∅ ⎠⎝   f,h   ⎠⎝  d,j  ⎠⎝ b ⎠⎝ ∅ ⎠
",ABCDEFGHIJ,BDFHJ
N10A.csv,2,KQNodes,0.48046875,0.38324975967407227,"⎛   B,C,D,E,F,G,H,I   ⎞⎛ A ⎞
⎝ a,b,c,d,e,f,g,h,i,j ⎠⎝ ∅ ⎠
",ABCDEFGHI,ABCDEFGHIJ
N10A.csv,2,KGeoMIP,0.4697265625,0.04714560508728027,"⎛   A,B,C,E,F,G,H,I   ⎞⎛ D ⎞
⎝ a,b,c,d,e,f,g,h,i,j ⎠⎝ ∅ ⎠
",ABCDEFGHI,ABCDEFGHIJ
N10A.csv,3,KQNodes,0.9921875,0.36662840843200684,"⎛    B,C,D,E,F,G,I    ⎞⎛ A ⎞⎛ H ⎞
⎝ a,b,c,d,e,f,g,h,i,j ⎠⎝ ∅ ⎠⎝ ∅ ⎠
",ABCDEFGHI,ABCDEFGHIJ
N10A.csv,3,KGeoMIP,3.8515625,0.049378395080566406,"⎛  B  ⎞⎛ A,I ⎞⎛ C,D,E,F,G,H ⎞
⎝ b,j ⎠⎝ a,i ⎠⎝ c,d,e,f,g,h ⎠
",ABCDEFGHI,ABCDEFGHIJ
N10A.csv,4,KQNodes,1.5078125,0.36420202255249023,"⎛     B,C,D,F,G,I     ⎞⎛ A ⎞⎛ E ⎞⎛ H ⎞
⎝ a,b,c,d,e,f,g,h,i,j ⎠⎝ ∅ ⎠⎝ ∅ ⎠⎝ ∅ ⎠
",ABCDEFGHI,ABCDEFGHIJ
N10A.csv,4,KGeoMIP,3.890625,0.048268795013427734,"⎛  B  ⎞⎛ A ⎞⎛ I ⎞⎛ C,D,E,F,G,H ⎞
⎝ b,j ⎠⎝ a ⎠⎝ i ⎠⎝ c,d,e,f,g,h ⎠
",ABCDEFGHI,ABCDEFGHIJ
N10A.csv,5,KQNodes,2.5078125,0.3680260181427002,"⎛    B,C,D,F,G,I    ⎞⎛ ∅ ⎞⎛ A ⎞⎛ E ⎞⎛ H ⎞
⎝ a,b,c,d,e,g,h,i,j ⎠⎝ f ⎠⎝ ∅ ⎠⎝ ∅ ⎠⎝ ∅ ⎠
",ABCDEFGHI,ABCDEFGHIJ
N10A.csv,5,KGeoMIP,3.91796875,0.030094385147094727,"⎛ B ⎞⎛ A ⎞⎛ I ⎞⎛ ∅ ⎞⎛ C,D,E,F,G,H ⎞
⎝ b ⎠⎝ a ⎠⎝ i ⎠⎝ j ⎠⎝ c,d,e,f,g,h ⎠
",ABCDEFGHI,ABCDEFGHIJ
N10A.csv,2,KQNodes,0.0068359375,0.30306577682495117,"⎛  A,B,C,D,E,G,H,I  ⎞⎛ F ⎞
⎝ a,b,c,d,e,f,g,h,i ⎠⎝ ∅ ⎠
",ABCDEFGHI,ABCDEFGHI
N10A.csv,2,KGeoMIP,0.0068359375,0.037240028381347656,"⎛  A,B,C,D,E,G,H,I  ⎞⎛ F ⎞
⎝ a,b,c,d,e,f,g,h,i ⎠⎝ ∅ ⎠
",ABCDEFGHI,ABCDEFGHI
N10A.csv,3,KQNodes,0.0185546875,0.3112680912017822,"⎛   A,C,D,E,G,H,I   ⎞⎛ B ⎞⎛ F ⎞
⎝ a,b,c,d,e,f,g,h,i ⎠⎝ ∅ ⎠⎝ ∅ ⎠
",ABCDEFGHI,ABCDEFGHI
N10A.csv,3,KGeoMIP,1.5234375,0.01597452163696289,"⎛ E ⎞⎛ F ⎞⎛ A,B,C,D,G,H,I ⎞
⎝ e ⎠⎝ f ⎠⎝ a,b,c,d,g,h,i ⎠
",ABCDEFGHI,ABCDEFGHI
N10A.csv,4,KQNodes,0.0341796875,0.32504916191101074,"⎛    A,C,D,G,H,I    ⎞⎛ B ⎞⎛ E ⎞⎛ F ⎞
⎝ a,b,c,d,e,f,g,h,i ⎠⎝ ∅ ⎠⎝ ∅ ⎠⎝ ∅ ⎠
",ABCDEFGHI,ABCDEFGHI
N10A.csv,4,KGeoMIP,2.328125,0.025998592376708984,"⎛ D ⎞⎛ E,F ⎞⎛ A,B,C,I ⎞⎛ G,H ⎞
⎝ d ⎠⎝ e,f ⎠⎝ a,b,c,i ⎠⎝ g,h ⎠
",ABCDEFGHI,ABCDEFGHI
N10A.csv,5,KQNodes,0.0537109375,0.3029975891113281,"⎛     A,D,G,H,I     ⎞⎛ B ⎞⎛ C ⎞⎛ E ⎞⎛ F ⎞
⎝ a,b,c,d,e,f,g,h,i ⎠⎝ ∅ ⎠⎝ ∅ ⎠⎝ ∅ ⎠⎝ ∅ ⎠
",ABCDEFGHI,ABCDEFGHI
N10A.csv,5,KGeoMIP,2.3515625,0.027997732162475586,"⎛ D ⎞⎛ E,F ⎞⎛ A,B,C,I ⎞⎛ H ⎞⎛ G ⎞
⎝ d ⎠⎝ e,f ⎠⎝ a,b,c,i ⎠⎝ h ⎠⎝ g ⎠
",ABCDEFGHI,ABCDEFGHI
N10A.csv,2,KQNodes,0.015625,0.31111669540405273,"⎛  A,B,C,D,F,G,H,I  ⎞⎛ E ⎞
⎝ b,c,d,e,f,g,h,i,j ⎠⎝ ∅ ⎠
",ABCDEFGHI,BCDEFGHIJ
N10A.csv,2,KGeoMIP,0.015625,0.03099846839904785,"⎛  A,B,C,D,F,G,H,I  ⎞⎛ E ⎞
⎝ b,c,d,e,f,g,h,i,j ⎠⎝ ∅ ⎠
",ABCDEFGHI,BCDEFGHIJ
N10A.csv,3,KQNodes,0.03515625,0.31000709533691406,"⎛   A,B,D,F,G,H,I   ⎞⎛ C ⎞⎛ E ⎞
⎝ b,c,d,e,f,g,h,i,j ⎠⎝ ∅ ⎠⎝ ∅ ⎠
",ABCDEFGHI,BCDEFGHIJ
N10A.csv,3,KGeoMIP,1.89453125,0.027991771697998047,"⎛ A ⎞⎛  E  ⎞⎛ B,C,D,F,G,H,I ⎞
⎝ ∅ ⎠⎝ e,j ⎠⎝ b,c,d,f,g,h,i ⎠
",ABCDEFGHI,BCDEFGHIJ
N10A.csv,4,KQNodes,0.0546875,0.29500603675842285,"⎛    B,D,F,G,H,I    ⎞⎛ A ⎞⎛ C ⎞⎛ E ⎞
⎝ b,c,d,e,f,g,h,i,j ⎠⎝ ∅ ⎠⎝ ∅ ⎠⎝ ∅ ⎠
",ABCDEFGHI,BCDEFGHIJ
N10A.csv,4,KGeoMIP,1.96875,0.028007030487060547,"⎛ B ⎞⎛  E  ⎞⎛ A,C,D,I ⎞⎛ F,G,H ⎞
⎝ b ⎠⎝ e,j ⎠⎝  c,d,i  ⎠⎝ f,g,h ⎠
",ABCDEFGHI,BCDEFGHIJ
N10A.csv,5,KQNodes,0.54296875,0.29699206352233887,"⎛     D,F,G,H,I     ⎞⎛ A ⎞⎛ B ⎞⎛ C ⎞⎛ E ⎞
⎝ b,c,d,e,f,g,h,i,j ⎠⎝ ∅ ⎠⎝ ∅ ⎠⎝ ∅ ⎠⎝ ∅ ⎠
",ABCDEFGHI,BCDEFGHIJ
N10A.csv,5,KGeoMIP,1.982421875,0.025984764099121094,"⎛ C ⎞⎛  E  ⎞⎛ A,B,D,I ⎞⎛ F,H ⎞⎛ G ⎞
⎝ c ⎠⎝ e,j ⎠⎝  b,d,i  ⎠⎝ f,h ⎠⎝ g ⎠
",ABCDEFGHI,BCDEFGHIJ
N10A.csv,2,KQNodes,0.015625,0.25099778175354004,"⎛ A,B,C,D,F,G,H,I ⎞⎛ E ⎞
⎝ b,c,d,e,f,g,h,i ⎠⎝ ∅ ⎠
",ABCDEFGHI,BCDEFGHI
N10A.csv,2,KGeoMIP,0.015625,0.023988962173461914,"⎛ A,B,C,D,F,G,H,I ⎞⎛ E ⎞
⎝ b,c,d,e,f,g,h,i ⎠⎝ ∅ ⎠
",ABCDEFGHI,BCDEFGHI
N10A.csv,3,KQNodes,0.03515625,0.24900007247924805,"⎛  B,C,D,F,G,H,I  ⎞⎛ A ⎞⎛ E ⎞
⎝ b,c,d,e,f,g,h,i ⎠⎝ ∅ ⎠⎝ ∅ ⎠
",ABCDEFGHI,BCDEFGHI
N10A.csv,3,KGeoMIP,1.30078125,0.019997835159301758,"⎛ A ⎞⎛ B,C,D,E,F,I ⎞⎛ G,H ⎞
⎝ ∅ ⎠⎝ b,c,d,e,f,i ⎠⎝ g,h ⎠
",ABCDEFGHI,BCDEFGHI
N10A.csv,4,KQNodes,0.0654296875,0.24600005149841309,"⎛   B,C,F,G,H,I   ⎞⎛ A ⎞⎛ D ⎞⎛ E ⎞
⎝ b,c,d,e,f,g,h,i ⎠⎝ ∅ ⎠⎝ ∅ ⎠⎝ ∅ ⎠
",ABCDEFGHI,BCDEFGHI
N10A.csv,4,KGeoMIP,1.32421875,0.021997690200805664,"⎛ A ⎞⎛ B,C,D,E,F,I ⎞⎛ H ⎞⎛ G ⎞
⎝ ∅ ⎠⎝ b,c,d,e,f,i ⎠⎝ h ⎠⎝ g ⎠
",ABCDEFGHI,BCDEFGHI
N10A.csv,5,KQNodes,0.3037109375,0.245652437210083,"⎛    C,F,G,H,I    ⎞⎛ A ⎞⎛ B ⎞⎛ D ⎞⎛ E ⎞
⎝ b,c,d,e,f,g,h,i ⎠⎝ ∅ ⎠⎝ ∅ ⎠⎝ ∅ ⎠⎝ ∅ ⎠
",ABCDEFGHI,BCDEFGHI
N10A.csv,5,KGeoMIP,1.8125,0.019029855728149414,"⎛ I ⎞⎛ A,C,F ⎞⎛ B,D,E ⎞⎛ H ⎞⎛ G ⎞
⎝ i ⎠⎝  c,f  ⎠⎝ b,d,e ⎠⎝ h ⎠⎝ g ⎠
",ABCDEFGHI,BCDEFGHI
N10A.csv,2,KQNodes,0.8203125,0.21194815635681152,"⎛ B,C,D,E,F,G,H,I ⎞⎛ A ⎞
⎝   a,b,e,g,h,j   ⎠⎝ d ⎠
",ABCDEFGHI,ABDEGHJ
N10A.csv,2,KGeoMIP,0.01171875,0.019010543823242188,"⎛ A,C,D,E,F,G,H,I ⎞⎛ B ⎞
⎝  a,b,d,e,g,h,j  ⎠⎝ ∅ ⎠
",ABCDEFGHI,ABDEGHJ
N10A.csv,3,KQNodes,0.88671875,0.20699024200439453,"⎛ B,C,D,E,F,G,I ⎞⎛ A ⎞⎛ H ⎞
⎝   a,b,e,h,j   ⎠⎝ d ⎠⎝ g ⎠
",ABCDEFGHI,ABDEGHJ
N10A.csv,3,KGeoMIP,0.99609375,0.01700282096862793,"⎛ B ⎞⎛ A,E,F,G,H,I ⎞⎛ C,D ⎞
⎝ b ⎠⎝  a,e,g,h,j  ⎠⎝  d  ⎠
",ABCDEFGHI,ABDEGHJ
N10A.csv,4,KQNodes,0.8916015625,0.20301270484924316,"⎛ B,C,D,E,F,I ⎞⎛ A ⎞⎛ H ⎞⎛ G ⎞
⎝  a,b,e,h,j  ⎠⎝ d ⎠⎝ g ⎠⎝ ∅ ⎠
",ABCDEFGHI,ABDEGHJ
N10A.csv,4,KGeoMIP,1.1591796875,0.018016338348388672,"⎛ B ⎞⎛ A,E,G,H,I ⎞⎛ F ⎞⎛ C,D ⎞
⎝ b ⎠⎝ a,e,g,h,j ⎠⎝ ∅ ⎠⎝  d  ⎠
",ABCDEFGHI,ABDEGHJ
N10A.csv,5,KQNodes,0.9033203125,0.20000052452087402,"⎛ B,C,D,E,F,I ⎞⎛ ∅ ⎞⎛ H ⎞⎛ A ⎞⎛ G ⎞
⎝  a,b,e,h,j  ⎠⎝ d ⎠⎝ g ⎠⎝ ∅ ⎠⎝ ∅ ⎠
",ABCDEFGHI,ABDEGHJ
N10A.csv,5,KGeoMIP,1.1787109375,0.01600170135498047,"⎛ B ⎞⎛ A,E,G,H,I ⎞⎛ F ⎞⎛ D ⎞⎛ C ⎞
⎝ b ⎠⎝ a,e,g,h,j ⎠⎝ ∅ ⎠⎝ d ⎠⎝ ∅ ⎠
",ABCDEFGHI,ABDEGHJ
N10A.csv,2,KQNodes,0.0009765625,0.1280074119567871,"⎛ A,B,C,E,F,G,H,I ⎞⎛ D ⎞
⎝    a,c,e,g,i    ⎠⎝ ∅ ⎠
",ABCDEFGHI,ACEGI
N10A.csv,2,KGeoMIP,0.0009765625,0.014991998672485352,"⎛ A,B,C,E,F,G,H,I ⎞⎛ D ⎞
⎝    a,c,e,g,i    ⎠⎝ ∅ ⎠
",ABCDEFGHI,ACEGI
N10A.csv,3,KQNodes,0.0126953125,0.12599611282348633,"⎛ A,B,E,F,G,H,I ⎞⎛ C ⎞⎛ D ⎞
⎝   a,c,e,g,i   ⎠⎝ ∅ ⎠⎝ ∅ ⎠
",ABCDEFGHI,ACEGI
N10A.csv,3,KGeoMIP,0.2880859375,0.014999151229858398,"⎛ D ⎞⎛ A,B,C,E,F,H,I ⎞⎛ G ⎞
⎝ ∅ ⎠⎝    a,c,e,i    ⎠⎝ g ⎠
",ABCDEFGHI,ACEGI
N10A.csv,4,KQNodes,0.0283203125,0.12697720527648926,"⎛ A,B,F,G,H,I ⎞⎛ C ⎞⎛ D ⎞⎛ E ⎞
⎝  a,c,e,g,i  ⎠⎝ ∅ ⎠⎝ ∅ ⎠⎝ ∅ ⎠
",ABCDEFGHI,ACEGI
N10A.csv,4,KGeoMIP,0.400390625,0.015000104904174805,"⎛ B ⎞⎛ A,C,H ⎞⎛ D,E,F,I ⎞⎛ G ⎞
⎝ ∅ ⎠⎝  a,c  ⎠⎝   e,i   ⎠⎝ g ⎠
",ABCDEFGHI,ACEGI
N10A.csv,5,KQNodes,0.0478515625,0.11899948120117188,"⎛ A,F,G,H,I ⎞⎛ B ⎞⎛ C ⎞⎛ D ⎞⎛ E ⎞
⎝ a,c,e,g,i ⎠⎝ ∅ ⎠⎝ ∅ ⎠⎝ ∅ ⎠⎝ ∅ ⎠
",ABCDEFGHI,ACEGI
N10A.csv,5,KGeoMIP,0.431640625,0.012000799179077148,"⎛ A ⎞⎛ C ⎞⎛ B,H ⎞⎛ D,E,F,I ⎞⎛ G ⎞
⎝ a ⎠⎝ c ⎠⎝  ∅  ⎠⎝   e,i   ⎠⎝ g ⎠
",ABCDEFGHI,ACEGI
N10A.csv,2,KQNodes,0.330078125,0.1379995346069336,"⎛ A,B,C,G,H,I ⎞⎛ D,E,F ⎞
⎝   b,d,f,h   ⎠⎝   j   ⎠
",ABCDEFGHI,BDFHJ
N10A.csv,2,KGeoMIP,0.01171875,0.019080638885498047,"⎛ A,B,D,E,F,G,H,I ⎞⎛ C ⎞
⎝    b,d,f,h,j    ⎠⎝ ∅ ⎠
",ABCDEFGHI,BDFHJ
N10A.csv,3,KQNodes,0.255859375,0.13692617416381836,"⎛ A,C,G ⎞⎛ B,H,I ⎞⎛ D,E,F ⎞
⎝   b   ⎠⎝ d,f,h ⎠⎝   j   ⎠
",ABCDEFGHI,BDFHJ
N10A.csv,3,KGeoMIP,0.42578125,0.015000343322753906,"⎛ C,F,G,H ⎞⎛ A,D,I ⎞⎛ B,E ⎞
⎝   f,h   ⎠⎝  d,j  ⎠⎝  b  ⎠
",ABCDEFGHI,BDFHJ
N10A.csv,4,KQNodes,0.25390625,0.1360001564025879,"⎛ A,G ⎞⎛ B,H,I ⎞⎛ D,E,F ⎞⎛ C ⎞
⎝  b  ⎠⎝ d,f,h ⎠⎝   j   ⎠⎝ ∅ ⎠
",ABCDEFGHI,BDFHJ
N10A.csv,4,KGeoMIP,0.43359375,0.01499319076538086,"⎛ C,F,G,H ⎞⎛ A,D,I ⎞⎛ B ⎞⎛ E ⎞
⎝   f,h   ⎠⎝  d,j  ⎠⎝ b ⎠⎝ ∅ ⎠
",ABCDEFGHI,BDFHJ
N10A.csv,5,KQNodes,0.2666015625,0.13760066032409668,"⎛ A,G ⎞⎛ B,H,I ⎞⎛ D,E ⎞⎛ C ⎞⎛ F ⎞
⎝  b  ⎠⎝ d,f,h ⎠⎝  j  ⎠⎝ ∅ ⎠⎝ ∅ ⎠
",ABCDEFGHI,BDFHJ
N10A.csv,5,KGeoMIP,0.46484375,0.013185977935791016,"⎛  H  ⎞⎛ C,F,G ⎞⎛ A,D,I ⎞⎛ B ⎞⎛ E ⎞
⎝ h,j ⎠⎝   f   ⎠⎝   d   ⎠⎝ b ⎠⎝ ∅ ⎠
",ABCDEFGHI,BDFHJ
N10A.csv,2,KQNodes,0.51171875,0.3809988498687744,"⎛   B,C,D,E,F,G,I,J   ⎞⎛ H ⎞
⎝ a,b,c,d,e,f,g,h,i,j ⎠⎝ ∅ ⎠
",BCDEFGHIJ,ABCDEFGHIJ
N10A.csv,2,KGeoMIP,0.4697265625,0.048998117446899414,"⎛   B,C,E,F,G,H,I,J   ⎞⎛ D ⎞
⎝ a,b,c,d,e,f,g,h,i,j ⎠⎝ ∅ ⎠
",BCDEFGHIJ,ABCDEFGHIJ
N10A.csv,3,KQNodes,1.02734375,0.3790125846862793,"⎛    B,C,D,F,G,I,J    ⎞⎛ E ⎞⎛ H ⎞
⎝ a,b,c,d,e,f,g,h,i,j ⎠⎝ ∅ ⎠⎝ ∅ ⎠
",BCDEFGHIJ,ABCDEFGHIJ
N10A.csv,3,KGeoMIP,3.84375,0.04199862480163574,"⎛ B,I,J ⎞⎛ ∅ ⎞⎛ C,D,E,F,G,H ⎞
⎝ b,i,j ⎠⎝ a ⎠⎝ c,d,e,f,g,h ⎠
",BCDEFGHIJ,ABCDEFGHIJ
N10A.csv,4,KQNodes,2.02734375,0.3789994716644287,"⎛   B,C,D,F,G,I,J   ⎞⎛ ∅ ⎞⎛ E ⎞⎛ H ⎞
⎝ a,b,c,d,e,g,h,i,j ⎠⎝ f ⎠⎝ ∅ ⎠⎝ ∅ ⎠
",BCDEFGHIJ,ABCDEFGHIJ
N10A.csv,4,KGeoMIP,3.88671875,0.04099082946777344,"⎛ B,J ⎞⎛ I ⎞⎛ ∅ ⎞⎛ C,D,E,F,G,H ⎞
⎝ b,j ⎠⎝ i ⎠⎝ a ⎠⎝ c,d,e,f,g,h ⎠
",BCDEFGHIJ,ABCDEFGHIJ
N10A.csv,5,KQNodes,2.46484375,0.3729994297027588,"⎛   B,C,D,F,G,J   ⎞⎛ ∅ ⎞⎛ I ⎞⎛ E ⎞⎛ H ⎞
⎝ a,b,c,d,e,g,i,j ⎠⎝ f ⎠⎝ h ⎠⎝ ∅ ⎠⎝ ∅ ⎠
",BCDEFGHIJ,ABCDEFGHIJ
N10A.csv,5,KGeoMIP,3.9140625,0.04099726676940918,"⎛ B ⎞⎛ J ⎞⎛ I ⎞⎛ ∅ ⎞⎛ C,D,E,F,G,H ⎞
⎝ b ⎠⎝ j ⎠⎝ i ⎠⎝ a ⎠⎝ c,d,e,f,g,h ⎠
",BCDEFGHIJ,ABCDEFGHIJ
N10A.csv,2,KQNodes,0.0068359375,0.3100001811981201,"⎛  B,C,D,E,G,H,I,J  ⎞⎛ F ⎞
⎝ a,b,c,d,e,f,g,h,i ⎠⎝ ∅ ⎠
",BCDEFGHIJ,ABCDEFGHI
N10A.csv,2,KGeoMIP,0.0068359375,0.03400015830993652,"⎛  B,C,D,E,G,H,I,J  ⎞⎛ F ⎞
⎝ a,b,c,d,e,f,g,h,i ⎠⎝ ∅ ⎠
",BCDEFGHIJ,ABCDEFGHI
N10A.csv,3,KQNodes,0.0185546875,0.31568002700805664,"⎛   C,D,E,G,H,I,J   ⎞⎛ B ⎞⎛ F ⎞
⎝ a,b,c,d,e,f,g,h,i ⎠⎝ ∅ ⎠⎝ ∅ ⎠
",BCDEFGHIJ,ABCDEFGHI
N10A.csv,3,KGeoMIP,2.169921875,0.030002355575561523,"⎛ G ⎞⎛ E,F,J ⎞⎛ B,C,D,H,I ⎞
⎝ g ⎠⎝ a,e,f ⎠⎝ b,c,d,h,i ⎠
",BCDEFGHIJ,ABCDEFGHI
N10A.csv,4,KQNodes,0.0341796875,0.3099963665008545,"⎛    C,D,G,H,I,J    ⎞⎛ B ⎞⎛ E ⎞⎛ F ⎞
⎝ a,b,c,d,e,f,g,h,i ⎠⎝ ∅ ⎠⎝ ∅ ⎠⎝ ∅ ⎠
",BCDEFGHIJ,ABCDEFGHI
N10A.csv,4,KGeoMIP,2.390625,0.027000904083251953,"⎛ B ⎞⎛ E,F,J ⎞⎛ C,D,I ⎞⎛ G,H ⎞
⎝ b ⎠⎝ a,e,f ⎠⎝ c,d,i ⎠⎝ g,h ⎠
",BCDEFGHIJ,ABCDEFGHI
N10A.csv,5,KQNodes,0.0537109375,0.30359363555908203,"⎛     D,G,H,I,J     ⎞⎛ B ⎞⎛ C ⎞⎛ E ⎞⎛ F ⎞
⎝ a,b,c,d,e,f,g,h,i ⎠⎝ ∅ ⎠⎝ ∅ ⎠⎝ ∅ ⎠⎝ ∅ ⎠
",BCDEFGHIJ,ABCDEFGHI
N10A.csv,5,KGeoMIP,2.4140625,0.0159761905670166,"⎛ B ⎞⎛ E,F,J ⎞⎛ C,D,I ⎞⎛ H ⎞⎛ G ⎞
⎝ b ⎠⎝ a,e,f ⎠⎝ c,d,i ⎠⎝ h ⎠⎝ g ⎠
",BCDEFGHIJ,ABCDEFGHI
N10A.csv,2,KQNodes,0.005859375,0.3006563186645508,"⎛  B,C,D,E,F,G,H,I  ⎞⎛ J ⎞
⎝ b,c,d,e,f,g,h,i,j ⎠⎝ ∅ ⎠
",BCDEFGHIJ,BCDEFGHIJ
N10A.csv,2,KGeoMIP,0.005859375,0.03205537796020508,"⎛  B,C,D,E,F,G,H,I  ⎞⎛ J ⎞
⎝ b,c,d,e,f,g,h,i,j ⎠⎝ ∅ ⎠
",BCDEFGHIJ,BCDEFGHIJ
N10A.csv,3,KQNodes,0.021484375,0.30266475677490234,"⎛   B,C,D,F,G,H,I   ⎞⎛ E ⎞⎛ J ⎞
⎝ b,c,d,e,f,g,h,i,j ⎠⎝ ∅ ⎠⎝ ∅ ⎠
",BCDEFGHIJ,BCDEFGHIJ
N10A.csv,3,KGeoMIP,1.8984375,0.03172898292541504,"⎛ H ⎞⎛ E ⎞⎛ B,C,D,F,G,I,J ⎞
⎝ h ⎠⎝ e ⎠⎝ b,c,d,f,g,i,j ⎠
",BCDEFGHIJ,BCDEFGHIJ
N10A.csv,4,KQNodes,0.041015625,0.3017921447753906,"⎛    B,D,F,G,H,I    ⎞⎛ C ⎞⎛ E ⎞⎛ J ⎞
⎝ b,c,d,e,f,g,h,i,j ⎠⎝ ∅ ⎠⎝ ∅ ⎠⎝ ∅ ⎠
",BCDEFGHIJ,BCDEFGHIJ
N10A.csv,4,KGeoMIP,1.9375,0.015743255615234375,"⎛ E ⎞⎛ B,C,D,I,J ⎞⎛ F,H ⎞⎛ G ⎞
⎝ e ⎠⎝ b,c,d,i,j ⎠⎝ f,h ⎠⎝ g ⎠
",BCDEFGHIJ,BCDEFGHIJ
N10A.csv,5,KQNodes,0.529296875,0.3219900131225586,"⎛     D,F,G,H,I     ⎞⎛ B ⎞⎛ C ⎞⎛ E ⎞⎛ J ⎞
⎝ b,c,d,e,f,g,h,i,j ⎠⎝ ∅ ⎠⎝ ∅ ⎠⎝ ∅ ⎠⎝ ∅ ⎠
",BCDEFGHIJ,BCDEFGHIJ
N10A.csv,5,KGeoMIP,1.98046875,0.024466991424560547,"⎛ C ⎞⎛ E ⎞⎛ B,D,I,J ⎞⎛ F,H ⎞⎛ G ⎞
⎝ c ⎠⎝ e ⎠⎝ b,d,i,j ⎠⎝ f,h ⎠⎝ g ⎠
",BCDEFGHIJ,BCDEFGHIJ
N10A.csv,2,KQNodes,0.005859375,0.2386302947998047,"⎛ B,C,D,E,F,G,H,I ⎞⎛ J ⎞
⎝ b,c,d,e,f,g,h,i ⎠⎝ ∅ ⎠
",BCDEFGHIJ,BCDEFGHI
N10A.csv,2,KGeoMIP,0.005859375,0.0162045955657959,"⎛ B,C,D,E,F,G,H,I ⎞⎛ J ⎞
⎝ b,c,d,e,f,g,h,i ⎠⎝ ∅ ⎠
",BCDEFGHIJ,BCDEFGHI
N10A.csv,3,KQNodes,0.021484375,0.23820877075195312,"⎛  B,C,D,F,G,H,I  ⎞⎛ E ⎞⎛ J ⎞
⎝ b,c,d,e,f,g,h,i ⎠⎝ ∅ ⎠⎝ ∅ ⎠
",BCDEFGHIJ,BCDEFGHI
N10A.csv,3,KGeoMIP,1.287109375,0.01573491096496582,"⎛ J ⎞⎛ B,C,D,E,F,I ⎞⎛ G,H ⎞
⎝ ∅ ⎠⎝ b,c,d,e,f,i ⎠⎝ g,h ⎠
",BCDEFGHIJ,BCDEFGHI
N10A.csv,4,KQNodes,0.0517578125,0.2654447555541992,"⎛   B,C,F,G,H,I   ⎞⎛ D ⎞⎛ E ⎞⎛ J ⎞
⎝ b,c,d,e,f,g,h,i ⎠⎝ ∅ ⎠⎝ ∅ ⎠⎝ ∅ ⎠
",BCDEFGHIJ,BCDEFGHI
N10A.csv,4,KGeoMIP,1.310546875,0.015172243118286133,"⎛ J ⎞⎛ B,C,D,E,F,I ⎞⎛ H ⎞⎛ G ⎞
⎝ ∅ ⎠⎝ b,c,d,e,f,i ⎠⎝ h ⎠⎝ g ⎠
",BCDEFGHIJ,BCDEFGHI
N10A.csv,5,KQNodes,0.2900390625,0.25963497161865234,"⎛    C,F,G,H,I    ⎞⎛ B ⎞⎛ D ⎞⎛ E ⎞⎛ J ⎞
⎝ b,c,d,e,f,g,h,i ⎠⎝ ∅ ⎠⎝ ∅ ⎠⎝ ∅ ⎠⎝ ∅ ⎠
",BCDEFGHIJ,BCDEFGHI
N10A.csv,5,KGeoMIP,1.765625,0.015868663787841797,"⎛ I ⎞⎛ C,F ⎞⎛ B,D,E,J ⎞⎛ H ⎞⎛ G ⎞
⎝ i ⎠⎝ c,f ⎠⎝  b,d,e  ⎠⎝ h ⎠⎝ g ⎠
",BCDEFGHIJ,BCDEFGHI
N10A.csv,2,KQNodes,0.1298828125,0.21690869331359863,"⎛ B,C,D,E,F,H,I,J ⎞⎛ G ⎞
⎝  a,b,d,e,g,h,j  ⎠⎝ ∅ ⎠
",BCDEFGHIJ,ABDEGHJ
N10A.csv,2,KGeoMIP,0.01171875,0.016062498092651367,"⎛ C,D,E,F,G,H,I,J ⎞⎛ B ⎞
⎝  a,b,d,e,g,h,j  ⎠⎝ ∅ ⎠
",BCDEFGHIJ,ABDEGHJ
N10A.csv,3,KQNodes,0.9384765625,0.22216415405273438,"⎛ B,C,D,E,F,I,J ⎞⎛  H  ⎞⎛ G ⎞
⎝   a,b,e,h,j   ⎠⎝ d,g ⎠⎝ ∅ ⎠
",BCDEFGHIJ,ABDEGHJ
N10A.csv,3,KGeoMIP,1.02734375,0.021692991256713867,"⎛ B ⎞⎛ E,F,G,H,I,J ⎞⎛ C,D ⎞
⎝ b ⎠⎝  a,e,g,h,j  ⎠⎝  d  ⎠
",BCDEFGHIJ,ABDEGHJ
N10A.csv,4,KQNodes,0.9462890625,0.2165677547454834,"⎛ B,C,D,E,F,I,J ⎞⎛ ∅ ⎞⎛ H ⎞⎛ G ⎞
⎝   a,b,e,h,j   ⎠⎝ d ⎠⎝ g ⎠⎝ ∅ ⎠
",BCDEFGHIJ,ABDEGHJ
N10A.csv,4,KGeoMIP,1.1904296875,0.016093969345092773,"⎛ B ⎞⎛ E,G,H,I,J ⎞⎛ F ⎞⎛ C,D ⎞
⎝ b ⎠⎝ a,e,g,h,j ⎠⎝ ∅ ⎠⎝  d  ⎠
",BCDEFGHIJ,ABDEGHJ
N10A.csv,5,KQNodes,0.9580078125,0.20186638832092285,"⎛ C,D,E,F,I,J ⎞⎛ ∅ ⎞⎛ H ⎞⎛ B ⎞⎛ G ⎞
⎝  a,b,e,h,j  ⎠⎝ d ⎠⎝ g ⎠⎝ ∅ ⎠⎝ ∅ ⎠
",BCDEFGHIJ,ABDEGHJ
N10A.csv,5,KGeoMIP,1.2099609375,0.015674352645874023,"⎛ B ⎞⎛ E,G,H,I,J ⎞⎛ F ⎞⎛ D ⎞⎛ C ⎞
⎝ b ⎠⎝ a,e,g,h,j ⎠⎝ ∅ ⎠⎝ d ⎠⎝ ∅ ⎠
",BCDEFGHIJ,ABDEGHJ
N10A.csv,2,KQNodes,0.0009765625,0.12692809104919434,"⎛ B,C,E,F,G,H,I,J ⎞⎛ D ⎞
⎝    a,c,e,g,i    ⎠⎝ ∅ ⎠
",BCDEFGHIJ,ACEGI
N10A.csv,2,KGeoMIP,0.0009765625,0.02648329734802246,"⎛ B,C,E,F,G,H,I,J ⎞⎛ D ⎞
⎝    a,c,e,g,i    ⎠⎝ ∅ ⎠
",BCDEFGHIJ,ACEGI
N10A.csv,3,KQNodes,0.0126953125,0.12281131744384766,"⎛ B,E,F,G,H,I,J ⎞⎛ C ⎞⎛ D ⎞
⎝   a,c,e,g,i   ⎠⎝ ∅ ⎠⎝ ∅ ⎠
",BCDEFGHIJ,ACEGI
N10A.csv,3,KGeoMIP,0.3125,0.0140380859375,"⎛ J ⎞⎛ B,C,D,E,F,H,I ⎞⎛ G ⎞
⎝ ∅ ⎠⎝    a,c,e,i    ⎠⎝ g ⎠
",BCDEFGHIJ,ACEGI
N10A.csv,4,KQNodes,0.0283203125,0.10573053359985352,"⎛ B,F,G,H,I,J ⎞⎛ C ⎞⎛ D ⎞⎛ E ⎞
⎝  a,c,e,g,i  ⎠⎝ ∅ ⎠⎝ ∅ ⎠⎝ ∅ ⎠
",BCDEFGHIJ,ACEGI
N10A.csv,4,KGeoMIP,0.375,0.015880346298217773,"⎛ B,C,H ⎞⎛ D,E,F,I ⎞⎛ J ⎞⎛ G ⎞
⎝  a,c  ⎠⎝   e,i   ⎠⎝ ∅ ⎠⎝ g ⎠
",BCDEFGHIJ,ACEGI
N10A.csv,5,KQNodes,0.0478515625,0.12987017631530762,"⎛ F,G,H,I,J ⎞⎛ B ⎞⎛ C ⎞⎛ D ⎞⎛ E ⎞
⎝ a,c,e,g,i ⎠⎝ ∅ ⎠⎝ ∅ ⎠⎝ ∅ ⎠⎝ ∅ ⎠
",BCDEFGHIJ,ACEGI
N10A.csv,5,KGeoMIP,0.36328125,0.013782739639282227,"⎛ B ⎞⎛ C,H ⎞⎛ D,E,F,I ⎞⎛ J ⎞⎛ G ⎞
⎝ ∅ ⎠⎝ a,c ⎠⎝   e,i   ⎠⎝ ∅ ⎠⎝ g ⎠
",BCDEFGHIJ,ACEGI
N10A.csv,2,KQNodes,0.30078125,0.13506841659545898,"⎛ C,D,E,F,G ⎞⎛ B,H,I,J ⎞
⎝    b,j    ⎠⎝  d,f,h  ⎠
",BCDEFGHIJ,BDFHJ
N10A.csv,2,KGeoMIP,0.01171875,0.0157778263092041,"⎛ B,D,E,F,G,H,I,J ⎞⎛ C ⎞
⎝    b,d,f,h,j    ⎠⎝ ∅ ⎠
",BCDEFGHIJ,BDFHJ
N10A.csv,3,KQNodes,0.197265625,0.13406682014465332,"⎛ C,G ⎞⎛ B,H,I,J ⎞⎛ D,E,F ⎞
⎝  b  ⎠⎝  d,f,h  ⎠⎝   j   ⎠
",BCDEFGHIJ,BDFHJ
N10A.csv,3,KGeoMIP,0.36328125,0.013517379760742188,"⎛ C ⎞⎛ D,F,G,H,I,J ⎞⎛ B,E ⎞
⎝ ∅ ⎠⎝   d,f,h,j   ⎠⎝  b  ⎠
",BCDEFGHIJ,BDFHJ
N10A.csv,4,KQNodes,0.1953125,0.12892413139343262,"⎛ G ⎞⎛ B,H,I,J ⎞⎛ D,E,F ⎞⎛ C ⎞
⎝ b ⎠⎝  d,f,h  ⎠⎝   j   ⎠⎝ ∅ ⎠
",BCDEFGHIJ,BDFHJ
N10A.csv,4,KGeoMIP,0.421875,0.016141653060913086,"⎛ I ⎞⎛ C,F,G,H ⎞⎛ D,J ⎞⎛ B,E ⎞
⎝ ∅ ⎠⎝   f,h   ⎠⎝ d,j ⎠⎝  b  ⎠
",BCDEFGHIJ,BDFHJ
N10A.csv,5,KQNodes,0.2080078125,0.10992884635925293,"⎛ G ⎞⎛ B,H,I,J ⎞⎛ D,E ⎞⎛ C ⎞⎛ F ⎞
⎝ b ⎠⎝  d,f,h  ⎠⎝  j  ⎠⎝ ∅ ⎠⎝ ∅ ⎠
",BCDEFGHIJ,BDFHJ
N10A.csv,5,KGeoMIP,0.4296875,0.0,"⎛ C,F,G,H ⎞⎛ I ⎞⎛ D,J ⎞⎛ B ⎞⎛ E ⎞
⎝   f,h   ⎠⎝ ∅ ⎠⎝ d,j ⎠⎝ b ⎠⎝ ∅ ⎠
",BCDEFGHIJ,BDFHJ
N10A.csv,2,KQNodes,0.51171875,0.2948126792907715,"⎛    B,C,D,E,F,G,I    ⎞⎛ H ⎞
⎝ a,b,c,d,e,f,g,h,i,j ⎠⎝ ∅ ⎠
",BCDEFGHI,ABCDEFGHIJ
N10A.csv,2,KGeoMIP,0.4697265625,0.04797101020812988,"⎛    B,C,E,F,G,H,I    ⎞⎛ D ⎞
⎝ a,b,c,d,e,f,g,h,i,j ⎠⎝ ∅ ⎠
",BCDEFGHI,ABCDEFGHIJ
N10A.csv,3,KQNodes,1.02734375,0.30306553840637207,"⎛     B,C,D,F,G,I     ⎞⎛ E ⎞⎛ H ⎞
⎝ a,b,c,d,e,f,g,h,i,j ⎠⎝ ∅ ⎠⎝ ∅ ⎠
",BCDEFGHI,ABCDEFGHIJ
N10A.csv,3,KGeoMIP,3.36328125,0.04814720153808594,"⎛   B   ⎞⎛ I ⎞⎛ C,D,E,F,G,H ⎞
⎝ a,b,j ⎠⎝ i ⎠⎝ c,d,e,f,g,h ⎠
",BCDEFGHI,ABCDEFGHIJ
N10A.csv,4,KQNodes,2.02734375,0.3018229007720947,"⎛    B,C,D,F,G,I    ⎞⎛ ∅ ⎞⎛ E ⎞⎛ H ⎞
⎝ a,b,c,d,e,g,h,i,j ⎠⎝ f ⎠⎝ ∅ ⎠⎝ ∅ ⎠
",BCDEFGHI,ABCDEFGHIJ
N10A.csv,4,KGeoMIP,3.41796875,0.041758060455322266,"⎛ B ⎞⎛ I ⎞⎛  ∅  ⎞⎛ C,D,E,F,G,H ⎞
⎝ b ⎠⎝ i ⎠⎝ a,j ⎠⎝ c,d,e,f,g,h ⎠
",BCDEFGHI,ABCDEFGHIJ
N10A.csv,5,KQNodes,2.46484375,0.2864344120025635,"⎛    B,C,D,F,G    ⎞⎛ ∅ ⎞⎛ I ⎞⎛ E ⎞⎛ H ⎞
⎝ a,b,c,d,e,g,i,j ⎠⎝ f ⎠⎝ h ⎠⎝ ∅ ⎠⎝ ∅ ⎠
",BCDEFGHI,ABCDEFGHIJ
N10A.csv,5,KGeoMIP,3.740234375,0.03192782402038574,"⎛ G ⎞⎛   B   ⎞⎛ I ⎞⎛ F,H ⎞⎛ C,D,E ⎞
⎝ g ⎠⎝ a,b,j ⎠⎝ i ⎠⎝ f,h ⎠⎝ c,d,e ⎠
",BCDEFGHI,ABCDEFGHIJ
N10A.csv,2,KQNodes,0.0068359375,0.2479245662689209,"⎛   B,C,D,E,G,H,I   ⎞⎛ F ⎞
⎝ a,b,c,d,e,f,g,h,i ⎠⎝ ∅ ⎠
",BCDEFGHI,ABCDEFGHI
N10A.csv,2,KGeoMIP,0.0068359375,0.03155326843261719,"⎛   B,C,D,E,G,H,I   ⎞⎛ F ⎞
⎝ a,b,c,d,e,f,g,h,i ⎠⎝ ∅ ⎠
",BCDEFGHI,ABCDEFGHI
N10A.csv,3,KQNodes,0.0185546875,0.24910545349121094,"⎛    C,D,E,G,H,I    ⎞⎛ B ⎞⎛ F ⎞
⎝ a,b,c,d,e,f,g,h,i ⎠⎝ ∅ ⎠⎝ ∅ ⎠
",BCDEFGHI,ABCDEFGHI
N10A.csv,3,KGeoMIP,1.720703125,0.027812719345092773,"⎛ E ⎞⎛  F  ⎞⎛ B,C,D,G,H,I ⎞
⎝ e ⎠⎝ a,f ⎠⎝ b,c,d,g,h,i ⎠
",BCDEFGHI,ABCDEFGHI
N10A.csv,4,KQNodes,0.0341796875,0.2292766571044922,"⎛     C,D,G,H,I     ⎞⎛ B ⎞⎛ E ⎞⎛ F ⎞
⎝ a,b,c,d,e,f,g,h,i ⎠⎝ ∅ ⎠⎝ ∅ ⎠⎝ ∅ ⎠
",BCDEFGHI,ABCDEFGHI
N10A.csv,4,KGeoMIP,1.939453125,0.028246164321899414,"⎛ E ⎞⎛  F  ⎞⎛ B,C,D,I ⎞⎛ G,H ⎞
⎝ e ⎠⎝ a,f ⎠⎝ b,c,d,i ⎠⎝ g,h ⎠
",BCDEFGHI,ABCDEFGHI
N10A.csv,5,KQNodes,0.0537109375,0.22438478469848633,"⎛      D,G,H,I      ⎞⎛ B ⎞⎛ C ⎞⎛ E ⎞⎛ F ⎞
⎝ a,b,c,d,e,f,g,h,i ⎠⎝ ∅ ⎠⎝ ∅ ⎠⎝ ∅ ⎠⎝ ∅ ⎠
",BCDEFGHI,ABCDEFGHI
N10A.csv,5,KGeoMIP,1.962890625,0.021320581436157227,"⎛ E ⎞⎛  F  ⎞⎛ B,C,D,I ⎞⎛ H ⎞⎛ G ⎞
⎝ e ⎠⎝ a,f ⎠⎝ b,c,d,i ⎠⎝ h ⎠⎝ g ⎠
",BCDEFGHI,ABCDEFGHI
N10A.csv,2,KQNodes,0.015625,0.2363433837890625,"⎛   B,C,D,F,G,H,I   ⎞⎛ E ⎞
⎝ b,c,d,e,f,g,h,i,j ⎠⎝ ∅ ⎠
",BCDEFGHI,BCDEFGHIJ
N10A.csv,2,KGeoMIP,0.015625,0.03422260284423828,"⎛   B,C,D,F,G,H,I   ⎞⎛ E ⎞
⎝ b,c,d,e,f,g,h,i,j ⎠⎝ ∅ ⎠
",BCDEFGHI,BCDEFGHIJ
N10A.csv,3,KQNodes,0.03515625,0.23624658584594727,"⎛    B,D,F,G,H,I    ⎞⎛ C ⎞⎛ E ⎞
⎝ b,c,d,e,f,g,h,i,j ⎠⎝ ∅ ⎠⎝ ∅ ⎠
",BCDEFGHI,BCDEFGHIJ
N10A.csv,3,KGeoMIP,1.896484375,0.032059669494628906,"⎛ E ⎞⎛ ∅ ⎞⎛ B,C,D,F,G,H,I ⎞
⎝ e ⎠⎝ j ⎠⎝ b,c,d,f,g,h,i ⎠
",BCDEFGHI,BCDEFGHIJ
N10A.csv,4,KQNodes,0.5234375,0.2420663833618164,"⎛     D,F,G,H,I     ⎞⎛ B ⎞⎛ C ⎞⎛ E ⎞
⎝ b,c,d,e,f,g,h,i,j ⎠⎝ ∅ ⎠⎝ ∅ ⎠⎝ ∅ ⎠
",BCDEFGHI,BCDEFGHIJ
N10A.csv,4,KGeoMIP,1.96875,0.030539512634277344,"⎛ B ⎞⎛  E  ⎞⎛ C,D,I ⎞⎛ F,G,H ⎞
⎝ b ⎠⎝ e,j ⎠⎝ c,d,i ⎠⎝ f,g,h ⎠
",BCDEFGHI,BCDEFGHIJ
N10A.csv,5,KQNodes,0.775390625,0.23529934883117676,"⎛     F,G,H,I     ⎞⎛ D ⎞⎛ B ⎞⎛ C ⎞⎛ E ⎞
⎝ b,c,d,e,f,g,h,i ⎠⎝ j ⎠⎝ ∅ ⎠⎝ ∅ ⎠⎝ ∅ ⎠
",BCDEFGHI,BCDEFGHIJ
N10A.csv,5,KGeoMIP,1.982421875,0.023795604705810547,"⎛ C ⎞⎛  E  ⎞⎛ B,D,I ⎞⎛ F,H ⎞⎛ G ⎞
⎝ c ⎠⎝ e,j ⎠⎝ b,d,i ⎠⎝ f,h ⎠⎝ g ⎠
",BCDEFGHI,BCDEFGHIJ
N10A.csv,2,KQNodes,0.015625,0.19343948364257812,"⎛  B,C,D,F,G,H,I  ⎞⎛ E ⎞
⎝ b,c,d,e,f,g,h,i ⎠⎝ ∅ ⎠
",BCDEFGHI,BCDEFGHI
N10A.csv,2,KGeoMIP,0.015625,0.015781164169311523,"⎛  B,C,D,F,G,H,I  ⎞⎛ E ⎞
⎝ b,c,d,e,f,g,h,i ⎠⎝ ∅ ⎠
",BCDEFGHI,BCDEFGHI
N10A.csv,3,KQNodes,0.0458984375,0.1912381649017334,"⎛   B,C,F,G,H,I   ⎞⎛ D ⎞⎛ E ⎞
⎝ b,c,d,e,f,g,h,i ⎠⎝ ∅ ⎠⎝ ∅ ⎠
",BCDEFGHI,BCDEFGHI
N10A.csv,3,KGeoMIP,1.3046875,0.015783071517944336,"⎛ B,C,D,E,F,I ⎞⎛ H ⎞⎛ G ⎞
⎝ b,c,d,e,f,i ⎠⎝ h ⎠⎝ g ⎠
",BCDEFGHI,BCDEFGHI
N10A.csv,4,KQNodes,0.2841796875,0.17624497413635254,"⎛    C,F,G,H,I    ⎞⎛ B ⎞⎛ D ⎞⎛ E ⎞
⎝ b,c,d,e,f,g,h,i ⎠⎝ ∅ ⎠⎝ ∅ ⎠⎝ ∅ ⎠
",BCDEFGHI,BCDEFGHI
N10A.csv,4,KGeoMIP,1.462890625,0.03168797492980957,"⎛ F ⎞⎛ B,C,D,E,I ⎞⎛ H ⎞⎛ G ⎞
⎝ f ⎠⎝ b,c,d,e,i ⎠⎝ h ⎠⎝ g ⎠
",BCDEFGHI,BCDEFGHI
N10A.csv,5,KQNodes,1.2841796875,0.18091440200805664,"⎛   C,F,G,H,I   ⎞⎛ ∅ ⎞⎛ B ⎞⎛ D ⎞⎛ E ⎞
⎝ b,c,e,f,g,h,i ⎠⎝ d ⎠⎝ ∅ ⎠⎝ ∅ ⎠⎝ ∅ ⎠
",BCDEFGHI,BCDEFGHI
N10A.csv,5,KGeoMIP,1.75,0.01778388023376465,"⎛ I ⎞⎛ C,F ⎞⎛ B,D,E ⎞⎛ H ⎞⎛ G ⎞
⎝ i ⎠⎝ c,f ⎠⎝ b,d,e ⎠⎝ h ⎠⎝ g ⎠
",BCDEFGHI,BCDEFGHI
N10A.csv,2,KQNodes,0.1298828125,0.16190099716186523,"⎛ B,C,D,E,F,H,I ⎞⎛ G ⎞
⎝ a,b,d,e,g,h,j ⎠⎝ ∅ ⎠
",BCDEFGHI,ABDEGHJ
N10A.csv,2,KGeoMIP,0.01171875,0.015781879425048828,"⎛ C,D,E,F,G,H,I ⎞⎛ B ⎞
⎝ a,b,d,e,g,h,j ⎠⎝ ∅ ⎠
",BCDEFGHI,ABDEGHJ
N10A.csv,3,KQNodes,0.8759765625,0.1591019630432129,"⎛ B,C,D,E,F,I ⎞⎛  H  ⎞⎛ G ⎞
⎝  a,b,e,h,j  ⎠⎝ d,g ⎠⎝ ∅ ⎠
",BCDEFGHI,ABDEGHJ
N10A.csv,3,KGeoMIP,0.96484375,0.015781402587890625,"⎛ B ⎞⎛ E,F,G,H,I ⎞⎛ C,D ⎞
⎝ b ⎠⎝ a,e,g,h,j ⎠⎝  d  ⎠
",BCDEFGHI,ABDEGHJ
N10A.csv,4,KQNodes,0.8837890625,0.1585826873779297,"⎛ B,C,D,E,F,I ⎞⎛ ∅ ⎞⎛ H ⎞⎛ G ⎞
⎝  a,b,e,h,j  ⎠⎝ d ⎠⎝ g ⎠⎝ ∅ ⎠
",BCDEFGHI,ABDEGHJ
N10A.csv,4,KGeoMIP,1.1279296875,0.015781402587890625,"⎛ B ⎞⎛  E,G,H,I  ⎞⎛ F ⎞⎛ C,D ⎞
⎝ b ⎠⎝ a,e,g,h,j ⎠⎝ ∅ ⎠⎝  d  ⎠
",BCDEFGHI,ABDEGHJ
N10A.csv,5,KQNodes,0.8955078125,0.15387654304504395,"⎛ C,D,E,F,I ⎞⎛ ∅ ⎞⎛ H ⎞⎛ B ⎞⎛ G ⎞
⎝ a,b,e,h,j ⎠⎝ d ⎠⎝ g ⎠⎝ ∅ ⎠⎝ ∅ ⎠
",BCDEFGHI,ABDEGHJ
N10A.csv,5,KGeoMIP,1.1474609375,0.013516902923583984,"⎛ B ⎞⎛  E,G,H,I  ⎞⎛ F ⎞⎛ D ⎞⎛ C ⎞
⎝ b ⎠⎝ a,e,g,h,j ⎠⎝ ∅ ⎠⎝ d ⎠⎝ ∅ ⎠
",BCDEFGHI,ABDEGHJ
N10A.csv,2,KQNodes,0.0009765625,0.09282803535461426,"⎛ B,C,E,F,G,H,I ⎞⎛ D ⎞
⎝   a,c,e,g,i   ⎠⎝ ∅ ⎠
",BCDEFGHI,ACEGI
N10A.csv,2,KGeoMIP,0.0009765625,0.011773347854614258,"⎛ B,C,E,F,G,H,I ⎞⎛ D ⎞
⎝   a,c,e,g,i   ⎠⎝ ∅ ⎠
",BCDEFGHI,ACEGI
N10A.csv,3,KQNodes,0.0126953125,0.09257054328918457,"⎛ B,E,F,G,H,I ⎞⎛ C ⎞⎛ D ⎞
⎝  a,c,e,g,i  ⎠⎝ ∅ ⎠⎝ ∅ ⎠
",BCDEFGHI,ACEGI
N10A.csv,3,KGeoMIP,0.2568359375,0.013778448104858398,"⎛ D ⎞⎛ B,C,E,F,H,I ⎞⎛ G ⎞
⎝ ∅ ⎠⎝   a,c,e,i   ⎠⎝ g ⎠
",BCDEFGHI,ACEGI
N10A.csv,4,KQNodes,0.0283203125,0.08882546424865723,"⎛ B,F,G,H,I ⎞⎛ C ⎞⎛ D ⎞⎛ E ⎞
⎝ a,c,e,g,i ⎠⎝ ∅ ⎠⎝ ∅ ⎠⎝ ∅ ⎠
",BCDEFGHI,ACEGI
N10A.csv,4,KGeoMIP,0.306640625,0.012035369873046875,"⎛ B ⎞⎛ C,H ⎞⎛ D,E,F,I ⎞⎛ G ⎞
⎝ ∅ ⎠⎝ a,c ⎠⎝   e,i   ⎠⎝ g ⎠
",BCDEFGHI,ACEGI
N10A.csv,5,KQNodes,0.0478515625,0.08245348930358887,"⎛  F,G,H,I  ⎞⎛ B ⎞⎛ C ⎞⎛ D ⎞⎛ E ⎞
⎝ a,c,e,g,i ⎠⎝ ∅ ⎠⎝ ∅ ⎠⎝ ∅ ⎠⎝ ∅ ⎠
",BCDEFGHI,ACEGI
N10A.csv,5,KGeoMIP,0.341796875,0.015830278396606445,"⎛ I ⎞⎛ B,C,H ⎞⎛ E ⎞⎛ D,F ⎞⎛ G ⎞
⎝ i ⎠⎝  a,c  ⎠⎝ e ⎠⎝  ∅  ⎠⎝ g ⎠
",BCDEFGHI,ACEGI
N10A.csv,2,KQNodes,0.29296875,0.1110382080078125,"⎛ C,D,E,F,G ⎞⎛ B,H,I ⎞
⎝    b,j    ⎠⎝ d,f,h ⎠
",BCDEFGHI,BDFHJ
N10A.csv,2,KGeoMIP,0.01171875,0.0,"⎛ B,D,E,F,G,H,I ⎞⎛ C ⎞
⎝   b,d,f,h,j   ⎠⎝ ∅ ⎠
",BCDEFGHI,BDFHJ
N10A.csv,3,KQNodes,0.189453125,0.11263418197631836,"⎛ C,G ⎞⎛ B,H,I ⎞⎛ D,E,F ⎞
⎝  b  ⎠⎝ d,f,h ⎠⎝   j   ⎠
",BCDEFGHI,BDFHJ
N10A.csv,3,KGeoMIP,0.3671875,0.0,"⎛  H  ⎞⎛ C,D,F,G,I ⎞⎛ B,E ⎞
⎝ h,j ⎠⎝    d,f    ⎠⎝  b  ⎠
",BCDEFGHI,BDFHJ
N10A.csv,4,KQNodes,0.1875,0.11179685592651367,"⎛ G ⎞⎛ B,H,I ⎞⎛ D,E,F ⎞⎛ C ⎞
⎝ b ⎠⎝ d,f,h ⎠⎝   j   ⎠⎝ ∅ ⎠
",BCDEFGHI,BDFHJ
N10A.csv,4,KGeoMIP,0.38671875,0.0,"⎛  H  ⎞⎛ C,F,G ⎞⎛ D,I ⎞⎛ B,E ⎞
⎝ h,j ⎠⎝   f   ⎠⎝  d  ⎠⎝  b  ⎠
",BCDEFGHI,BDFHJ
N10A.csv,5,KQNodes,0.2001953125,0.09594488143920898,"⎛ G ⎞⎛ B,H,I ⎞⎛ D,E ⎞⎛ C ⎞⎛ F ⎞
⎝ b ⎠⎝ d,f,h ⎠⎝  j  ⎠⎝ ∅ ⎠⎝ ∅ ⎠
",BCDEFGHI,BDFHJ
N10A.csv,5,KGeoMIP,0.39453125,0.016071081161499023,"⎛  H  ⎞⎛ C,F,G ⎞⎛ D,I ⎞⎛ B ⎞⎛ E ⎞
⎝ h,j ⎠⎝   f   ⎠⎝  d  ⎠⎝ b ⎠⎝ ∅ ⎠
",BCDEFGHI,BDFHJ
N10A.csv,2,KQNodes,0.51171875,0.22455143928527832,"⎛     A,B,D,E,G,J     ⎞⎛ H ⎞
⎝ a,b,c,d,e,f,g,h,i,j ⎠⎝ ∅ ⎠
",ABDEGHJ,ABCDEFGHIJ
N10A.csv,2,KGeoMIP,0.4697265625,0.04764080047607422,"⎛     A,B,E,G,H,J     ⎞⎛ D ⎞
⎝ a,b,c,d,e,f,g,h,i,j ⎠⎝ ∅ ⎠
",ABDEGHJ,ABCDEFGHIJ
N10A.csv,3,KQNodes,1.453125,0.2557063102722168,"⎛     A,B,E,G,J     ⎞⎛ D ⎞⎛ H ⎞
⎝ a,b,c,e,f,g,h,i,j ⎠⎝ d ⎠⎝ ∅ ⎠
",ABDEGHJ,ABCDEFGHIJ
N10A.csv,3,KGeoMIP,3.302734375,0.035820722579956055,"⎛ E ⎞⎛    A,B,J    ⎞⎛ D,G,H ⎞
⎝ e ⎠⎝ a,b,c,f,i,j ⎠⎝ d,g,h ⎠
",ABDEGHJ,ABCDEFGHIJ
N10A.csv,4,KQNodes,1.953125,0.23538756370544434,"⎛    A,B,E,G,J    ⎞⎛ D ⎞⎛ ∅ ⎞⎛ H ⎞
⎝ a,b,c,e,f,g,i,j ⎠⎝ d ⎠⎝ h ⎠⎝ ∅ ⎠
",ABDEGHJ,ABCDEFGHIJ
N10A.csv,4,KGeoMIP,3.408203125,0.03158926963806152,"⎛ E ⎞⎛    B    ⎞⎛ A,J ⎞⎛ D,G,H ⎞
⎝ e ⎠⎝ b,c,f,i ⎠⎝ a,j ⎠⎝ d,g,h ⎠
",ABDEGHJ,ABCDEFGHIJ
N10A.csv,5,KQNodes,2.328125,0.24496221542358398,"⎛ ∅ ⎞⎛   A,B,E,G,J   ⎞⎛ D ⎞⎛ ∅ ⎞⎛ H ⎞
⎝ a ⎠⎝ b,c,e,f,g,i,j ⎠⎝ d ⎠⎝ h ⎠⎝ ∅ ⎠
",ABDEGHJ,ABCDEFGHIJ
N10A.csv,5,KGeoMIP,3.443359375,0.03354048728942871,"⎛ A ⎞⎛    B    ⎞⎛ J ⎞⎛ H ⎞⎛ D,E,G ⎞
⎝ a ⎠⎝ b,c,f,i ⎠⎝ j ⎠⎝ h ⎠⎝ d,e,g ⎠
",ABDEGHJ,ABCDEFGHIJ
N10A.csv,2,KQNodes,0.01171875,0.19204020500183105,"⎛    A,D,E,G,H,J    ⎞⎛ B ⎞
⎝ a,b,c,d,e,f,g,h,i ⎠⎝ ∅ ⎠
",ABDEGHJ,ABCDEFGHI
N10A.csv,2,KGeoMIP,0.01171875,0.0156710147857666,"⎛    A,D,E,G,H,J    ⎞⎛ B ⎞
⎝ a,b,c,d,e,f,g,h,i ⎠⎝ ∅ ⎠
",ABDEGHJ,ABCDEFGHI
N10A.csv,3,KQNodes,0.02734375,0.1881394386291504,"⎛     A,D,G,H,J     ⎞⎛ B ⎞⎛ E ⎞
⎝ a,b,c,d,e,f,g,h,i ⎠⎝ ∅ ⎠⎝ ∅ ⎠
",ABDEGHJ,ABCDEFGHI
N10A.csv,3,KGeoMIP,2.2421875,0.03172802925109863,"⎛ H ⎞⎛   A,B,D,E,J   ⎞⎛ G ⎞
⎝ h ⎠⎝ a,b,c,d,e,f,i ⎠⎝ g ⎠
",ABDEGHJ,ABCDEFGHI
N10A.csv,4,KQNodes,0.5390625,0.19002652168273926,"⎛      A,D,G,J      ⎞⎛ B ⎞⎛ E ⎞⎛ H ⎞
⎝ a,b,c,d,e,f,g,h,i ⎠⎝ ∅ ⎠⎝ ∅ ⎠⎝ ∅ ⎠
",ABDEGHJ,ABCDEFGHI
N10A.csv,4,KGeoMIP,2.38671875,0.027657032012939453,"⎛ A ⎞⎛   E,J   ⎞⎛ B,D ⎞⎛ G,H ⎞
⎝ a ⎠⎝ c,e,f,i ⎠⎝ b,d ⎠⎝ g,h ⎠
",ABDEGHJ,ABCDEFGHI
N10A.csv,5,KQNodes,0.7890625,0.18331074714660645,"⎛     A,D,G,J     ⎞⎛ ∅ ⎞⎛ B ⎞⎛ E ⎞⎛ H ⎞
⎝ a,b,c,d,e,f,g,i ⎠⎝ h ⎠⎝ ∅ ⎠⎝ ∅ ⎠⎝ ∅ ⎠
",ABDEGHJ,ABCDEFGHI
N10A.csv,5,KGeoMIP,2.400390625,0.02326679229736328,"⎛ E,J ⎞⎛    A,B    ⎞⎛ D ⎞⎛ H ⎞⎛ G ⎞
⎝  e  ⎠⎝ a,b,c,f,i ⎠⎝ d ⎠⎝ h ⎠⎝ g ⎠
",ABDEGHJ,ABCDEFGHI
N10A.csv,2,KQNodes,0.005859375,0.17966413497924805,"⎛    A,B,D,E,G,H    ⎞⎛ J ⎞
⎝ b,c,d,e,f,g,h,i,j ⎠⎝ ∅ ⎠
",ABDEGHJ,BCDEFGHIJ
N10A.csv,2,KGeoMIP,0.005859375,0.02527308464050293,"⎛    A,B,D,E,G,H    ⎞⎛ J ⎞
⎝ b,c,d,e,f,g,h,i,j ⎠⎝ ∅ ⎠
",ABDEGHJ,BCDEFGHIJ
N10A.csv,3,KQNodes,0.021484375,0.1773998737335205,"⎛     A,B,D,G,H     ⎞⎛ E ⎞⎛ J ⎞
⎝ b,c,d,e,f,g,h,i,j ⎠⎝ ∅ ⎠⎝ ∅ ⎠
",ABDEGHJ,BCDEFGHIJ
N10A.csv,3,KGeoMIP,1.61328125,0.02353072166442871,"⎛ J ⎞⎛    E    ⎞⎛ A,B,D,G,H ⎞
⎝ j ⎠⎝ c,e,f,i ⎠⎝  b,d,g,h  ⎠
",ABDEGHJ,BCDEFGHIJ
N10A.csv,4,KQNodes,0.041015625,0.1771547794342041,"⎛      B,D,G,H      ⎞⎛ A ⎞⎛ E ⎞⎛ J ⎞
⎝ b,c,d,e,f,g,h,i,j ⎠⎝ ∅ ⎠⎝ ∅ ⎠⎝ ∅ ⎠
",ABDEGHJ,BCDEFGHIJ
N10A.csv,4,KGeoMIP,1.51171875,0.023529529571533203,"⎛ B ⎞⎛    E    ⎞⎛ A,D,J ⎞⎛ G,H ⎞
⎝ b ⎠⎝ c,e,f,i ⎠⎝  d,j  ⎠⎝ g,h ⎠
",ABDEGHJ,BCDEFGHIJ
N10A.csv,5,KQNodes,0.29296875,0.17512965202331543,"⎛      B,G,H      ⎞⎛ D ⎞⎛ A ⎞⎛ E ⎞⎛ J ⎞
⎝ b,c,d,e,f,g,h,i ⎠⎝ j ⎠⎝ ∅ ⎠⎝ ∅ ⎠⎝ ∅ ⎠
",ABDEGHJ,BCDEFGHIJ
N10A.csv,5,KGeoMIP,1.51953125,0.02178788185119629,"⎛    E    ⎞⎛ D,J ⎞⎛ A,B ⎞⎛ H ⎞⎛ G ⎞
⎝ c,e,f,i ⎠⎝ d,j ⎠⎝  b  ⎠⎝ h ⎠⎝ g ⎠
",ABDEGHJ,BCDEFGHIJ
N10A.csv,2,KQNodes,0.005859375,0.137864351272583,"⎛   A,B,D,E,G,H   ⎞⎛ J ⎞
⎝ b,c,d,e,f,g,h,i ⎠⎝ ∅ ⎠
",ABDEGHJ,BCDEFGHI
N10A.csv,2,KGeoMIP,0.005859375,0.01778411865234375,"⎛   A,B,D,E,G,H   ⎞⎛ J ⎞
⎝ b,c,d,e,f,g,h,i ⎠⎝ ∅ ⎠
",ABDEGHJ,BCDEFGHI
N10A.csv,3,KQNodes,0.021484375,0.1376171112060547,"⎛    A,B,D,G,H    ⎞⎛ E ⎞⎛ J ⎞
⎝ b,c,d,e,f,g,h,i ⎠⎝ ∅ ⎠⎝ ∅ ⎠
",ABDEGHJ,BCDEFGHI
N10A.csv,3,KGeoMIP,1.134765625,0.01778268814086914,"⎛ A ⎞⎛   B,D,E,H,J   ⎞⎛ G ⎞
⎝ ∅ ⎠⎝ b,c,d,e,f,h,i ⎠⎝ g ⎠
",ABDEGHJ,BCDEFGHI
N10A.csv,4,KQNodes,0.041015625,0.13385510444641113,"⎛     B,D,G,H     ⎞⎛ A ⎞⎛ E ⎞⎛ J ⎞
⎝ b,c,d,e,f,g,h,i ⎠⎝ ∅ ⎠⎝ ∅ ⎠⎝ ∅ ⎠
",ABDEGHJ,BCDEFGHI
N10A.csv,4,KGeoMIP,1.26171875,0.015523195266723633,"⎛ A ⎞⎛   B,D,E,J   ⎞⎛ H ⎞⎛ G ⎞
⎝ ∅ ⎠⎝ b,c,d,e,f,i ⎠⎝ h ⎠⎝ g ⎠
",ABDEGHJ,BCDEFGHI
N10A.csv,5,KQNodes,0.0712890625,0.13208746910095215,"⎛      B,G,H      ⎞⎛ A ⎞⎛ D ⎞⎛ E ⎞⎛ J ⎞
⎝ b,c,d,e,f,g,h,i ⎠⎝ ∅ ⎠⎝ ∅ ⎠⎝ ∅ ⎠⎝ ∅ ⎠
",ABDEGHJ,BCDEFGHI
N10A.csv,5,KGeoMIP,1.30859375,0.01551675796508789,"⎛ A ⎞⎛ B,D,E,J ⎞⎛   ∅   ⎞⎛ H ⎞⎛ G ⎞
⎝ ∅ ⎠⎝  b,d,e  ⎠⎝ c,f,i ⎠⎝ h ⎠⎝ g ⎠
",ABDEGHJ,BCDEFGHI
N10A.csv,2,KQNodes,0.01171875,0.11034226417541504,"⎛  A,D,E,G,H,J  ⎞⎛ B ⎞
⎝ a,b,d,e,g,h,j ⎠⎝ ∅ ⎠
",ABDEGHJ,ABDEGHJ
N10A.csv,2,KGeoMIP,0.01171875,0.015782594680786133,"⎛  A,D,E,G,H,J  ⎞⎛ B ⎞
⎝ a,b,d,e,g,h,j ⎠⎝ ∅ ⎠
",ABDEGHJ,ABDEGHJ
N10A.csv,3,KQNodes,0.03125,0.11026692390441895,"⎛   D,E,G,H,J   ⎞⎛ A ⎞⎛ B ⎞
⎝ a,b,d,e,g,h,j ⎠⎝ ∅ ⎠⎝ ∅ ⎠
",ABDEGHJ,ABDEGHJ
N10A.csv,3,KGeoMIP,0.65234375,0.01577615737915039,"⎛ B ⎞⎛ A,E,G,H,J ⎞⎛ D ⎞
⎝ b ⎠⎝ a,e,g,h,j ⎠⎝ d ⎠
",ABDEGHJ,ABDEGHJ
N10A.csv,4,KQNodes,0.59375,0.11176729202270508,"⎛  D,E,G,H,J  ⎞⎛ ∅ ⎞⎛ A ⎞⎛ B ⎞
⎝ a,b,d,e,h,j ⎠⎝ g ⎠⎝ ∅ ⎠⎝ ∅ ⎠
",ABDEGHJ,ABDEGHJ
N10A.csv,4,KGeoMIP,1.0546875,0.015934228897094727,"⎛ A,G ⎞⎛ E,H,J ⎞⎛ B ⎞⎛ D ⎞
⎝ a,g ⎠⎝ e,h,j ⎠⎝ b ⎠⎝ d ⎠
",ABDEGHJ,ABDEGHJ
N10A.csv,5,KQNodes,0.65625,0.10532665252685547,"⎛ D,E,G,H,J ⎞⎛ ∅ ⎞⎛ ∅ ⎞⎛ A ⎞⎛ B ⎞
⎝ a,b,d,e,j ⎠⎝ g ⎠⎝ h ⎠⎝ ∅ ⎠⎝ ∅ ⎠
",ABDEGHJ,ABDEGHJ
N10A.csv,5,KGeoMIP,0.998046875,0.0,"⎛ A ⎞⎛ G ⎞⎛ E,H,J ⎞⎛ B ⎞⎛ D ⎞
⎝ a ⎠⎝ g ⎠⎝ e,h,j ⎠⎝ b ⎠⎝ d ⎠
",ABDEGHJ,ABDEGHJ
N10A.csv,2,KQNodes,0.0009765625,0.0792531967163086,"⎛ A,B,E,G,H,J ⎞⎛ D ⎞
⎝  a,c,e,g,i  ⎠⎝ ∅ ⎠
",ABDEGHJ,ACEGI
N10A.csv,2,KGeoMIP,0.0009765625,0.015696048736572266,"⎛ A,B,E,G,H,J ⎞⎛ D ⎞
⎝  a,c,e,g,i  ⎠⎝ ∅ ⎠
",ABDEGHJ,ACEGI
N10A.csv,3,KQNodes,0.0166015625,0.06387066841125488,"⎛ A,B,G,H,J ⎞⎛ D ⎞⎛ E ⎞
⎝ a,c,e,g,i ⎠⎝ ∅ ⎠⎝ ∅ ⎠
",ABDEGHJ,ACEGI
N10A.csv,3,KGeoMIP,0.263671875,0.016169071197509766,"⎛ E ⎞⎛ A,B,H ⎞⎛ D,G,J ⎞
⎝ e ⎠⎝ a,c,i ⎠⎝   g   ⎠
",ABDEGHJ,ACEGI
N10A.csv,4,KQNodes,0.0361328125,0.0637962818145752,"⎛  A,G,H,J  ⎞⎛ B ⎞⎛ D ⎞⎛ E ⎞
⎝ a,c,e,g,i ⎠⎝ ∅ ⎠⎝ ∅ ⎠⎝ ∅ ⎠
",ABDEGHJ,ACEGI
N10A.csv,4,KGeoMIP,0.2451171875,0.01578378677368164,"⎛ A,B,H ⎞⎛ E ⎞⎛ D,J ⎞⎛ G ⎞
⎝ a,c,i ⎠⎝ e ⎠⎝  ∅  ⎠⎝ g ⎠
",ABDEGHJ,ACEGI
N10A.csv,5,KQNodes,0.0927734375,0.06778430938720703,"⎛   A,G,H   ⎞⎛ B ⎞⎛ D ⎞⎛ E ⎞⎛ J ⎞
⎝ a,c,e,g,i ⎠⎝ ∅ ⎠⎝ ∅ ⎠⎝ ∅ ⎠⎝ ∅ ⎠
",ABDEGHJ,ACEGI
N10A.csv,5,KGeoMIP,0.2451171875,0.009760618209838867,"⎛ A,B,H ⎞⎛ E ⎞⎛ D ⎞⎛ J ⎞⎛ G ⎞
⎝ a,c,i ⎠⎝ e ⎠⎝ ∅ ⎠⎝ ∅ ⎠⎝ g ⎠
",ABDEGHJ,ACEGI
N10A.csv,2,KQNodes,0.21875,0.0660560131072998,"⎛ A,D,E,G ⎞⎛ B,H,J ⎞
⎝   b,j   ⎠⎝ d,f,h ⎠
",ABDEGHJ,BDFHJ
N10A.csv,2,KGeoMIP,0.0263671875,0.023049116134643555,"⎛ A,B,D,E,H,J ⎞⎛ G ⎞
⎝  b,d,f,h,j  ⎠⎝ ∅ ⎠
",ABDEGHJ,BDFHJ
N10A.csv,3,KQNodes,0.19921875,0.07381558418273926,"⎛ A,G ⎞⎛ B,H,J ⎞⎛ D,E ⎞
⎝  b  ⎠⎝ d,f,h ⎠⎝  j  ⎠
",ABDEGHJ,BDFHJ
N10A.csv,3,KGeoMIP,0.265625,0.012033939361572266,"⎛ E ⎞⎛ G,H ⎞⎛ A,B,D,J ⎞
⎝ ∅ ⎠⎝ f,h ⎠⎝  b,d,j  ⎠
",ABDEGHJ,BDFHJ
N10A.csv,4,KQNodes,0.21484375,0.06880712509155273,"⎛ G ⎞⎛ B,H,J ⎞⎛ D,E ⎞⎛ A ⎞
⎝ b ⎠⎝ d,f,h ⎠⎝  j  ⎠⎝ ∅ ⎠
",ABDEGHJ,BDFHJ
N10A.csv,4,KGeoMIP,0.32421875,0.009770870208740234,"⎛ G,H ⎞⎛ A,D,J ⎞⎛ B ⎞⎛ E ⎞
⎝ f,h ⎠⎝  d,j  ⎠⎝ b ⎠⎝ ∅ ⎠
",ABDEGHJ,BDFHJ
N10A.csv,5,KQNodes,0.25,0.06732964515686035,"⎛ G ⎞⎛  B,J  ⎞⎛ D,E ⎞⎛ A ⎞⎛ H ⎞
⎝ b ⎠⎝ d,f,h ⎠⎝  j  ⎠⎝ ∅ ⎠⎝ ∅ ⎠
",ABDEGHJ,BDFHJ
N10A.csv,5,KGeoMIP,0.3505859375,0.009772539138793945,"⎛ G ⎞⎛  H  ⎞⎛ A,D,J ⎞⎛ B ⎞⎛ E ⎞
⎝ ∅ ⎠⎝ f,h ⎠⎝  d,j  ⎠⎝ b ⎠⎝ ∅ ⎠
",ABDEGHJ,BDFHJ
N10A.csv,2,KQNodes,0.9921875,0.1301252841949463,"⎛       A,G,I       ⎞⎛ C,E ⎞
⎝ a,b,c,d,e,f,g,h,i ⎠⎝  j  ⎠
",ACEGI,ABCDEFGHIJ
N10A.csv,2,KGeoMIP,0.47265625,0.027619123458862305,"⎛       A,C,E,G       ⎞⎛ I ⎞
⎝ a,b,c,d,e,f,g,h,i,j ⎠⎝ ∅ ⎠
",ACEGI,ABCDEFGHIJ
N10A.csv,3,KQNodes,0.9921875,0.1426377296447754,"⎛      A,G,I      ⎞⎛ ∅ ⎞⎛ C,E ⎞
⎝ a,b,d,e,f,g,h,i ⎠⎝ c ⎠⎝  j  ⎠
",ACEGI,ABCDEFGHIJ
N10A.csv,3,KGeoMIP,2.146484375,0.0318446159362793,"⎛ E ⎞⎛      A,I      ⎞⎛ C,G ⎞
⎝ e ⎠⎝ a,b,d,f,h,i,j ⎠⎝ c,g ⎠
",ACEGI,ABCDEFGHIJ
N10A.csv,4,KQNodes,1.01171875,0.12770891189575195,"⎛      A,G,I      ⎞⎛ ∅ ⎞⎛ E ⎞⎛ C ⎞
⎝ a,b,d,e,f,g,h,i ⎠⎝ c ⎠⎝ j ⎠⎝ ∅ ⎠
",ACEGI,ABCDEFGHIJ
N10A.csv,4,KGeoMIP,2.50390625,0.03168439865112305,"⎛ A ⎞⎛ I ⎞⎛     ∅     ⎞⎛ C,E,G ⎞
⎝ a ⎠⎝ i ⎠⎝ b,d,f,h,j ⎠⎝ c,e,g ⎠
",ACEGI,ABCDEFGHIJ
N10A.csv,5,KQNodes,1.03515625,0.1279282569885254,"⎛      A,G,I      ⎞⎛ ∅ ⎞⎛ ∅ ⎞⎛ C ⎞⎛ E ⎞
⎝ a,b,d,e,f,g,h,i ⎠⎝ c ⎠⎝ j ⎠⎝ ∅ ⎠⎝ ∅ ⎠
",ACEGI,ABCDEFGHIJ
N10A.csv,5,KGeoMIP,2.501953125,0.031941890716552734,"⎛ A ⎞⎛ I ⎞⎛     ∅     ⎞⎛ E ⎞⎛ C,G ⎞
⎝ a ⎠⎝ i ⎠⎝ b,d,f,h,j ⎠⎝ e ⎠⎝ c,g ⎠
",ACEGI,ABCDEFGHIJ
N10A.csv,2,KQNodes,0.01953125,0.12122869491577148,"⎛      A,E,G,I      ⎞⎛ C ⎞
⎝ a,b,c,d,e,f,g,h,i ⎠⎝ ∅ ⎠
",ACEGI,ABCDEFGHI
N10A.csv,2,KGeoMIP,0.015625,0.023198366165161133,"⎛      A,C,G,I      ⎞⎛ E ⎞
⎝ a,b,c,d,e,f,g,h,i ⎠⎝ ∅ ⎠
",ACEGI,ABCDEFGHI
N10A.csv,3,KQNodes,0.01953125,0.09561467170715332,"⎛     A,E,G,I     ⎞⎛ ∅ ⎞⎛ C ⎞
⎝ a,b,d,e,f,g,h,i ⎠⎝ c ⎠⎝ ∅ ⎠
",ACEGI,ABCDEFGHI
N10A.csv,3,KGeoMIP,0.88671875,0.031767845153808594,"⎛ E ⎞⎛     A,C,I     ⎞⎛ G ⎞
⎝ e ⎠⎝ a,b,c,d,f,h,i ⎠⎝ g ⎠
",ACEGI,ABCDEFGHI
N10A.csv,4,KQNodes,0.03515625,0.09571671485900879,"⎛      A,G,I      ⎞⎛ ∅ ⎞⎛ C ⎞⎛ E ⎞
⎝ a,b,d,e,f,g,h,i ⎠⎝ c ⎠⎝ ∅ ⎠⎝ ∅ ⎠
",ACEGI,ABCDEFGHI
N10A.csv,4,KGeoMIP,1.443359375,0.015952110290527344,"⎛ A ⎞⎛     E     ⎞⎛ C,I ⎞⎛ G ⎞
⎝ a ⎠⎝ b,d,e,f,h ⎠⎝ c,i ⎠⎝ g ⎠
",ACEGI,ABCDEFGHI
N10A.csv,5,KQNodes,0.78515625,0.09600949287414551,"⎛ ∅ ⎞⎛     A,G,I     ⎞⎛ ∅ ⎞⎛ C ⎞⎛ E ⎞
⎝ a ⎠⎝ b,d,e,f,g,h,i ⎠⎝ c ⎠⎝ ∅ ⎠⎝ ∅ ⎠
",ACEGI,ABCDEFGHI
N10A.csv,5,KGeoMIP,1.498046875,0.032039642333984375,"⎛     E     ⎞⎛ C ⎞⎛ A ⎞⎛ I ⎞⎛ G ⎞
⎝ b,d,e,f,h ⎠⎝ c ⎠⎝ a ⎠⎝ i ⎠⎝ g ⎠
",ACEGI,ABCDEFGHI
N10A.csv,2,KQNodes,0.015625,0.07971882820129395,"⎛       E,G       ⎞⎛ A,C,I ⎞
⎝ b,c,d,e,f,g,h,i ⎠⎝   j   ⎠
",ACEGI,BCDEFGHIJ
N10A.csv,2,KGeoMIP,0.0,0.03421616554260254,"⎛     A,E,G,I     ⎞⎛ C ⎞
⎝ b,c,d,e,f,g,h,i ⎠⎝ j ⎠
",ACEGI,BCDEFGHIJ
N10A.csv,3,KQNodes,0.015625,0.08857941627502441,"⎛      E,G      ⎞⎛ ∅ ⎞⎛ A,C,I ⎞
⎝ b,d,e,f,g,h,i ⎠⎝ c ⎠⎝   j   ⎠
",ACEGI,BCDEFGHIJ
N10A.csv,3,KGeoMIP,0.56640625,0.021262407302856445,"⎛ A ⎞⎛      E      ⎞⎛ C,G,I ⎞
⎝ ∅ ⎠⎝ b,d,e,f,h,j ⎠⎝ c,g,i ⎠
",ACEGI,BCDEFGHIJ
N10A.csv,4,KQNodes,0.03125,0.0920252799987793,"⎛      E,G      ⎞⎛ ∅ ⎞⎛ A,C ⎞⎛ I ⎞
⎝ b,d,e,f,g,h,i ⎠⎝ c ⎠⎝  j  ⎠⎝ ∅ ⎠
",ACEGI,BCDEFGHIJ
N10A.csv,4,KGeoMIP,0.625,0.0194091796875,"⎛ I ⎞⎛      E      ⎞⎛ A,C ⎞⎛ G ⎞
⎝ i ⎠⎝ b,d,e,f,h,j ⎠⎝  c  ⎠⎝ g ⎠
",ACEGI,BCDEFGHIJ
N10A.csv,5,KQNodes,0.046875,0.08562994003295898,"⎛      E,G      ⎞⎛ ∅ ⎞⎛ C ⎞⎛ A ⎞⎛ I ⎞
⎝ b,d,e,f,g,h,i ⎠⎝ c ⎠⎝ j ⎠⎝ ∅ ⎠⎝ ∅ ⎠
",ACEGI,BCDEFGHIJ
N10A.csv,5,KGeoMIP,0.6171875,0.0189971923828125,"⎛ E ⎞⎛     ∅     ⎞⎛ C,I ⎞⎛ A ⎞⎛ G ⎞
⎝ e ⎠⎝ b,d,f,h,j ⎠⎝ c,i ⎠⎝ ∅ ⎠⎝ g ⎠
",ACEGI,BCDEFGHIJ
N10A.csv,2,KQNodes,0.01953125,0.07482004165649414,"⎛     C,E,G,I     ⎞⎛ A ⎞
⎝ b,c,d,e,f,g,h,i ⎠⎝ ∅ ⎠
",ACEGI,BCDEFGHI
N10A.csv,2,KGeoMIP,0.015625,0.015516519546508789,"⎛     A,C,G,I     ⎞⎛ E ⎞
⎝ b,c,d,e,f,g,h,i ⎠⎝ ∅ ⎠
",ACEGI,BCDEFGHI
N10A.csv,3,KQNodes,0.046875,0.07255244255065918,"⎛      C,E,G      ⎞⎛ A ⎞⎛ I ⎞
⎝ b,c,d,e,f,g,h,i ⎠⎝ ∅ ⎠⎝ ∅ ⎠
",ACEGI,BCDEFGHI
N10A.csv,3,KGeoMIP,0.802734375,0.014035463333129883,"⎛    A    ⎞⎛ C,E,I ⎞⎛ G ⎞
⎝ b,d,f,h ⎠⎝ c,e,i ⎠⎝ g ⎠
",ACEGI,BCDEFGHI
N10A.csv,4,KQNodes,0.046875,0.07281732559204102,"⎛     C,E,G     ⎞⎛ ∅ ⎞⎛ A ⎞⎛ I ⎞
⎝ b,d,e,f,g,h,i ⎠⎝ c ⎠⎝ ∅ ⎠⎝ ∅ ⎠
",ACEGI,BCDEFGHI
N10A.csv,4,KGeoMIP,0.83984375,0.013774871826171875,"⎛    A    ⎞⎛ C,I ⎞⎛ E ⎞⎛ G ⎞
⎝ b,d,f,h ⎠⎝ c,i ⎠⎝ e ⎠⎝ g ⎠
",ACEGI,BCDEFGHI
N10A.csv,5,KQNodes,0.0625,0.06906867027282715,"⎛      C,G      ⎞⎛ ∅ ⎞⎛ A ⎞⎛ E ⎞⎛ I ⎞
⎝ b,d,e,f,g,h,i ⎠⎝ c ⎠⎝ ∅ ⎠⎝ ∅ ⎠⎝ ∅ ⎠
",ACEGI,BCDEFGHI
N10A.csv,5,KGeoMIP,0.78515625,0.011770963668823242,"⎛    A    ⎞⎛ I ⎞⎛ C ⎞⎛ E ⎞⎛ G ⎞
⎝ b,d,f,h ⎠⎝ i ⎠⎝ c ⎠⎝ e ⎠⎝ g ⎠
",ACEGI,BCDEFGHI
N10A.csv,2,KQNodes,0.49609375,0.06708550453186035,"⎛ A,C,I ⎞⎛     E,G     ⎞
⎝   a   ⎠⎝ b,d,e,g,h,j ⎠
",ACEGI,ABDEGHJ
N10A.csv,2,KGeoMIP,0.01953125,0.013776540756225586,"⎛    C,E,G,I    ⎞⎛ A ⎞
⎝ a,b,d,e,g,h,j ⎠⎝ ∅ ⎠
",ACEGI,ABDEGHJ
N10A.csv,3,KQNodes,0.43359375,0.06480550765991211,"⎛ A,C,I ⎞⎛   E   ⎞⎛   G   ⎞
⎝   a   ⎠⎝ b,e,h ⎠⎝ d,g,j ⎠
",ACEGI,ABDEGHJ
N10A.csv,3,KGeoMIP,0.296875,0.012034893035888672,"⎛ I ⎞⎛     A,E,G     ⎞⎛ C ⎞
⎝ ∅ ⎠⎝ a,b,d,e,g,h,j ⎠⎝ ∅ ⎠
",ACEGI,ABDEGHJ
N10A.csv,4,KQNodes,0.43359375,0.06105613708496094,"⎛ A,C,I ⎞⎛ ∅ ⎞⎛   G   ⎞⎛  E  ⎞
⎝   a   ⎠⎝ b ⎠⎝ d,g,j ⎠⎝ e,h ⎠
",ACEGI,ABDEGHJ
N10A.csv,4,KGeoMIP,0.587890625,0.009768962860107422,"⎛ E ⎞⎛     A,G     ⎞⎛ I ⎞⎛ C ⎞
⎝ e ⎠⎝ a,b,d,g,h,j ⎠⎝ ∅ ⎠⎝ ∅ ⎠
",ACEGI,ABDEGHJ
N10A.csv,5,KQNodes,0.4375,0.059313058853149414,"⎛ A,C,I ⎞⎛ ∅ ⎞⎛  G  ⎞⎛  E  ⎞⎛ ∅ ⎞
⎝   a   ⎠⎝ b ⎠⎝ d,j ⎠⎝ e,h ⎠⎝ g ⎠
",ACEGI,ABDEGHJ
N10A.csv,5,KGeoMIP,0.568359375,0.009768962860107422,"⎛ A ⎞⎛ G ⎞⎛ E,I ⎞⎛    ∅    ⎞⎛ C ⎞
⎝ a ⎠⎝ g ⎠⎝  e  ⎠⎝ b,d,h,j ⎠⎝ ∅ ⎠
",ACEGI,ABDEGHJ
N10A.csv,2,KQNodes,0.01171875,0.033538818359375,"⎛  A,E,G,I  ⎞⎛ C ⎞
⎝ a,c,e,g,i ⎠⎝ ∅ ⎠
",ACEGI,ACEGI
N10A.csv,2,KGeoMIP,0.01171875,0.007765531539916992,"⎛  A,E,G,I  ⎞⎛ C ⎞
⎝ a,c,e,g,i ⎠⎝ ∅ ⎠
",ACEGI,ACEGI
N10A.csv,3,KQNodes,0.02734375,0.03329586982727051,"⎛   A,G,I   ⎞⎛ C ⎞⎛ E ⎞
⎝ a,c,e,g,i ⎠⎝ ∅ ⎠⎝ ∅ ⎠
",ACEGI,ACEGI
N10A.csv,3,KGeoMIP,0.203125,0.008025646209716797,"⎛ E ⎞⎛ A,C,I ⎞⎛ G ⎞
⎝ e ⎠⎝ a,c,i ⎠⎝ g ⎠
",ACEGI,ACEGI
N10A.csv,4,KQNodes,0.125,0.03153395652770996,"⎛  G  ⎞⎛  A,I  ⎞⎛ C ⎞⎛ E ⎞
⎝ a,g ⎠⎝ c,e,i ⎠⎝ ∅ ⎠⎝ ∅ ⎠
",ACEGI,ACEGI
N10A.csv,4,KGeoMIP,0.294921875,0.0038712024688720703,"⎛ A ⎞⎛ C ⎞⎛ E,I ⎞⎛ G ⎞
⎝ a ⎠⎝ c ⎠⎝ e,i ⎠⎝ g ⎠
",ACEGI,ACEGI
N10A.csv,5,KQNodes,0.14453125,0.03218197822570801,"⎛ G ⎞⎛  A,I  ⎞⎛ ∅ ⎞⎛ C ⎞⎛ E ⎞
⎝ a ⎠⎝ c,e,i ⎠⎝ g ⎠⎝ ∅ ⎠⎝ ∅ ⎠
",ACEGI,ACEGI
N10A.csv,5,KGeoMIP,0.296875,0.0,"⎛ C ⎞⎛ A ⎞⎛ E ⎞⎛ I ⎞⎛ G ⎞
⎝ c ⎠⎝ a ⎠⎝ e ⎠⎝ i ⎠⎝ g ⎠
",ACEGI,ACEGI
N10A.csv,2,KQNodes,0.1015625,0.032233238220214844,"⎛ A,G,I ⎞⎛ C,E ⎞
⎝ b,d,h ⎠⎝ f,j ⎠
",ACEGI,BDFHJ
N10A.csv,2,KGeoMIP,0.01171875,0.01618027687072754,"⎛  A,E,G,I  ⎞⎛ C ⎞
⎝ b,d,f,h,j ⎠⎝ ∅ ⎠
",ACEGI,BDFHJ
N10A.csv,3,KQNodes,0.083984375,0.03169536590576172,"⎛ A,G,I ⎞⎛ C ⎞⎛ E ⎞
⎝ b,d,h ⎠⎝ f ⎠⎝ j ⎠
",ACEGI,BDFHJ
N10A.csv,3,KGeoMIP,0.0849609375,0.01613616943359375,"⎛ C,G ⎞⎛    A,I    ⎞⎛ E ⎞
⎝  ∅  ⎠⎝ b,d,f,h,j ⎠⎝ ∅ ⎠
",ACEGI,BDFHJ
N10A.csv,4,KQNodes,0.08984375,0.03190875053405762,"⎛ A,G,I ⎞⎛ ∅ ⎞⎛ E ⎞⎛ C ⎞
⎝ b,d,h ⎠⎝ f ⎠⎝ j ⎠⎝ ∅ ⎠
",ACEGI,BDFHJ
N10A.csv,4,KGeoMIP,0.1953125,0.011437177658081055,"⎛ A ⎞⎛    C,G    ⎞⎛ I ⎞⎛ E ⎞
⎝ ∅ ⎠⎝ b,d,f,h,j ⎠⎝ ∅ ⎠⎝ ∅ ⎠
",ACEGI,BDFHJ
N10A.csv,5,KQNodes,0.11328125,0.03179621696472168,"⎛ A,G ⎞⎛ ∅ ⎞⎛ I ⎞⎛ E ⎞⎛ C ⎞
⎝ b,d ⎠⎝ f ⎠⎝ h ⎠⎝ j ⎠⎝ ∅ ⎠
",ACEGI,BDFHJ
N10A.csv,5,KGeoMIP,0.2216796875,0.007633686065673828,"⎛     C     ⎞⎛ G ⎞⎛ I ⎞⎛ A ⎞⎛ E ⎞
⎝ b,d,f,h,j ⎠⎝ ∅ ⎠⎝ ∅ ⎠⎝ ∅ ⎠⎝ ∅ ⎠
",ACEGI,BDFHJ
N10A.csv,2,KQNodes,0.51171875,0.12393641471862793,"⎛       B,D,F,J       ⎞⎛ H ⎞
⎝ a,b,c,d,e,f,g,h,i,j ⎠⎝ ∅ ⎠
",BDFHJ,ABCDEFGHIJ
N10A.csv,2,KGeoMIP,0.4697265625,0.031748294830322266,"⎛       B,F,H,J       ⎞⎛ D ⎞
⎝ a,b,c,d,e,f,g,h,i,j ⎠⎝ ∅ ⎠
",BDFHJ,ABCDEFGHIJ
N10A.csv,3,KQNodes,1.01171875,0.12779021263122559,"⎛      B,D,F,J      ⎞⎛ ∅ ⎞⎛ H ⎞
⎝ a,b,c,d,e,f,g,i,j ⎠⎝ h ⎠⎝ ∅ ⎠
",BDFHJ,ABCDEFGHIJ
N10A.csv,3,KGeoMIP,1.7421875,0.0355985164642334,"⎛ D ⎞⎛      B,J      ⎞⎛ F,H ⎞
⎝ d ⎠⎝ a,b,c,e,g,i,j ⎠⎝ f,h ⎠
",BDFHJ,ABCDEFGHIJ
N10A.csv,4,KQNodes,1.26171875,0.12114691734313965,"⎛     B,D,F,J     ⎞⎛ ∅ ⎞⎛ ∅ ⎞⎛ H ⎞
⎝ a,b,c,d,e,g,i,j ⎠⎝ f ⎠⎝ h ⎠⎝ ∅ ⎠
",BDFHJ,ABCDEFGHIJ
N10A.csv,4,KGeoMIP,2.23828125,0.03202557563781738,"⎛      B      ⎞⎛ J ⎞⎛ F,H ⎞⎛ D ⎞
⎝ a,b,c,e,g,i ⎠⎝ j ⎠⎝ f,h ⎠⎝ d ⎠
",BDFHJ,ABCDEFGHIJ
N10A.csv,5,KQNodes,1.76171875,0.11208415031433105,"⎛    B,D,F,J    ⎞⎛ ∅ ⎞⎛ ∅ ⎞⎛ ∅ ⎞⎛ H ⎞
⎝ a,b,c,e,g,i,j ⎠⎝ d ⎠⎝ f ⎠⎝ h ⎠⎝ ∅ ⎠
",BDFHJ,ABCDEFGHIJ
N10A.csv,5,KGeoMIP,2.31640625,0.03176093101501465,"⎛      B      ⎞⎛ J ⎞⎛ F ⎞⎛ H ⎞⎛ D ⎞
⎝ a,b,c,e,g,i ⎠⎝ j ⎠⎝ f ⎠⎝ h ⎠⎝ d ⎠
",BDFHJ,ABCDEFGHIJ
N10A.csv,2,KQNodes,0.0068359375,0.09628891944885254,"⎛      B,D,H,J      ⎞⎛ F ⎞
⎝ a,b,c,d,e,f,g,h,i ⎠⎝ ∅ ⎠
",BDFHJ,ABCDEFGHI
N10A.csv,2,KGeoMIP,0.0068359375,0.015894412994384766,"⎛      B,D,H,J      ⎞⎛ F ⎞
⎝ a,b,c,d,e,f,g,h,i ⎠⎝ ∅ ⎠
",BDFHJ,ABCDEFGHI
N10A.csv,3,KQNodes,0.0185546875,0.09572553634643555,"⎛       D,H,J       ⎞⎛ B ⎞⎛ F ⎞
⎝ a,b,c,d,e,f,g,h,i ⎠⎝ ∅ ⎠⎝ ∅ ⎠
",BDFHJ,ABCDEFGHI
N10A.csv,3,KGeoMIP,1.296875,0.031685829162597656,"⎛ B ⎞⎛     F,J     ⎞⎛ D,H ⎞
⎝ b ⎠⎝ a,c,e,f,g,i ⎠⎝ d,h ⎠
",BDFHJ,ABCDEFGHI
N10A.csv,4,KQNodes,0.2685546875,0.09570670127868652,"⎛      D,H,J      ⎞⎛ ∅ ⎞⎛ B ⎞⎛ F ⎞
⎝ a,b,c,d,f,g,h,i ⎠⎝ e ⎠⎝ ∅ ⎠⎝ ∅ ⎠
",BDFHJ,ABCDEFGHI
N10A.csv,4,KGeoMIP,1.318359375,0.015729904174804688,"⎛     F,J     ⎞⎛ B ⎞⎛ D ⎞⎛ H ⎞
⎝ a,c,e,f,g,i ⎠⎝ b ⎠⎝ d ⎠⎝ h ⎠
",BDFHJ,ABCDEFGHI
N10A.csv,5,KQNodes,0.5302734375,0.10033750534057617,"⎛       D,J       ⎞⎛ ∅ ⎞⎛ B ⎞⎛ F ⎞⎛ H ⎞
⎝ a,b,c,d,f,g,h,i ⎠⎝ e ⎠⎝ ∅ ⎠⎝ ∅ ⎠⎝ ∅ ⎠
",BDFHJ,ABCDEFGHI
N10A.csv,5,KGeoMIP,1.419921875,0.009284257888793945,"⎛ F,J ⎞⎛     ∅     ⎞⎛ B ⎞⎛ D ⎞⎛ H ⎞
⎝  f  ⎠⎝ a,c,e,g,i ⎠⎝ b ⎠⎝ d ⎠⎝ h ⎠
",BDFHJ,ABCDEFGHI
N10A.csv,2,KQNodes,0.005859375,0.09573101997375488,"⎛      B,D,F,H      ⎞⎛ J ⎞
⎝ b,c,d,e,f,g,h,i,j ⎠⎝ ∅ ⎠
",BDFHJ,BCDEFGHIJ
N10A.csv,2,KGeoMIP,0.005859375,0.0319981575012207,"⎛      B,D,F,H      ⎞⎛ J ⎞
⎝ b,c,d,e,f,g,h,i,j ⎠⎝ ∅ ⎠
",BDFHJ,BCDEFGHIJ
N10A.csv,3,KQNodes,0.255859375,0.09621024131774902,"⎛     B,D,F,H     ⎞⎛ ∅ ⎞⎛ J ⎞
⎝ b,c,d,e,f,g,i,j ⎠⎝ h ⎠⎝ ∅ ⎠
",BDFHJ,BCDEFGHIJ
N10A.csv,3,KGeoMIP,1.27734375,0.016007423400878906,"⎛ D,J ⎞⎛     B     ⎞⎛ F,H ⎞
⎝ d,j ⎠⎝ b,c,e,g,i ⎠⎝ f,h ⎠
",BDFHJ,BCDEFGHIJ
N10A.csv,4,KQNodes,0.517578125,0.1117856502532959,"⎛      B,D,F      ⎞⎛ ∅ ⎞⎛ H ⎞⎛ J ⎞
⎝ b,c,d,e,f,g,i,j ⎠⎝ h ⎠⎝ ∅ ⎠⎝ ∅ ⎠
",BDFHJ,BCDEFGHIJ
N10A.csv,4,KGeoMIP,1.43359375,0.016011953353881836,"⎛ D,J ⎞⎛    ∅    ⎞⎛ B ⎞⎛ F,H ⎞
⎝ d,j ⎠⎝ c,e,g,i ⎠⎝ b ⎠⎝ f,h ⎠
",BDFHJ,BCDEFGHIJ
N10A.csv,5,KQNodes,1.017578125,0.09600329399108887,"⎛ ∅ ⎞⎛     B,D,F     ⎞⎛ ∅ ⎞⎛ H ⎞⎛ J ⎞
⎝ b ⎠⎝ c,d,e,f,g,i,j ⎠⎝ h ⎠⎝ ∅ ⎠⎝ ∅ ⎠
",BDFHJ,BCDEFGHIJ
N10A.csv,5,KGeoMIP,1.51171875,0.015814781188964844,"⎛ D,J ⎞⎛    ∅    ⎞⎛ B ⎞⎛ H ⎞⎛ F ⎞
⎝ d,j ⎠⎝ c,e,g,i ⎠⎝ b ⎠⎝ h ⎠⎝ f ⎠
",BDFHJ,BCDEFGHIJ
N10A.csv,2,KQNodes,0.005859375,0.07992243766784668,"⎛     B,D,F,H     ⎞⎛ J ⎞
⎝ b,c,d,e,f,g,h,i ⎠⎝ ∅ ⎠
",BDFHJ,BCDEFGHI
N10A.csv,2,KGeoMIP,0.005859375,0.016138553619384766,"⎛     B,D,F,H     ⎞⎛ J ⎞
⎝ b,c,d,e,f,g,h,i ⎠⎝ ∅ ⎠
",BDFHJ,BCDEFGHI
N10A.csv,3,KQNodes,0.0361328125,0.06432151794433594,"⎛      B,F,H      ⎞⎛ D ⎞⎛ J ⎞
⎝ b,c,d,e,f,g,h,i ⎠⎝ ∅ ⎠⎝ ∅ ⎠
",BDFHJ,BCDEFGHI
N10A.csv,3,KGeoMIP,0.6328125,0.016191482543945312,"⎛ J ⎞⎛     B,D,F     ⎞⎛ H ⎞
⎝ ∅ ⎠⎝ b,c,d,e,f,g,i ⎠⎝ h ⎠
",BDFHJ,BCDEFGHI
N10A.csv,4,KQNodes,0.4111328125,0.07962393760681152,"⎛     B,F,H     ⎞⎛ ∅ ⎞⎛ D ⎞⎛ J ⎞
⎝ b,c,d,e,f,g,i ⎠⎝ h ⎠⎝ ∅ ⎠⎝ ∅ ⎠
",BDFHJ,BCDEFGHI
N10A.csv,4,KGeoMIP,1.0390625,0.015947818756103516,"⎛ F ⎞⎛ B,D,J ⎞⎛    ∅    ⎞⎛ H ⎞
⎝ f ⎠⎝  b,d  ⎠⎝ c,e,g,i ⎠⎝ h ⎠
",BDFHJ,BCDEFGHI
N10A.csv,5,KQNodes,0.5478515625,0.0642082691192627,"⎛      B,F      ⎞⎛ ∅ ⎞⎛ D ⎞⎛ H ⎞⎛ J ⎞
⎝ b,c,d,e,f,g,i ⎠⎝ h ⎠⎝ ∅ ⎠⎝ ∅ ⎠⎝ ∅ ⎠
",BDFHJ,BCDEFGHI
N10A.csv,5,KGeoMIP,1.044921875,0.015821456909179688,"⎛ F ⎞⎛ J ⎞⎛ B,D ⎞⎛    ∅    ⎞⎛ H ⎞
⎝ f ⎠⎝ ∅ ⎠⎝ b,d ⎠⎝ c,e,g,i ⎠⎝ h ⎠
",BDFHJ,BCDEFGHI
N10A.csv,2,KQNodes,0.01171875,0.04799485206604004,"⎛    D,F,H,J    ⎞⎛ B ⎞
⎝ a,b,d,e,g,h,j ⎠⎝ ∅ ⎠
",BDFHJ,ABDEGHJ
N10A.csv,2,KGeoMIP,0.01171875,0.026042699813842773,"⎛    D,F,H,J    ⎞⎛ B ⎞
⎝ a,b,d,e,g,h,j ⎠⎝ ∅ ⎠
",BDFHJ,ABDEGHJ
N10A.csv,3,KQNodes,0.25,0.05381298065185547,"⎛     D,F,J     ⎞⎛ B ⎞⎛ H ⎞
⎝ a,b,d,e,g,h,j ⎠⎝ ∅ ⎠⎝ ∅ ⎠
",BDFHJ,ABDEGHJ
N10A.csv,3,KGeoMIP,0.62109375,0.015943050384521484,"⎛ B ⎞⎛   F,H,J   ⎞⎛ D ⎞
⎝ b ⎠⎝ a,e,g,h,j ⎠⎝ d ⎠
",BDFHJ,ABDEGHJ
N10A.csv,4,KQNodes,0.625,0.0480039119720459,"⎛    D,F,J    ⎞⎛ ∅ ⎞⎛ B ⎞⎛ H ⎞
⎝ a,b,d,e,h,j ⎠⎝ g ⎠⎝ ∅ ⎠⎝ ∅ ⎠
",BDFHJ,ABDEGHJ
N10A.csv,4,KGeoMIP,0.7841796875,0.015852689743041992,"⎛ B ⎞⎛    H,J    ⎞⎛ F ⎞⎛ D ⎞
⎝ b ⎠⎝ a,e,g,h,j ⎠⎝ ∅ ⎠⎝ d ⎠
",BDFHJ,ABDEGHJ
N10A.csv,5,KQNodes,0.65625,0.05211448669433594,"⎛   D,F,J   ⎞⎛ ∅ ⎞⎛ ∅ ⎞⎛ B ⎞⎛ H ⎞
⎝ a,b,e,h,j ⎠⎝ d ⎠⎝ g ⎠⎝ ∅ ⎠⎝ ∅ ⎠
",BDFHJ,ABDEGHJ
N10A.csv,5,KGeoMIP,1.0625,0.011786222457885742,"⎛ J ⎞⎛ H ⎞⎛ B,F ⎞⎛   ∅   ⎞⎛ D ⎞
⎝ j ⎠⎝ h ⎠⎝  b  ⎠⎝ a,e,g ⎠⎝ d ⎠
",BDFHJ,ABDEGHJ
N10A.csv,2,KQNodes,0.0009765625,0.03184103965759277,"⎛  B,F,H,J  ⎞⎛ D ⎞
⎝ a,c,e,g,i ⎠⎝ ∅ ⎠
",BDFHJ,ACEGI
N10A.csv,2,KGeoMIP,0.0009765625,0.016016244888305664,"⎛  B,F,H,J  ⎞⎛ D ⎞
⎝ a,c,e,g,i ⎠⎝ ∅ ⎠
",BDFHJ,ACEGI
N10A.csv,3,KQNodes,0.0556640625,0.0319209098815918,"⎛ F,H,J ⎞⎛  B  ⎞⎛ D ⎞
⎝ a,g,i ⎠⎝ c,e ⎠⎝ ∅ ⎠
",BDFHJ,ACEGI
N10A.csv,3,KGeoMIP,0.126953125,0.0,"⎛ B,H ⎞⎛    D,F    ⎞⎛ J ⎞
⎝  ∅  ⎠⎝ a,c,e,g,i ⎠⎝ ∅ ⎠
",BDFHJ,ACEGI
N10A.csv,4,KQNodes,0.0498046875,0.0317835807800293,"⎛ F,H,J ⎞⎛ ∅ ⎞⎛ B ⎞⎛ D ⎞
⎝ a,g,i ⎠⎝ c ⎠⎝ e ⎠⎝ ∅ ⎠
",BDFHJ,ACEGI
N10A.csv,4,KGeoMIP,0.14453125,0.015941858291625977,"⎛ D ⎞⎛    B,H    ⎞⎛ F ⎞⎛ J ⎞
⎝ ∅ ⎠⎝ a,c,e,g,i ⎠⎝ ∅ ⎠⎝ ∅ ⎠
",BDFHJ,ACEGI
N10A.csv,5,KQNodes,0.1064453125,0.01592230796813965,"⎛  F,H  ⎞⎛ ∅ ⎞⎛ B ⎞⎛ D ⎞⎛ J ⎞
⎝ a,g,i ⎠⎝ c ⎠⎝ e ⎠⎝ ∅ ⎠⎝ ∅ ⎠
",BDFHJ,ACEGI
N10A.csv,5,KGeoMIP,0.1640625,0.016071796417236328,"⎛     H     ⎞⎛ B ⎞⎛ D ⎞⎛ F ⎞⎛ J ⎞
⎝ a,c,e,g,i ⎠⎝ ∅ ⎠⎝ ∅ ⎠⎝ ∅ ⎠⎝ ∅ ⎠
",BDFHJ,ACEGI
N10A.csv,2,KQNodes,0.1640625,0.04074978828430176,"⎛ D,F ⎞⎛ B,H,J ⎞
⎝ b,j ⎠⎝ d,f,h ⎠
",BDFHJ,BDFHJ
N10A.csv,2,KGeoMIP,0.0244140625,0.01114964485168457,"⎛  B,D,H,J  ⎞⎛ F ⎞
⎝ b,d,f,h,j ⎠⎝ ∅ ⎠
",BDFHJ,BDFHJ
N10A.csv,3,KQNodes,0.119140625,0.03773975372314453,"⎛ ∅ ⎞⎛ B,H,J ⎞⎛ D,F ⎞
⎝ b ⎠⎝ d,f,h ⎠⎝  j  ⎠
",BDFHJ,BDFHJ
N10A.csv,3,KGeoMIP,0.25,0.009771347045898438,"⎛ F ⎞⎛ H ⎞⎛ B,D,J ⎞
⎝ f ⎠⎝ h ⎠⎝ b,d,j ⎠
",BDFHJ,BDFHJ
N10A.csv,4,KQNodes,0.1318359375,0.03354048728942871,"⎛ ∅ ⎞⎛ B,H,J ⎞⎛ D ⎞⎛ F ⎞
⎝ b ⎠⎝ d,f,h ⎠⎝ j ⎠⎝ ∅ ⎠
",BDFHJ,BDFHJ
N10A.csv,4,KGeoMIP,0.2890625,0.008025169372558594,"⎛ F ⎞⎛ H ⎞⎛ D,J ⎞⎛ B ⎞
⎝ f ⎠⎝ h ⎠⎝ d,j ⎠⎝ b ⎠
",BDFHJ,BDFHJ
N10A.csv,5,KQNodes,0.1669921875,0.02953171730041504,"⎛ ∅ ⎞⎛  B,J  ⎞⎛ D ⎞⎛ F ⎞⎛ H ⎞
⎝ b ⎠⎝ d,f,h ⎠⎝ j ⎠⎝ ∅ ⎠⎝ ∅ ⎠
",BDFHJ,BDFHJ
N10A.csv,5,KGeoMIP,0.34375,0.007767915725708008,"⎛ H ⎞⎛ F ⎞⎛ J ⎞⎛ D ⎞⎛ B ⎞
⎝ h ⎠⎝ f ⎠⎝ j ⎠⎝ d ⎠⎝ b ⎠
",BDFHJ,BDFHJ
N15B.csv,2,KQNodes,0.0,2.460710048675537,"⎛ A,B,C,D,E,F,G,H,I,J,K,L,M,N,O ⎞⎛ ∅ ⎞
⎝  a,b,c,d,e,f,g,h,i,j,k,l,m,n  ⎠⎝ o ⎠
",ABCDEFGHIJKLMNO,ABCDEFGHIJKLMNO
N15B.csv,2,KGeoMIP,0.0,1.384721040725708,"⎛ A,B,C,D,E,F,G,H,I,J,K,L,M,N,O ⎞⎛ ∅ ⎞
⎝  b,c,d,e,f,g,h,i,j,k,l,m,n,o  ⎠⎝ a ⎠
",ABCDEFGHIJKLMNO,ABCDEFGHIJKLMNO
N15B.csv,3,KQNodes,0.0,2.4417853355407715,"⎛ A,B,C,D,E,F,G,H,I,J,K,L,M,N,O ⎞⎛ ∅ ⎞⎛ ∅ ⎞
⎝   a,b,c,d,e,f,g,h,i,j,k,l,m   ⎠⎝ n ⎠⎝ o ⎠
",ABCDEFGHIJKLMNO,ABCDEFGHIJKLMNO
N15B.csv,3,KGeoMIP,0.02277703583240509,1.24924635887146,"⎛ N ⎞⎛ C,D,E,H,I,J,K,M,O ⎞⎛ A,B,F,G,L ⎞
⎝ n ⎠⎝ c,d,e,h,i,j,k,m,o ⎠⎝ a,b,f,g,l ⎠
",ABCDEFGHIJKLMNO,ABCDEFGHIJKLMNO
N15B.csv,4,KQNodes,0.0,2.4129953384399414,"⎛ A,B,C,D,E,F,G,H,I,J,K,L,M,N,O ⎞⎛ ∅ ⎞⎛ ∅ ⎞⎛ ∅ ⎞
⎝    a,b,c,d,e,f,g,h,i,j,k,l    ⎠⎝ m ⎠⎝ n ⎠⎝ o ⎠
",ABCDEFGHIJKLMNO,ABCDEFGHIJKLMNO
N15B.csv,4,KGeoMIP,0.03738592565059662,1.230726957321167,"⎛ M ⎞⎛ C,D,E ⎞⎛ H,I,J,K,O ⎞⎛ A,B,F,G,L,N ⎞
⎝ m ⎠⎝ c,d,e ⎠⎝ h,i,j,k,o ⎠⎝ a,b,f,g,l,n ⎠
",ABCDEFGHIJKLMNO,ABCDEFGHIJKLMNO
N15B.csv,5,KQNodes,0.0,2.4028429985046387,"⎛ A,B,C,D,E,F,G,H,I,J,K,L,M,N,O ⎞⎛ ∅ ⎞⎛ ∅ ⎞⎛ ∅ ⎞⎛ ∅ ⎞
⎝     a,b,c,d,e,f,g,h,i,j,l     ⎠⎝ k ⎠⎝ m ⎠⎝ n ⎠⎝ o ⎠
",ABCDEFGHIJKLMNO,ABCDEFGHIJKLMNO
N15B.csv,5,KGeoMIP,0.04526683688163757,1.2143208980560303,"⎛ O ⎞⎛ C,D,E,M ⎞⎛ I,J,K ⎞⎛ H ⎞⎛ A,B,F,G,L,N ⎞
⎝ o ⎠⎝ c,d,e,m ⎠⎝ i,j,k ⎠⎝ h ⎠⎝ a,b,f,g,l,n ⎠
",ABCDEFGHIJKLMNO,ABCDEFGHIJKLMNO
N15B.csv,2,KQNodes,0.0,2.060760259628296,"⎛ A,B,C,D,E,F,G,H,I,J,K,L,M,N,O ⎞⎛ ∅ ⎞
⎝   a,b,c,d,e,f,g,h,i,j,k,l,m   ⎠⎝ n ⎠
",ABCDEFGHIJKLMNO,ABCDEFGHIJKLMN
N15B.csv,2,KGeoMIP,0.0,0.6966123580932617,"⎛ A,B,C,D,E,F,G,H,I,J,K,L,M,N,O ⎞⎛ ∅ ⎞
⎝   b,c,d,e,f,g,h,i,j,k,l,m,n   ⎠⎝ a ⎠
",ABCDEFGHIJKLMNO,ABCDEFGHIJKLMN
N15B.csv,3,KQNodes,0.0,2.1215150356292725,"⎛ A,B,C,D,E,F,G,H,I,J,K,L,M,N,O ⎞⎛ ∅ ⎞⎛ ∅ ⎞
⎝    a,b,c,d,e,f,g,h,i,j,k,l    ⎠⎝ m ⎠⎝ n ⎠
",ABCDEFGHIJKLMNO,ABCDEFGHIJKLMN
N15B.csv,3,KGeoMIP,0.008974170312285423,0.6174533367156982,"⎛ O ⎞⎛ B,C,D,E,F,G,H,I,J,K,L,M,N ⎞⎛ A ⎞
⎝ ∅ ⎠⎝ b,c,d,e,f,g,h,i,j,k,l,m,n ⎠⎝ a ⎠
",ABCDEFGHIJKLMNO,ABCDEFGHIJKLMN
N15B.csv,4,KQNodes,0.0,2.0372025966644287,"⎛ A,B,C,D,E,F,G,H,I,J,K,L,M,N,O ⎞⎛ ∅ ⎞⎛ ∅ ⎞⎛ ∅ ⎞
⎝     a,b,c,d,e,f,g,h,i,j,l     ⎠⎝ k ⎠⎝ m ⎠⎝ n ⎠
",ABCDEFGHIJKLMNO,ABCDEFGHIJKLMN
N15B.csv,4,KGeoMIP,0.013938693329691887,0.6067333221435547,"⎛ D ⎞⎛ M ⎞⎛ B,C,E,F,G,H,I,J,K,L,N,O ⎞⎛ A ⎞
⎝ d ⎠⎝ m ⎠⎝  b,c,e,f,g,h,i,j,k,l,n  ⎠⎝ a ⎠
",ABCDEFGHIJKLMNO,ABCDEFGHIJKLMN
N15B.csv,5,KQNodes,0.0,2.0570409297943115,"⎛ A,B,C,D,E,F,G,H,I,J,K,L,M,N,O ⎞⎛ ∅ ⎞⎛ ∅ ⎞⎛ ∅ ⎞⎛ ∅ ⎞
⎝      a,b,c,d,e,f,h,i,j,l      ⎠⎝ g ⎠⎝ k ⎠⎝ m ⎠⎝ n ⎠
",ABCDEFGHIJKLMNO,ABCDEFGHIJKLMN
N15B.csv,5,KGeoMIP,0.022054873406887054,0.6281945705413818,"⎛ O ⎞⎛ D,M ⎞⎛ B,C,E,F,G,H,I,J,K,L ⎞⎛ N ⎞⎛ A ⎞
⎝ ∅ ⎠⎝ d,m ⎠⎝ b,c,e,f,g,h,i,j,k,l ⎠⎝ n ⎠⎝ a ⎠
",ABCDEFGHIJKLMNO,ABCDEFGHIJKLMN
N15B.csv,2,KQNodes,0.0,2.100215435028076,"⎛ A,B,C,D,E,F,G,H,I,J,K,L,M,N,O ⎞⎛ ∅ ⎞
⎝   b,c,d,e,f,g,h,i,j,k,l,m,n   ⎠⎝ o ⎠
",ABCDEFGHIJKLMNO,BCDEFGHIJKLMNO
N15B.csv,2,KGeoMIP,0.0,0.6979238986968994,"⎛ A,B,C,D,E,F,G,H,I,J,K,L,M,N,O ⎞⎛ ∅ ⎞
⎝   c,d,e,f,g,h,i,j,k,l,m,n,o   ⎠⎝ b ⎠
",ABCDEFGHIJKLMNO,BCDEFGHIJKLMNO
N15B.csv,3,KQNodes,0.0,2.042694568634033,"⎛ A,B,C,D,E,F,G,H,I,J,K,L,M,N,O ⎞⎛ ∅ ⎞⎛ ∅ ⎞
⎝    b,c,d,e,f,g,h,i,j,k,l,m    ⎠⎝ n ⎠⎝ o ⎠
",ABCDEFGHIJKLMNO,BCDEFGHIJKLMNO
N15B.csv,3,KGeoMIP,0.01599932461977005,0.5739521980285645,"⎛ A ⎞⎛ B,C,D,E,H,I,J,K,M,N,O ⎞⎛ F,G,L ⎞
⎝ ∅ ⎠⎝ b,c,d,e,h,i,j,k,m,n,o ⎠⎝ f,g,l ⎠
",ABCDEFGHIJKLMNO,BCDEFGHIJKLMNO
N15B.csv,4,KQNodes,0.0,2.0404093265533447,"⎛ A,B,C,D,E,F,G,H,I,J,K,L,M,N,O ⎞⎛ ∅ ⎞⎛ ∅ ⎞⎛ ∅ ⎞
⎝     b,c,d,e,f,g,h,i,j,k,l     ⎠⎝ m ⎠⎝ n ⎠⎝ o ⎠
",ABCDEFGHIJKLMNO,BCDEFGHIJKLMNO
N15B.csv,4,KGeoMIP,0.02347801998257637,0.5978612899780273,"⎛ A ⎞⎛ D ⎞⎛ B,C,E,H,I,J,K,M,N,O ⎞⎛ F,G,L ⎞
⎝ ∅ ⎠⎝ d ⎠⎝ b,c,e,h,i,j,k,m,n,o ⎠⎝ f,g,l ⎠
",ABCDEFGHIJKLMNO,BCDEFGHIJKLMNO
N15B.csv,5,KQNodes,0.0,2.025101900100708,"⎛ A,B,C,D,E,F,G,H,I,J,K,L,M,N,O ⎞⎛ ∅ ⎞⎛ ∅ ⎞⎛ ∅ ⎞⎛ ∅ ⎞
⎝      b,c,d,e,g,h,i,j,k,l      ⎠⎝ f ⎠⎝ m ⎠⎝ n ⎠⎝ o ⎠
",ABCDEFGHIJKLMNO,BCDEFGHIJKLMNO
N15B.csv,5,KGeoMIP,0.05497688055038452,0.5824015140533447,"⎛ K ⎞⎛ D ⎞⎛ C,H,J,M,N ⎞⎛ B,E,I,O ⎞⎛ A,F,G,L ⎞
⎝ k ⎠⎝ d ⎠⎝ c,h,j,m,n ⎠⎝ b,e,i,o ⎠⎝  f,g,l  ⎠
",ABCDEFGHIJKLMNO,BCDEFGHIJKLMNO
N15B.csv,2,KQNodes,0.0,1.7890534400939941,"⎛ A,B,C,D,E,F,G,H,I,J,K,L,M,N,O ⎞⎛ ∅ ⎞
⎝    b,c,d,e,f,g,h,i,j,k,l,m    ⎠⎝ n ⎠
",ABCDEFGHIJKLMNO,BCDEFGHIJKLMN
N15B.csv,2,KGeoMIP,0.0,0.33274245262145996,"⎛ A,B,C,D,E,F,G,H,I,J,K,L,M,N,O ⎞⎛ ∅ ⎞
⎝    c,d,e,f,g,h,i,j,k,l,m,n    ⎠⎝ b ⎠
",ABCDEFGHIJKLMNO,BCDEFGHIJKLMN
N15B.csv,3,KQNodes,0.0,1.7767796516418457,"⎛ A,B,C,D,E,F,G,H,I,J,K,L,M,N,O ⎞⎛ ∅ ⎞⎛ ∅ ⎞
⎝     b,c,d,e,f,g,h,i,j,k,l     ⎠⎝ m ⎠⎝ n ⎠
",ABCDEFGHIJKLMNO,BCDEFGHIJKLMN
N15B.csv,3,KGeoMIP,0.03556212782859802,0.2774651050567627,"⎛ E ⎞⎛ B,C,D,F,H,I,K,M,N ⎞⎛ A,G,J,L,O ⎞
⎝ e ⎠⎝ b,c,d,f,h,i,k,m,n ⎠⎝   g,j,l   ⎠
",ABCDEFGHIJKLMNO,BCDEFGHIJKLMN
N15B.csv,4,KQNodes,0.0,1.7845005989074707,"⎛ A,B,C,D,E,F,G,H,I,J,K,L,M,N,O ⎞⎛ ∅ ⎞⎛ ∅ ⎞⎛ ∅ ⎞
⎝      b,c,d,e,g,h,i,j,k,l      ⎠⎝ f ⎠⎝ m ⎠⎝ n ⎠
",ABCDEFGHIJKLMNO,BCDEFGHIJKLMN
N15B.csv,4,KGeoMIP,0.036324433982372284,0.269406795501709,"⎛ E ⎞⎛ B,C,D,F,H,I,K,M,N ⎞⎛ G,J,L ⎞⎛ A,O ⎞
⎝ e ⎠⎝ b,c,d,f,h,i,k,m,n ⎠⎝ g,j,l ⎠⎝  ∅  ⎠
",ABCDEFGHIJKLMNO,BCDEFGHIJKLMN
N15B.csv,5,KQNodes,0.007812499534338713,1.7701795101165771,"⎛ A,B,C,D,E,F,G,H,I,J,K,L,M,N,O ⎞⎛ ∅ ⎞⎛ ∅ ⎞⎛ ∅ ⎞⎛ ∅ ⎞
⎝       b,c,d,e,g,h,i,j,k       ⎠⎝ f ⎠⎝ l ⎠⎝ m ⎠⎝ n ⎠
",ABCDEFGHIJKLMNO,BCDEFGHIJKLMN
N15B.csv,5,KGeoMIP,0.03610867261886597,0.2848036289215088,"⎛ E ⎞⎛ B,C,D,F,H,I,K,M,N ⎞⎛ J ⎞⎛ G,L ⎞⎛ A,O ⎞
⎝ e ⎠⎝ b,c,d,f,h,i,k,m,n ⎠⎝ j ⎠⎝ g,l ⎠⎝  ∅  ⎠
",ABCDEFGHIJKLMNO,BCDEFGHIJKLMN
N15B.csv,2,KQNodes,0.003673182101920247,1.1394009590148926,"⎛ A,B,C,E,F,G,H,I,J,K,L,M,N,O ⎞⎛ D ⎞
⎝     a,b,d,e,g,h,j,k,m,n     ⎠⎝ ∅ ⎠
",ABCDEFGHIJKLMNO,ABDEGHJKMN
N15B.csv,2,KGeoMIP,0.003673182101920247,0.06344771385192871,"⎛ A,B,C,E,F,G,H,I,J,K,L,M,N,O ⎞⎛ D ⎞
⎝     a,b,d,e,g,h,j,k,m,n     ⎠⎝ ∅ ⎠
",ABCDEFGHIJKLMNO,ABDEGHJKMN
N15B.csv,3,KQNodes,0.007393580861389637,1.1552350521087646,"⎛ A,B,C,E,G,H,I,J,K,L,M,N,O ⎞⎛ D ⎞⎛ F ⎞
⎝    a,b,d,e,g,h,j,k,m,n    ⎠⎝ ∅ ⎠⎝ ∅ ⎠
",ABCDEFGHIJKLMNO,ABDEGHJKMN
N15B.csv,3,KGeoMIP,0.022220442071557045,0.0631856918334961,"⎛ E ⎞⎛ G,L ⎞⎛ A,B,C,D,F,H,I,J,K,M,N,O ⎞
⎝ e ⎠⎝  g  ⎠⎝     a,b,d,h,j,k,m,n     ⎠
",ABCDEFGHIJKLMNO,ABDEGHJKMN
N15B.csv,4,KQNodes,0.011183572933077812,1.1706366539001465,"⎛ A,B,C,E,G,H,I,J,K,L,M,N,O ⎞⎛ ∅ ⎞⎛ D ⎞⎛ F ⎞
⎝     a,b,d,e,g,h,j,k,m     ⎠⎝ n ⎠⎝ ∅ ⎠⎝ ∅ ⎠
",ABCDEFGHIJKLMNO,ABDEGHJKMN
N15B.csv,4,KGeoMIP,0.02239920198917389,0.06350207328796387,"⎛ E ⎞⎛ L ⎞⎛ G ⎞⎛ A,B,C,D,F,H,I,J,K,M,N,O ⎞
⎝ e ⎠⎝ ∅ ⎠⎝ g ⎠⎝     a,b,d,h,j,k,m,n     ⎠
",ABCDEFGHIJKLMNO,ABDEGHJKMN
N15B.csv,5,KQNodes,0.014663077890872955,1.1534533500671387,"⎛ A,B,C,E,G,H,J,K,L,M,N,O ⎞⎛ ∅ ⎞⎛ D ⎞⎛ F ⎞⎛ I ⎞
⎝    a,b,d,e,g,h,j,k,m    ⎠⎝ n ⎠⎝ ∅ ⎠⎝ ∅ ⎠⎝ ∅ ⎠
",ABCDEFGHIJKLMNO,ABDEGHJKMN
N15B.csv,5,KGeoMIP,0.030754897743463516,0.06304454803466797,"⎛ E ⎞⎛ L ⎞⎛ G ⎞⎛ A,C,D,F,H,I,J,K,M,N,O ⎞⎛ B ⎞
⎝ e ⎠⎝ ∅ ⎠⎝ g ⎠⎝     a,d,h,j,k,m,n     ⎠⎝ b ⎠
",ABCDEFGHIJKLMNO,ABDEGHJKMN
N15B.csv,2,KQNodes,0.003847308224067092,0.9478931427001953,"⎛ A,B,C,D,E,G,I,M ⎞⎛ F,H,J,K,L,N,O ⎞
⎝     a,c,i,k     ⎠⎝    e,g,m,o    ⎠
",ABCDEFGHIJKLMNO,ACEGIKMO
N15B.csv,2,KGeoMIP,2.8440728783607483e-05,0.04734373092651367,"⎛ A,B,C,D,E,F,G,H,I,J,K,L,M,O ⎞⎛ N ⎞
⎝       a,c,e,g,i,k,m,o       ⎠⎝ ∅ ⎠
",ABCDEFGHIJKLMNO,ACEGIKMO
N15B.csv,3,KQNodes,0.0032063869293779135,0.9173781871795654,"⎛ A,C,D,E,M ⎞⎛ F,H,J,K,L,N,O ⎞⎛ B,G,I ⎞
⎝    a,c    ⎠⎝    e,g,m,o    ⎠⎝  i,k  ⎠
",ABCDEFGHIJKLMNO,ACEGIKMO
N15B.csv,3,KGeoMIP,0.0046529583632946014,0.04723381996154785,"⎛ J ⎞⎛ A,B,C,D,E,F,G,H,I,K,L,M,N ⎞⎛ O ⎞
⎝ ∅ ⎠⎝       a,c,e,g,i,k,m       ⎠⎝ o ⎠
",ABCDEFGHIJKLMNO,ACEGIKMO
N15B.csv,4,KQNodes,0.0031766316387802362,0.9028565883636475,"⎛ A,C,D,E,M ⎞⎛ F,J,K,N ⎞⎛ H,L,O ⎞⎛ B,G,I ⎞
⎝    a,c    ⎠⎝   e,m   ⎠⎝  g,o  ⎠⎝  i,k  ⎠
",ABCDEFGHIJKLMNO,ACEGIKMO
N15B.csv,4,KGeoMIP,0.005510932300239801,0.031554460525512695,"⎛ M ⎞⎛ B,J,N ⎞⎛ A,C,D,E,F,G,H,I,K,L ⎞⎛ O ⎞
⎝ m ⎠⎝   ∅   ⎠⎝     a,c,e,g,i,k     ⎠⎝ o ⎠
",ABCDEFGHIJKLMNO,ACEGIKMO
N15B.csv,5,KQNodes,0.0031407412607222795,0.9015998840332031,"⎛ A,C,D,E,M ⎞⎛ F,J,K,N ⎞⎛ H,L,O ⎞⎛ B,G,I ⎞⎛ ∅ ⎞
⎝    a,c    ⎠⎝    e    ⎠⎝  g,o  ⎠⎝  i,k  ⎠⎝ m ⎠
",ABCDEFGHIJKLMNO,ACEGIKMO
N15B.csv,5,KGeoMIP,0.006160663906484842,0.031479597091674805,"⎛ M ⎞⎛ B,J,N ⎞⎛ A,F,G,H,L ⎞⎛ C,D,E,I,K ⎞⎛ O ⎞
⎝ m ⎠⎝   ∅   ⎠⎝    a,g    ⎠⎝  c,e,i,k  ⎠⎝ o ⎠
",ABCDEFGHIJKLMNO,ACEGIKMO
N15B.csv,2,KQNodes,0.003562906291335821,0.7743580341339111,"⎛ A,B,D,E,F,G,K,L,M,O ⎞⎛ C,H,I,J,N ⎞
⎝      b,d,f,l,n      ⎠⎝    h,j    ⎠
",ABCDEFGHIJKLMNO,BDFHJLN
N15B.csv,2,KGeoMIP,1.873960718512535e-05,0.03198599815368652,"⎛ A,B,C,D,E,F,H,I,J,K,L,M,N,O ⎞⎛ G ⎞
⎝        b,d,f,h,j,l,n        ⎠⎝ ∅ ⎠
",ABCDEFGHIJKLMNO,BDFHJLN
N15B.csv,3,KQNodes,0.002730881329625845,0.8061637878417969,"⎛ A,B,G,K ⎞⎛ D,E,F,L,M,O ⎞⎛ C,H,I,J,N ⎞
⎝    b    ⎠⎝   d,f,l,n   ⎠⎝    h,j    ⎠
",ABCDEFGHIJKLMNO,BDFHJLN
N15B.csv,3,KGeoMIP,0.0016230405308306217,0.03157496452331543,"⎛ A ⎞⎛ B,D,E,F,G,H,I,J,K,L,M,N ⎞⎛ C,O ⎞
⎝ ∅ ⎠⎝      b,d,f,h,j,l,n      ⎠⎝  ∅  ⎠
",ABCDEFGHIJKLMNO,BDFHJLN
N15B.csv,4,KQNodes,0.002628827001899481,0.8071653842926025,"⎛ B,K ⎞⎛ D,E,F,L,M,O ⎞⎛ C,H,I,J,N ⎞⎛ A,G ⎞
⎝  b  ⎠⎝   d,f,l,n   ⎠⎝    h,j    ⎠⎝  ∅  ⎠
",ABCDEFGHIJKLMNO,BDFHJLN
N15B.csv,4,KGeoMIP,0.005533699877560139,0.03149771690368652,"⎛ B ⎞⎛ E,F,H,J,M,N ⎞⎛ D,G,I,K,L ⎞⎛ A,C,O ⎞
⎝ b ⎠⎝   f,h,j,n   ⎠⎝    d,l    ⎠⎝   ∅   ⎠
",ABCDEFGHIJKLMNO,BDFHJLN
N15B.csv,5,KQNodes,0.002628827001899481,0.7901792526245117,"⎛ B,K ⎞⎛ D,E,F,L,M,O ⎞⎛ C,H,I,J,N ⎞⎛ A ⎞⎛ G ⎞
⎝  b  ⎠⎝   d,f,l,n   ⎠⎝    h,j    ⎠⎝ ∅ ⎠⎝ ∅ ⎠
",ABCDEFGHIJKLMNO,BDFHJLN
N15B.csv,5,KGeoMIP,0.005690975580364466,0.04754137992858887,"⎛ B ⎞⎛ E,F,H,J,M ⎞⎛ N ⎞⎛ D,G,I,K,L ⎞⎛ A,C,O ⎞
⎝ b ⎠⎝   f,h,j   ⎠⎝ n ⎠⎝    d,l    ⎠⎝   ∅   ⎠
",ABCDEFGHIJKLMNO,BDFHJLN
N15B.csv,2,KQNodes,0.0,2.0533788204193115,"⎛ A,B,C,D,E,F,G,H,I,J,K,L,M,N ⎞⎛ ∅ ⎞
⎝ a,b,c,d,e,f,g,h,i,j,k,l,m,n ⎠⎝ o ⎠
",ABCDEFGHIJKLMN,ABCDEFGHIJKLMNO
N15B.csv,2,KGeoMIP,0.0,1.390026569366455,"⎛ A,B,C,D,E,F,G,H,I,J,K,L,M,N ⎞⎛ ∅ ⎞
⎝ b,c,d,e,f,g,h,i,j,k,l,m,n,o ⎠⎝ a ⎠
",ABCDEFGHIJKLMN,ABCDEFGHIJKLMNO
N15B.csv,3,KQNodes,0.0,2.1143410205841064,"⎛ A,B,C,D,E,F,G,H,I,J,K,L,M,N ⎞⎛ ∅ ⎞⎛ ∅ ⎞
⎝  a,b,c,d,e,f,g,h,i,j,k,l,m  ⎠⎝ n ⎠⎝ o ⎠
",ABCDEFGHIJKLMN,ABCDEFGHIJKLMNO
N15B.csv,3,KGeoMIP,0.01818116568028927,1.2436695098876953,"⎛ C,D,E,H,I,J,K,M ⎞⎛ ∅ ⎞⎛ A,B,F,G,L,N ⎞
⎝ c,d,e,h,i,j,k,m ⎠⎝ o ⎠⎝ a,b,f,g,l,n ⎠
",ABCDEFGHIJKLMN,ABCDEFGHIJKLMNO
N15B.csv,4,KQNodes,0.0,2.0516486167907715,"⎛ A,B,C,D,E,F,G,H,I,J,K,L,M,N ⎞⎛ ∅ ⎞⎛ ∅ ⎞⎛ ∅ ⎞
⎝   a,b,c,d,e,f,g,h,i,j,k,l   ⎠⎝ m ⎠⎝ n ⎠⎝ o ⎠
",ABCDEFGHIJKLMN,ABCDEFGHIJKLMNO
N15B.csv,4,KGeoMIP,0.03515782207250595,1.219536304473877,"⎛ C,D,E,M ⎞⎛ H,I,J,K ⎞⎛ ∅ ⎞⎛ A,B,F,G,L,N ⎞
⎝ c,d,e,m ⎠⎝ h,i,j,k ⎠⎝ o ⎠⎝ a,b,f,g,l,n ⎠
",ABCDEFGHIJKLMN,ABCDEFGHIJKLMNO
N15B.csv,5,KQNodes,0.0,2.022444486618042,"⎛ A,B,C,D,E,F,G,H,I,J,K,L,M,N ⎞⎛ ∅ ⎞⎛ ∅ ⎞⎛ ∅ ⎞⎛ ∅ ⎞
⎝    a,b,c,d,e,f,g,h,i,j,l    ⎠⎝ k ⎠⎝ m ⎠⎝ n ⎠⎝ o ⎠
",ABCDEFGHIJKLMN,ABCDEFGHIJKLMNO
N15B.csv,5,KGeoMIP,0.039668865501880646,1.2012510299682617,"⎛ C,D,E,M ⎞⎛ I,J,K ⎞⎛ H ⎞⎛ ∅ ⎞⎛ A,B,F,G,L,N ⎞
⎝ c,d,e,m ⎠⎝ i,j,k ⎠⎝ h ⎠⎝ o ⎠⎝ a,b,f,g,l,n ⎠
",ABCDEFGHIJKLMN,ABCDEFGHIJKLMNO
N15B.csv,2,KQNodes,0.0,1.7536568641662598,"⎛ A,B,C,D,E,F,G,H,I,J,K,L,M,N ⎞⎛ ∅ ⎞
⎝  a,b,c,d,e,f,g,h,i,j,k,l,m  ⎠⎝ n ⎠
",ABCDEFGHIJKLMN,ABCDEFGHIJKLMN
N15B.csv,2,KGeoMIP,0.0,0.6803779602050781,"⎛ A,B,C,D,E,F,G,H,I,J,K,L,M,N ⎞⎛ ∅ ⎞
⎝  b,c,d,e,f,g,h,i,j,k,l,m,n  ⎠⎝ a ⎠
",ABCDEFGHIJKLMN,ABCDEFGHIJKLMN
N15B.csv,3,KQNodes,0.0,1.7712342739105225,"⎛ A,B,C,D,E,F,G,H,I,J,K,L,M,N ⎞⎛ ∅ ⎞⎛ ∅ ⎞
⎝   a,b,c,d,e,f,g,h,i,j,k,l   ⎠⎝ m ⎠⎝ n ⎠
",ABCDEFGHIJKLMN,ABCDEFGHIJKLMN
N15B.csv,3,KGeoMIP,0.0091891810297966,0.6008105278015137,"⎛ N ⎞⎛ B,C,D,E,F,G,H,I,J,K,L,M ⎞⎛ A ⎞
⎝ n ⎠⎝ b,c,d,e,f,g,h,i,j,k,l,m ⎠⎝ a ⎠
",ABCDEFGHIJKLMN,ABCDEFGHIJKLMN
N15B.csv,4,KQNodes,0.0,1.7395052909851074,"⎛ A,B,C,D,E,F,G,H,I,J,K,L,M,N ⎞⎛ ∅ ⎞⎛ ∅ ⎞⎛ ∅ ⎞
⎝    a,b,c,d,e,f,g,h,i,j,l    ⎠⎝ k ⎠⎝ m ⎠⎝ n ⎠
",ABCDEFGHIJKLMN,ABCDEFGHIJKLMN
N15B.csv,4,KGeoMIP,0.013938693329691887,0.601677417755127,"⎛ D ⎞⎛ M ⎞⎛ B,C,E,F,G,H,I,J,K,L,N ⎞⎛ A ⎞
⎝ d ⎠⎝ m ⎠⎝ b,c,e,f,g,h,i,j,k,l,n ⎠⎝ a ⎠
",ABCDEFGHIJKLMN,ABCDEFGHIJKLMN
N15B.csv,5,KQNodes,0.0,1.755068302154541,"⎛ A,B,C,D,E,F,G,H,I,J,K,L,M,N ⎞⎛ ∅ ⎞⎛ ∅ ⎞⎛ ∅ ⎞⎛ ∅ ⎞
⎝     a,b,c,d,e,f,h,i,j,l     ⎠⎝ g ⎠⎝ k ⎠⎝ m ⎠⎝ n ⎠
",ABCDEFGHIJKLMN,ABCDEFGHIJKLMN
N15B.csv,5,KGeoMIP,0.018422575667500496,0.5852217674255371,"⎛ D ⎞⎛ M ⎞⎛ B,C,E,F,G,H,I,J,K,L ⎞⎛ N ⎞⎛ A ⎞
⎝ d ⎠⎝ m ⎠⎝ b,c,e,f,g,h,i,j,k,l ⎠⎝ n ⎠⎝ a ⎠
",ABCDEFGHIJKLMN,ABCDEFGHIJKLMN
N15B.csv,2,KQNodes,0.0,1.7835807800292969,"⎛ A,B,C,D,E,F,G,H,I,J,K,L,M,N ⎞⎛ ∅ ⎞
⎝  b,c,d,e,f,g,h,i,j,k,l,m,n  ⎠⎝ o ⎠
",ABCDEFGHIJKLMN,BCDEFGHIJKLMNO
N15B.csv,2,KGeoMIP,0.0,0.6654932498931885,"⎛ A,B,C,D,E,F,G,H,I,J,K,L,M,N ⎞⎛ ∅ ⎞
⎝  c,d,e,f,g,h,i,j,k,l,m,n,o  ⎠⎝ b ⎠
",ABCDEFGHIJKLMN,BCDEFGHIJKLMNO
N15B.csv,3,KQNodes,0.0,1.7721319198608398,"⎛ A,B,C,D,E,F,G,H,I,J,K,L,M,N ⎞⎛ ∅ ⎞⎛ ∅ ⎞
⎝   b,c,d,e,f,g,h,i,j,k,l,m   ⎠⎝ n ⎠⎝ o ⎠
",ABCDEFGHIJKLMN,BCDEFGHIJKLMNO
N15B.csv,3,KGeoMIP,0.01599932461977005,0.5855739116668701,"⎛ A ⎞⎛  B,C,D,E,H,I,J,K,M,N  ⎞⎛ F,G,L ⎞
⎝ ∅ ⎠⎝ b,c,d,e,h,i,j,k,m,n,o ⎠⎝ f,g,l ⎠
",ABCDEFGHIJKLMN,BCDEFGHIJKLMNO
N15B.csv,4,KQNodes,0.0,1.757242202758789,"⎛ A,B,C,D,E,F,G,H,I,J,K,L,M,N ⎞⎛ ∅ ⎞⎛ ∅ ⎞⎛ ∅ ⎞
⎝    b,c,d,e,f,g,h,i,j,k,l    ⎠⎝ m ⎠⎝ n ⎠⎝ o ⎠
",ABCDEFGHIJKLMN,BCDEFGHIJKLMNO
N15B.csv,4,KGeoMIP,0.02709122747182846,0.5868086814880371,"⎛ A ⎞⎛  D  ⎞⎛ B,C,E,H,I,J,K,M,N ⎞⎛ F,G,L ⎞
⎝ ∅ ⎠⎝ d,o ⎠⎝ b,c,e,h,i,j,k,m,n ⎠⎝ f,g,l ⎠
",ABCDEFGHIJKLMN,BCDEFGHIJKLMNO
N15B.csv,5,KQNodes,0.0,1.7236056327819824,"⎛ A,B,C,D,E,F,G,H,I,J,K,L,M,N ⎞⎛ ∅ ⎞⎛ ∅ ⎞⎛ ∅ ⎞⎛ ∅ ⎞
⎝     b,c,d,e,g,h,i,j,k,l     ⎠⎝ f ⎠⎝ m ⎠⎝ n ⎠⎝ o ⎠
",ABCDEFGHIJKLMN,BCDEFGHIJKLMNO
N15B.csv,5,KGeoMIP,0.050219640135765076,0.5696630477905273,"⎛ I ⎞⎛  D  ⎞⎛ C,H,J,M,N ⎞⎛ B,E,K ⎞⎛ A,F,G,L ⎞
⎝ i ⎠⎝ d,o ⎠⎝ c,h,j,m,n ⎠⎝ b,e,k ⎠⎝  f,g,l  ⎠
",ABCDEFGHIJKLMN,BCDEFGHIJKLMNO
N15B.csv,2,KQNodes,0.0,1.5295789241790771,"⎛ A,B,C,D,E,F,G,H,I,J,K,L,M,N ⎞⎛ ∅ ⎞
⎝   b,c,d,e,f,g,h,i,j,k,l,m   ⎠⎝ n ⎠
",ABCDEFGHIJKLMN,BCDEFGHIJKLMN
N15B.csv,2,KGeoMIP,0.0,0.33251118659973145,"⎛ A,B,C,D,E,F,G,H,I,J,K,L,M,N ⎞⎛ ∅ ⎞
⎝   c,d,e,f,g,h,i,j,k,l,m,n   ⎠⎝ b ⎠
",ABCDEFGHIJKLMN,BCDEFGHIJKLMN
N15B.csv,3,KQNodes,0.0,1.5155417919158936,"⎛ A,B,C,D,E,F,G,H,I,J,K,L,M,N ⎞⎛ ∅ ⎞⎛ ∅ ⎞
⎝    b,c,d,e,f,g,h,i,j,k,l    ⎠⎝ m ⎠⎝ n ⎠
",ABCDEFGHIJKLMN,BCDEFGHIJKLMN
N15B.csv,3,KGeoMIP,0.03168219327926636,0.28477907180786133,"⎛ J ⎞⎛ B,C,D,F,H,I,K,M,N ⎞⎛ A,E,G,L ⎞
⎝ j ⎠⎝ b,c,d,f,h,i,k,m,n ⎠⎝  e,g,l  ⎠
",ABCDEFGHIJKLMN,BCDEFGHIJKLMN
N15B.csv,4,KQNodes,0.0,1.5007519721984863,"⎛ A,B,C,D,E,F,G,H,I,J,K,L,M,N ⎞⎛ ∅ ⎞⎛ ∅ ⎞⎛ ∅ ⎞
⎝     b,c,d,e,g,h,i,j,k,l     ⎠⎝ f ⎠⎝ m ⎠⎝ n ⎠
",ABCDEFGHIJKLMN,BCDEFGHIJKLMN
N15B.csv,4,KGeoMIP,0.0320555604994297,0.2694413661956787,"⎛ E ⎞⎛ B,C,D,F,H,I,K,M,N ⎞⎛ G,J,L ⎞⎛ A ⎞
⎝ e ⎠⎝ b,c,d,f,h,i,k,m,n ⎠⎝ g,j,l ⎠⎝ ∅ ⎠
",ABCDEFGHIJKLMN,BCDEFGHIJKLMN
N15B.csv,5,KQNodes,0.0069909472949802876,1.4866080284118652,"⎛ A,B,C,D,E,F,G,H,I,J,K,L,M,N ⎞⎛ ∅ ⎞⎛ ∅ ⎞⎛ ∅ ⎞⎛ ∅ ⎞
⎝      b,c,d,e,g,h,i,j,l      ⎠⎝ f ⎠⎝ k ⎠⎝ m ⎠⎝ n ⎠
",ABCDEFGHIJKLMN,BCDEFGHIJKLMN
N15B.csv,5,KGeoMIP,0.031839799135923386,0.28437328338623047,"⎛ E ⎞⎛ B,C,D,F,H,I,K,M,N ⎞⎛ J ⎞⎛ G,L ⎞⎛ A ⎞
⎝ e ⎠⎝ b,c,d,f,h,i,k,m,n ⎠⎝ j ⎠⎝ g,l ⎠⎝ ∅ ⎠
",ABCDEFGHIJKLMN,BCDEFGHIJKLMN
N15B.csv,2,KQNodes,0.003673182101920247,0.9779672622680664,"⎛ A,B,C,E,F,G,H,I,J,K,L,M,N ⎞⎛ D ⎞
⎝    a,b,d,e,g,h,j,k,m,n    ⎠⎝ ∅ ⎠
",ABCDEFGHIJKLMN,ABDEGHJKMN
N15B.csv,2,KGeoMIP,0.003673182101920247,0.06346559524536133,"⎛ A,B,C,E,F,G,H,I,J,K,L,M,N ⎞⎛ D ⎞
⎝    a,b,d,e,g,h,j,k,m,n    ⎠⎝ ∅ ⎠
",ABCDEFGHIJKLMN,ABDEGHJKMN
N15B.csv,3,KQNodes,0.007393580861389637,0.980682373046875,"⎛ A,B,C,E,G,H,I,J,K,L,M,N ⎞⎛ D ⎞⎛ F ⎞
⎝   a,b,d,e,g,h,j,k,m,n   ⎠⎝ ∅ ⎠⎝ ∅ ⎠
",ABCDEFGHIJKLMN,ABDEGHJKMN
N15B.csv,3,KGeoMIP,0.02156587690114975,0.06349420547485352,"⎛ E ⎞⎛ G,L ⎞⎛ A,B,C,D,F,H,I,J,K,M,N ⎞
⎝ e ⎠⎝  g  ⎠⎝    a,b,d,h,j,k,m,n    ⎠
",ABCDEFGHIJKLMN,ABDEGHJKMN
N15B.csv,4,KQNodes,0.011137070134282112,0.9494955539703369,"⎛ A,B,C,E,G,H,I,J,K,L,M,N ⎞⎛ ∅ ⎞⎛ D ⎞⎛ F ⎞
⎝    a,b,d,e,g,h,j,k,m    ⎠⎝ n ⎠⎝ ∅ ⎠⎝ ∅ ⎠
",ABCDEFGHIJKLMN,ABDEGHJKMN
N15B.csv,4,KGeoMIP,0.021744636818766594,0.04761075973510742,"⎛ E ⎞⎛ L ⎞⎛ G ⎞⎛ A,B,C,D,F,H,I,J,K,M,N ⎞
⎝ e ⎠⎝ ∅ ⎠⎝ g ⎠⎝    a,b,d,h,j,k,m,n    ⎠
",ABCDEFGHIJKLMN,ABDEGHJKMN
N15B.csv,5,KQNodes,0.015219645574688911,0.9469592571258545,"⎛ A,B,C,E,G,H,I,J,K,L,M,N ⎞⎛ ∅ ⎞⎛ ∅ ⎞⎛ D ⎞⎛ F ⎞
⎝     a,b,d,e,g,h,j,k     ⎠⎝ m ⎠⎝ n ⎠⎝ ∅ ⎠⎝ ∅ ⎠
",ABCDEFGHIJKLMN,ABDEGHJKMN
N15B.csv,5,KGeoMIP,0.03005076013505459,0.04778456687927246,"⎛ E ⎞⎛ L ⎞⎛ G ⎞⎛ A,C,D,F,H,I,J,K,M,N ⎞⎛ B ⎞
⎝ e ⎠⎝ ∅ ⎠⎝ g ⎠⎝    a,d,h,j,k,m,n    ⎠⎝ b ⎠
",ABCDEFGHIJKLMN,ABDEGHJKMN
N15B.csv,2,KQNodes,0.003840154269710183,0.7586281299591064,"⎛ A,B,C,D,E,G,I,M ⎞⎛ F,H,J,K,L,N ⎞
⎝     a,c,i,k     ⎠⎝   e,g,m,o   ⎠
",ABCDEFGHIJKLMN,ACEGIKMO
N15B.csv,2,KGeoMIP,2.8440728783607483e-05,0.04746818542480469,"⎛ A,B,C,D,E,F,G,H,I,J,K,L,M ⎞⎛ N ⎞
⎝      a,c,e,g,i,k,m,o      ⎠⎝ ∅ ⎠
",ABCDEFGHIJKLMN,ACEGIKMO
N15B.csv,3,KQNodes,0.0031992329750210047,0.7593667507171631,"⎛ A,C,D,E,M ⎞⎛ F,H,J,K,L,N ⎞⎛ B,G,I ⎞
⎝    a,c    ⎠⎝   e,g,m,o   ⎠⎝  i,k  ⎠
",ABCDEFGHIJKLMN,ACEGIKMO
N15B.csv,3,KGeoMIP,0.005144876893609762,0.031508445739746094,"⎛ M ⎞⎛ B,J,N ⎞⎛ A,C,D,E,F,G,H,I,K,L ⎞
⎝ m ⎠⎝   o   ⎠⎝     a,c,e,g,i,k     ⎠
",ABCDEFGHIJKLMN,ACEGIKMO
N15B.csv,4,KQNodes,0.0028186931740492582,0.758638858795166,"⎛ A,C,D,E,M ⎞⎛   F   ⎞⎛ B,G,I ⎞⎛ H,J,K,L,N ⎞
⎝    a,c    ⎠⎝ e,g,m ⎠⎝  i,k  ⎠⎝     o     ⎠
",ABCDEFGHIJKLMN,ACEGIKMO
N15B.csv,4,KGeoMIP,0.005794608499854803,0.03142142295837402,"⎛ M ⎞⎛ B,J,N ⎞⎛ A,F,G,H,L ⎞⎛ C,D,E,I,K ⎞
⎝ m ⎠⎝   o   ⎠⎝    a,g    ⎠⎝  c,e,i,k  ⎠
",ABCDEFGHIJKLMN,ACEGIKMO
N15B.csv,5,KQNodes,0.0027279702480882406,0.7422232627868652,"⎛ A,C,D,E,M ⎞⎛   F   ⎞⎛ B,G,I ⎞⎛ H,J,K,L ⎞⎛ N ⎞
⎝    a,c    ⎠⎝ e,g,m ⎠⎝  i,k  ⎠⎝    o    ⎠⎝ ∅ ⎠
",ABCDEFGHIJKLMN,ACEGIKMO
N15B.csv,5,KGeoMIP,0.0062357098795473576,0.04334521293640137,"⎛ I ⎞⎛ B,J,M,N ⎞⎛ A,F,G,H,L ⎞⎛ K ⎞⎛ C,D,E ⎞
⎝ i ⎠⎝   m,o   ⎠⎝    a,g    ⎠⎝ k ⎠⎝  c,e  ⎠
",ABCDEFGHIJKLMN,ACEGIKMO
N15B.csv,2,KQNodes,0.003509100526571274,0.6639904975891113,"⎛ A,B,D,E,F,G,K,L,M ⎞⎛ C,H,I,J,N ⎞
⎝     b,d,f,l,n     ⎠⎝    h,j    ⎠
",ABCDEFGHIJKLMN,BDFHJLN
N15B.csv,2,KGeoMIP,1.873960718512535e-05,0.03153657913208008,"⎛ A,B,C,D,E,F,H,I,J,K,L,M,N ⎞⎛ G ⎞
⎝       b,d,f,h,j,l,n       ⎠⎝ ∅ ⎠
",ABCDEFGHIJKLMN,BDFHJLN
N15B.csv,3,KQNodes,0.0024507278576493263,0.6809597015380859,"⎛ A,B,G,K ⎞⎛ D,E,F,L,M ⎞⎛ C,H,I,J,N ⎞
⎝    b    ⎠⎝  d,f,l,n  ⎠⎝    h,j    ⎠
",ABCDEFGHIJKLMN,BDFHJLN
N15B.csv,3,KGeoMIP,0.0012162551283836365,0.03148174285888672,"⎛ A ⎞⎛ B,D,E,F,G,H,I,J,K,L,M,N ⎞⎛ C ⎞
⎝ ∅ ⎠⎝      b,d,f,h,j,l,n      ⎠⎝ ∅ ⎠
",ABCDEFGHIJKLMN,BDFHJLN
N15B.csv,4,KQNodes,0.002348673529922962,0.6472828388214111,"⎛ B,K ⎞⎛ D,E,F,L,M ⎞⎛ C,H,I,J,N ⎞⎛ A,G ⎞
⎝  b  ⎠⎝  d,f,l,n  ⎠⎝    h,j    ⎠⎝  ∅  ⎠
",ABCDEFGHIJKLMN,BDFHJLN
N15B.csv,4,KGeoMIP,0.0051269144751131535,0.04751014709472656,"⎛ B ⎞⎛ E,F,H,J,M,N ⎞⎛ D,G,I,K,L ⎞⎛ A,C ⎞
⎝ b ⎠⎝   f,h,j,n   ⎠⎝    d,l    ⎠⎝  ∅  ⎠
",ABCDEFGHIJKLMN,BDFHJLN
N15B.csv,5,KQNodes,0.002348673529922962,0.6327395439147949,"⎛ B,K ⎞⎛ D,E,F,L,M ⎞⎛ C,H,I,J,N ⎞⎛ A ⎞⎛ G ⎞
⎝  b  ⎠⎝  d,f,l,n  ⎠⎝    h,j    ⎠⎝ ∅ ⎠⎝ ∅ ⎠
",ABCDEFGHIJKLMN,BDFHJLN
N15B.csv,5,KGeoMIP,0.0052841901779174805,0.0314791202545166,"⎛ B ⎞⎛ E,F,H,J,M ⎞⎛ N ⎞⎛ D,G,I,K,L ⎞⎛ A,C ⎞
⎝ b ⎠⎝   f,h,j   ⎠⎝ n ⎠⎝    d,l    ⎠⎝  ∅  ⎠
",ABCDEFGHIJKLMN,BDFHJLN
N15B.csv,2,KQNodes,0.0,2.0350968837738037,"⎛ B,C,D,E,F,G,H,I,J,K,L,M,N,O ⎞⎛ ∅ ⎞
⎝ a,b,c,d,e,f,g,h,i,j,k,l,m,n ⎠⎝ o ⎠
",BCDEFGHIJKLMNO,ABCDEFGHIJKLMNO
N15B.csv,2,KGeoMIP,0.0,1.3755252361297607,"⎛ B,C,D,E,F,G,H,I,J,K,L,M,N,O ⎞⎛ ∅ ⎞
⎝ b,c,d,e,f,g,h,i,j,k,l,m,n,o ⎠⎝ a ⎠
",BCDEFGHIJKLMNO,ABCDEFGHIJKLMNO
N15B.csv,3,KQNodes,0.0,2.006666421890259,"⎛ B,C,D,E,F,G,H,I,J,K,L,M,N,O ⎞⎛ ∅ ⎞⎛ ∅ ⎞
⎝  a,b,c,d,e,f,g,h,i,j,k,l,n  ⎠⎝ m ⎠⎝ o ⎠
",BCDEFGHIJKLMNO,ABCDEFGHIJKLMNO
N15B.csv,3,KGeoMIP,0.02398056350648403,1.2807989120483398,"⎛ C,D,E,H,I,J,K,M,O ⎞⎛ ∅ ⎞⎛ B,F,G,L,N ⎞
⎝ c,d,e,h,i,j,k,m,o ⎠⎝ a ⎠⎝ b,f,g,l,n ⎠
",BCDEFGHIJKLMNO,ABCDEFGHIJKLMNO
N15B.csv,4,KQNodes,0.0,2.003197431564331,"⎛ B,C,D,E,F,G,H,I,J,K,L,M,N,O ⎞⎛ ∅ ⎞⎛ ∅ ⎞⎛ ∅ ⎞
⎝   a,b,c,d,e,f,g,h,i,j,k,n   ⎠⎝ l ⎠⎝ m ⎠⎝ o ⎠
",BCDEFGHIJKLMNO,ABCDEFGHIJKLMNO
N15B.csv,4,KGeoMIP,0.029971588402986526,1.233572006225586,"⎛ L ⎞⎛  C,D,E,H,I,J,K,M,O  ⎞⎛ B ⎞⎛ F,G,N ⎞
⎝ l ⎠⎝ a,c,d,e,h,i,j,k,m,o ⎠⎝ b ⎠⎝ f,g,n ⎠
",BCDEFGHIJKLMNO,ABCDEFGHIJKLMNO
N15B.csv,5,KQNodes,0.0,2.0042591094970703,"⎛ B,C,D,E,F,G,H,I,J,K,L,M,N,O ⎞⎛ ∅ ⎞⎛ ∅ ⎞⎛ ∅ ⎞⎛ ∅ ⎞
⎝    a,b,c,d,e,f,g,h,i,j,n    ⎠⎝ k ⎠⎝ l ⎠⎝ m ⎠⎝ o ⎠
",BCDEFGHIJKLMNO,ABCDEFGHIJKLMNO
N15B.csv,5,KGeoMIP,0.04224558547139168,1.2002849578857422,"⎛ N ⎞⎛  C,D,E,M  ⎞⎛ H,I,J,K,O ⎞⎛ B ⎞⎛ F,G,L ⎞
⎝ n ⎠⎝ a,c,d,e,m ⎠⎝ h,i,j,k,o ⎠⎝ b ⎠⎝ f,g,l ⎠
",BCDEFGHIJKLMNO,ABCDEFGHIJKLMNO
N15B.csv,2,KQNodes,0.0,1.7387447357177734,"⎛ B,C,D,E,F,G,H,I,J,K,L,M,N,O ⎞⎛ ∅ ⎞
⎝  a,b,c,d,e,f,g,h,i,j,k,l,n  ⎠⎝ m ⎠
",BCDEFGHIJKLMNO,ABCDEFGHIJKLMN
N15B.csv,2,KGeoMIP,0.0,0.6966402530670166,"⎛ B,C,D,E,F,G,H,I,J,K,L,M,N,O ⎞⎛ ∅ ⎞
⎝  b,c,d,e,f,g,h,i,j,k,l,m,n  ⎠⎝ a ⎠
",BCDEFGHIJKLMNO,ABCDEFGHIJKLMN
N15B.csv,3,KQNodes,0.0,1.7384169101715088,"⎛ B,C,D,E,F,G,H,I,J,K,L,M,N,O ⎞⎛ ∅ ⎞⎛ ∅ ⎞
⎝   a,b,c,d,e,f,g,h,i,j,k,n   ⎠⎝ l ⎠⎝ m ⎠
",BCDEFGHIJKLMNO,ABCDEFGHIJKLMN
N15B.csv,3,KGeoMIP,0.008958905935287476,0.6161324977874756,"⎛  D  ⎞⎛ M ⎞⎛ B,C,E,F,G,H,I,J,K,L,N,O ⎞
⎝ a,d ⎠⎝ m ⎠⎝  b,c,e,f,g,h,i,j,k,l,n  ⎠
",BCDEFGHIJKLMNO,ABCDEFGHIJKLMN
N15B.csv,4,KQNodes,0.0,1.7205872535705566,"⎛ B,C,D,E,F,G,H,I,J,K,L,M,N,O ⎞⎛ ∅ ⎞⎛ ∅ ⎞⎛ ∅ ⎞
⎝    a,b,c,d,e,f,g,h,i,j,n    ⎠⎝ k ⎠⎝ l ⎠⎝ m ⎠
",BCDEFGHIJKLMNO,ABCDEFGHIJKLMN
N15B.csv,4,KGeoMIP,0.016565460711717606,0.5929198265075684,"⎛ O ⎞⎛  D,M  ⎞⎛ B,C,E,F,G,H,I,J,K,L ⎞⎛ N ⎞
⎝ ∅ ⎠⎝ a,d,m ⎠⎝ b,c,e,f,g,h,i,j,k,l ⎠⎝ n ⎠
",BCDEFGHIJKLMNO,ABCDEFGHIJKLMN
N15B.csv,5,KQNodes,0.0,1.68707275390625,"⎛ B,C,D,E,F,G,H,I,J,K,L,M,N,O ⎞⎛ ∅ ⎞⎛ ∅ ⎞⎛ ∅ ⎞⎛ ∅ ⎞
⎝     a,b,c,d,e,f,g,h,i,n     ⎠⎝ j ⎠⎝ k ⎠⎝ l ⎠⎝ m ⎠
",BCDEFGHIJKLMNO,ABCDEFGHIJKLMN
N15B.csv,5,KGeoMIP,0.0283790435642004,0.5841267108917236,"⎛  D  ⎞⎛ M ⎞⎛ E,I,J ⎞⎛ B,C,F,G,H,K,L,O ⎞⎛ N ⎞
⎝ a,d ⎠⎝ m ⎠⎝ e,i,j ⎠⎝  b,c,f,g,h,k,l  ⎠⎝ n ⎠
",BCDEFGHIJKLMNO,ABCDEFGHIJKLMN
N15B.csv,2,KQNodes,0.0,1.732686996459961,"⎛ B,C,D,E,F,G,H,I,J,K,L,M,N,O ⎞⎛ ∅ ⎞
⎝  b,c,d,e,f,g,h,i,j,k,l,m,n  ⎠⎝ o ⎠
",BCDEFGHIJKLMNO,BCDEFGHIJKLMNO
N15B.csv,2,KGeoMIP,0.0,0.6644489765167236,"⎛ B,C,D,E,F,G,H,I,J,K,L,M,N,O ⎞⎛ ∅ ⎞
⎝  c,d,e,f,g,h,i,j,k,l,m,n,o  ⎠⎝ b ⎠
",BCDEFGHIJKLMNO,BCDEFGHIJKLMNO
N15B.csv,3,KQNodes,0.0,1.7510368824005127,"⎛ B,C,D,E,F,G,H,I,J,K,L,M,N,O ⎞⎛ ∅ ⎞⎛ ∅ ⎞
⎝   b,c,d,e,f,g,h,i,j,k,l,m   ⎠⎝ n ⎠⎝ o ⎠
",BCDEFGHIJKLMNO,BCDEFGHIJKLMNO
N15B.csv,3,KGeoMIP,0.013761119917035103,0.5934333801269531,"⎛ L ⎞⎛ B,C,D,E,H,I,J,K,M,N,O ⎞⎛ F,G ⎞
⎝ l ⎠⎝ b,c,d,e,h,i,j,k,m,n,o ⎠⎝ f,g ⎠
",BCDEFGHIJKLMNO,BCDEFGHIJKLMNO
N15B.csv,4,KQNodes,0.0,1.7061786651611328,"⎛ B,C,D,E,F,G,H,I,J,K,L,M,N,O ⎞⎛ ∅ ⎞⎛ ∅ ⎞⎛ ∅ ⎞
⎝    b,c,d,e,f,g,h,i,j,k,l    ⎠⎝ m ⎠⎝ n ⎠⎝ o ⎠
",BCDEFGHIJKLMNO,BCDEFGHIJKLMNO
N15B.csv,4,KGeoMIP,0.021239815279841423,0.5855903625488281,"⎛ L ⎞⎛ D ⎞⎛ B,C,E,H,I,J,K,M,N,O ⎞⎛ F,G ⎞
⎝ l ⎠⎝ d ⎠⎝ b,c,e,h,i,j,k,m,n,o ⎠⎝ f,g ⎠
",BCDEFGHIJKLMNO,BCDEFGHIJKLMNO
N15B.csv,5,KQNodes,0.0,1.7074809074401855,"⎛ B,C,D,E,F,G,H,I,J,K,L,M,N,O ⎞⎛ ∅ ⎞⎛ ∅ ⎞⎛ ∅ ⎞⎛ ∅ ⎞
⎝     b,c,d,e,f,g,h,i,k,l     ⎠⎝ j ⎠⎝ m ⎠⎝ n ⎠⎝ o ⎠
",BCDEFGHIJKLMNO,BCDEFGHIJKLMNO
N15B.csv,5,KGeoMIP,0.05208994448184967,0.5860247611999512,"⎛ K ⎞⎛ D ⎞⎛ C,H,J,M,N ⎞⎛ B,E,I,O ⎞⎛ F,G,L ⎞
⎝ k ⎠⎝ d ⎠⎝ c,h,j,m,n ⎠⎝ b,e,i,o ⎠⎝ f,g,l ⎠
",BCDEFGHIJKLMNO,BCDEFGHIJKLMNO
N15B.csv,2,KQNodes,0.0,1.5008761882781982,"⎛ B,C,D,E,F,G,H,I,J,K,L,M,N,O ⎞⎛ ∅ ⎞
⎝   b,c,d,e,f,g,h,i,j,k,l,m   ⎠⎝ n ⎠
",BCDEFGHIJKLMNO,BCDEFGHIJKLMN
N15B.csv,2,KGeoMIP,0.0,0.31575798988342285,"⎛ B,C,D,E,F,G,H,I,J,K,L,M,N,O ⎞⎛ ∅ ⎞
⎝   c,d,e,f,g,h,i,j,k,l,m,n   ⎠⎝ b ⎠
",BCDEFGHIJKLMNO,BCDEFGHIJKLMN
N15B.csv,3,KQNodes,0.0,1.483576774597168,"⎛ B,C,D,E,F,G,H,I,J,K,L,M,N,O ⎞⎛ ∅ ⎞⎛ ∅ ⎞
⎝    b,c,d,e,f,g,h,i,j,k,l    ⎠⎝ m ⎠⎝ n ⎠
",BCDEFGHIJKLMNO,BCDEFGHIJKLMN
N15B.csv,3,KGeoMIP,0.03153270483016968,0.28334546089172363,"⎛ E ⎞⎛ B,C,D,F,H,I,K,M,N ⎞⎛ G,J,L,O ⎞
⎝ e ⎠⎝ b,c,d,f,h,i,k,m,n ⎠⎝  g,j,l  ⎠
",BCDEFGHIJKLMNO,BCDEFGHIJKLMN
N15B.csv,4,KQNodes,0.0,1.4985475540161133,"⎛ B,C,D,E,F,G,H,I,J,K,L,M,N,O ⎞⎛ ∅ ⎞⎛ ∅ ⎞⎛ ∅ ⎞
⎝     b,c,d,e,f,g,h,i,k,l     ⎠⎝ j ⎠⎝ m ⎠⎝ n ⎠
",BCDEFGHIJKLMNO,BCDEFGHIJKLMN
N15B.csv,4,KGeoMIP,0.03206190839409828,0.2845942974090576,"⎛ E ⎞⎛ B,C,D,F,H,I,K,M,N ⎞⎛ G,J,L ⎞⎛ O ⎞
⎝ e ⎠⎝ b,c,d,f,h,i,k,m,n ⎠⎝ g,j,l ⎠⎝ ∅ ⎠
",BCDEFGHIJKLMNO,BCDEFGHIJKLMN
N15B.csv,5,KQNodes,0.0036892362404614687,1.4682025909423828,"⎛ B,C,D,E,F,G,H,I,J,K,L,M,N,O ⎞⎛ ∅ ⎞⎛ ∅ ⎞⎛ ∅ ⎞⎛ ∅ ⎞
⎝      b,c,d,e,f,g,h,i,l      ⎠⎝ j ⎠⎝ k ⎠⎝ m ⎠⎝ n ⎠
",BCDEFGHIJKLMNO,BCDEFGHIJKLMN
N15B.csv,5,KGeoMIP,0.031846143305301666,0.2850344181060791,"⎛ E ⎞⎛ B,C,D,F,H,I,K,M,N ⎞⎛ J ⎞⎛ G,L ⎞⎛ O ⎞
⎝ e ⎠⎝ b,c,d,f,h,i,k,m,n ⎠⎝ j ⎠⎝ g,l ⎠⎝ ∅ ⎠
",BCDEFGHIJKLMNO,BCDEFGHIJKLMN
N15B.csv,2,KQNodes,0.003673182101920247,0.9804978370666504,"⎛ B,C,E,F,G,H,I,J,K,L,M,N,O ⎞⎛ D ⎞
⎝    a,b,d,e,g,h,j,k,m,n    ⎠⎝ ∅ ⎠
",BCDEFGHIJKLMNO,ABDEGHJKMN
N15B.csv,2,KGeoMIP,0.003673182101920247,0.06302618980407715,"⎛ B,C,E,F,G,H,I,J,K,L,M,N,O ⎞⎛ D ⎞
⎝    a,b,d,e,g,h,j,k,m,n    ⎠⎝ ∅ ⎠
",BCDEFGHIJKLMNO,ABDEGHJKMN
N15B.csv,3,KQNodes,0.007393580861389637,0.9791285991668701,"⎛ B,C,E,G,H,I,J,K,L,M,N,O ⎞⎛ D ⎞⎛ F ⎞
⎝   a,b,d,e,g,h,j,k,m,n   ⎠⎝ ∅ ⎠⎝ ∅ ⎠
",BCDEFGHIJKLMNO,ABDEGHJKMN
N15B.csv,3,KGeoMIP,0.029568981379270554,0.04974055290222168,"⎛ E,L ⎞⎛ G ⎞⎛ B,C,D,F,H,I,J,K,M,N,O ⎞
⎝ a,e ⎠⎝ g ⎠⎝     b,d,h,j,k,m,n     ⎠
",BCDEFGHIJKLMNO,ABDEGHJKMN
N15B.csv,4,KQNodes,0.011148695833981037,0.977881908416748,"⎛ B,C,E,G,H,I,J,K,L,M,N,O ⎞⎛ ∅ ⎞⎛ D ⎞⎛ F ⎞
⎝    a,b,d,e,g,h,j,k,m    ⎠⎝ n ⎠⎝ ∅ ⎠⎝ ∅ ⎠
",BCDEFGHIJKLMNO,ABDEGHJKMN
N15B.csv,4,KGeoMIP,0.030620580539107323,0.047234296798706055,"⎛ E ⎞⎛ L ⎞⎛ G ⎞⎛ B,C,D,F,H,I,J,K,M,N,O ⎞
⎝ e ⎠⎝ a ⎠⎝ g ⎠⎝     b,d,h,j,k,m,n     ⎠
",BCDEFGHIJKLMNO,ABDEGHJKMN
N15B.csv,5,KQNodes,0.014925713650882244,0.9657034873962402,"⎛ C,E,G,H,I,J,K,L,M,N,O ⎞⎛ ∅ ⎞⎛ B ⎞⎛ D ⎞⎛ F ⎞
⎝   a,b,d,e,g,h,j,k,m   ⎠⎝ n ⎠⎝ ∅ ⎠⎝ ∅ ⎠⎝ ∅ ⎠
",BCDEFGHIJKLMNO,ABDEGHJKMN
N15B.csv,5,KGeoMIP,0.03589621186256409,0.06342411041259766,"⎛ E ⎞⎛ L ⎞⎛ G ⎞⎛ C,D,F,H,I,J,K,M,N,O ⎞⎛ B ⎞
⎝ e ⎠⎝ a ⎠⎝ g ⎠⎝     d,h,j,k,m,n     ⎠⎝ b ⎠
",BCDEFGHIJKLMNO,ABDEGHJKMN
N15B.csv,2,KQNodes,0.004644137807190418,0.7751588821411133,"⎛ B,C,F,H,J,K,L,N,O ⎞⎛ D,E,G,I,M ⎞
⎝    a,c,e,g,m,o    ⎠⎝    i,k    ⎠
",BCDEFGHIJKLMNO,ACEGIKMO
N15B.csv,2,KGeoMIP,2.8440728783607483e-05,0.031508445739746094,"⎛ B,C,D,E,F,G,H,I,J,K,L,M,O ⎞⎛ N ⎞
⎝      a,c,e,g,i,k,m,o      ⎠⎝ ∅ ⎠
",BCDEFGHIJKLMNO,ACEGIKMO
N15B.csv,3,KQNodes,0.0030719025526195765,0.7751774787902832,"⎛ B,C,F,H,J,K,N ⎞⎛ L,O ⎞⎛ D,E,G,I,M ⎞
⎝    a,c,e,m    ⎠⎝ g,o ⎠⎝    i,k    ⎠
",BCDEFGHIJKLMNO,ACEGIKMO
N15B.csv,3,KGeoMIP,0.004626923706382513,0.047588348388671875,"⎛ I ⎞⎛ B,C,D,E,F,G,H,J,K,L,M,N ⎞⎛ O ⎞
⎝ i ⎠⎝       a,c,e,g,k,m       ⎠⎝ o ⎠
",BCDEFGHIJKLMNO,ACEGIKMO
N15B.csv,4,KQNodes,0.0030454944353550673,0.776219367980957,"⎛ B,K ⎞⎛ C,F,H,J,N ⎞⎛ L,O ⎞⎛ D,E,G,I,M ⎞
⎝  a  ⎠⎝   c,e,m   ⎠⎝ g,o ⎠⎝    i,k    ⎠
",BCDEFGHIJKLMNO,ACEGIKMO
N15B.csv,4,KGeoMIP,0.005431292112916708,0.04758119583129883,"⎛ G ⎞⎛ B,F,H,J,L,M,N ⎞⎛ C,D,E,I,K ⎞⎛ O ⎞
⎝ g ⎠⎝      a,m      ⎠⎝  c,e,i,k  ⎠⎝ o ⎠
",BCDEFGHIJKLMNO,ACEGIKMO
N15B.csv,5,KQNodes,0.0029523128177970648,0.7747528553009033,"⎛ B,K ⎞⎛ C,H,J ⎞⎛ F,N ⎞⎛ L,O ⎞⎛ D,E,G,I,M ⎞
⎝  a  ⎠⎝  c,m  ⎠⎝  e  ⎠⎝ g,o ⎠⎝    i,k    ⎠
",BCDEFGHIJKLMNO,ACEGIKMO
N15B.csv,5,KGeoMIP,0.005146617069840431,0.03929710388183594,"⎛ M ⎞⎛ B,J,N ⎞⎛ F,G,H,L ⎞⎛ C,D,E,I,K ⎞⎛ O ⎞
⎝ m ⎠⎝   a   ⎠⎝    g    ⎠⎝  c,e,i,k  ⎠⎝ o ⎠
",BCDEFGHIJKLMNO,ACEGIKMO
N15B.csv,2,KQNodes,0.003260999917984009,0.6494579315185547,"⎛ B,D,E,F,G,K,L,M,O ⎞⎛ C,H,I,J,N ⎞
⎝     b,d,f,l,n     ⎠⎝    h,j    ⎠
",BCDEFGHIJKLMNO,BDFHJLN
N15B.csv,2,KGeoMIP,1.873960718512535e-05,0.03956031799316406,"⎛ B,C,D,E,F,H,I,J,K,L,M,N,O ⎞⎛ G ⎞
⎝       b,d,f,h,j,l,n       ⎠⎝ ∅ ⎠
",BCDEFGHIJKLMNO,BDFHJLN
N15B.csv,3,KQNodes,0.002479615155607462,0.6511015892028809,"⎛ B,G,K ⎞⎛ D,E,F,L,M,O ⎞⎛ C,H,I,J,N ⎞
⎝   b   ⎠⎝   d,f,l,n   ⎠⎝    h,j    ⎠
",BCDEFGHIJKLMNO,BDFHJLN
N15B.csv,3,KGeoMIP,0.0014729932881891727,0.047419071197509766,"⎛ C ⎞⎛ B,D,E,F,G,H,I,J,K,L,M,N ⎞⎛ O ⎞
⎝ ∅ ⎠⎝      b,d,f,h,j,l,n      ⎠⎝ ∅ ⎠
",BCDEFGHIJKLMNO,BDFHJLN
N15B.csv,4,KQNodes,0.002478779759258032,0.648883581161499,"⎛ B,K ⎞⎛ D,E,F,L,M,O ⎞⎛ C,H,I,J,N ⎞⎛ G ⎞
⎝  b  ⎠⎝   d,f,l,n   ⎠⎝    h,j    ⎠⎝ ∅ ⎠
",BCDEFGHIJKLMNO,BDFHJLN
N15B.csv,4,KGeoMIP,0.00538365263491869,0.031502723693847656,"⎛ B ⎞⎛ E,F,H,J,M,N ⎞⎛ D,G,I,K,L ⎞⎛ C,O ⎞
⎝ b ⎠⎝   f,h,j,n   ⎠⎝    d,l    ⎠⎝  ∅  ⎠
",BCDEFGHIJKLMNO,BDFHJLN
N15B.csv,5,KQNodes,0.002528688870370388,0.6483409404754639,"⎛ B,K ⎞⎛ D,E,F,L,M,O ⎞⎛ C,H,J,N ⎞⎛ G ⎞⎛ I ⎞
⎝  b  ⎠⎝   d,f,l,n   ⎠⎝   h,j   ⎠⎝ ∅ ⎠⎝ ∅ ⎠
",BCDEFGHIJKLMNO,BDFHJLN
N15B.csv,5,KGeoMIP,0.005540928337723017,0.03151392936706543,"⎛ B ⎞⎛ E,F,H,J,M ⎞⎛ N ⎞⎛ D,G,I,K,L ⎞⎛ C,O ⎞
⎝ b ⎠⎝   f,h,j   ⎠⎝ n ⎠⎝    d,l    ⎠⎝  ∅  ⎠
",BCDEFGHIJKLMNO,BDFHJLN
N15B.csv,2,KQNodes,0.0,1.7517366409301758,"⎛  B,C,D,E,F,G,H,I,J,K,L,M,N  ⎞⎛ ∅ ⎞
⎝ a,b,c,d,e,f,g,h,i,j,k,l,m,n ⎠⎝ o ⎠
",BCDEFGHIJKLMN,ABCDEFGHIJKLMNO
N15B.csv,2,KGeoMIP,0.0,1.3528857231140137,"⎛  B,C,D,E,F,G,H,I,J,K,L,M,N  ⎞⎛ ∅ ⎞
⎝ b,c,d,e,f,g,h,i,j,k,l,m,n,o ⎠⎝ a ⎠
",BCDEFGHIJKLMN,ABCDEFGHIJKLMNO
N15B.csv,3,KQNodes,0.0,1.7387075424194336,"⎛ B,C,D,E,F,G,H,I,J,K,L,M,N ⎞⎛ ∅ ⎞⎛ ∅ ⎞
⎝ a,b,c,d,e,f,g,h,i,j,k,l,n ⎠⎝ m ⎠⎝ o ⎠
",BCDEFGHIJKLMN,ABCDEFGHIJKLMNO
N15B.csv,3,KGeoMIP,0.022022012621164322,1.2675328254699707,"⎛ C,D,E,H,I,J,K,M ⎞⎛  ∅  ⎞⎛ B,F,G,L,N ⎞
⎝ c,d,e,h,i,j,k,m ⎠⎝ a,o ⎠⎝ b,f,g,l,n ⎠
",BCDEFGHIJKLMN,ABCDEFGHIJKLMNO
N15B.csv,4,KQNodes,0.0,1.753049612045288,"⎛ B,C,D,E,F,G,H,I,J,K,L,M,N ⎞⎛ ∅ ⎞⎛ ∅ ⎞⎛ ∅ ⎞
⎝  a,b,c,d,e,f,g,h,i,j,k,n  ⎠⎝ l ⎠⎝ m ⎠⎝ o ⎠
",BCDEFGHIJKLMN,ABCDEFGHIJKLMNO
N15B.csv,4,KGeoMIP,0.029103532433509827,1.2353594303131104,"⎛ L ⎞⎛   C,D,E,H,I,J,K,M   ⎞⎛ B ⎞⎛ F,G,N ⎞
⎝ l ⎠⎝ a,c,d,e,h,i,j,k,m,o ⎠⎝ b ⎠⎝ f,g,n ⎠
",BCDEFGHIJKLMN,ABCDEFGHIJKLMNO
N15B.csv,5,KQNodes,0.0,1.927377700805664,"⎛ B,C,D,E,F,G,H,I,J,K,L,M,N ⎞⎛ ∅ ⎞⎛ ∅ ⎞⎛ ∅ ⎞⎛ ∅ ⎞
⎝   a,b,c,d,e,f,g,h,i,j,n   ⎠⎝ k ⎠⎝ l ⎠⎝ m ⎠⎝ o ⎠
",BCDEFGHIJKLMN,ABCDEFGHIJKLMNO
N15B.csv,5,KGeoMIP,0.043221697211265564,1.2579104900360107,"⎛ C,D,E,M ⎞⎛ H,I,J,K ⎞⎛  ∅  ⎞⎛ B ⎞⎛ F,G,L,N ⎞
⎝ c,d,e,m ⎠⎝ h,i,j,k ⎠⎝ a,o ⎠⎝ b ⎠⎝ f,g,l,n ⎠
",BCDEFGHIJKLMN,ABCDEFGHIJKLMNO
N15B.csv,2,KQNodes,0.0,1.4977786540985107,"⎛ B,C,D,E,F,G,H,I,J,K,L,M,N ⎞⎛ ∅ ⎞
⎝ a,b,c,d,e,f,g,h,i,j,k,l,n ⎠⎝ m ⎠
",BCDEFGHIJKLMN,ABCDEFGHIJKLMN
N15B.csv,2,KGeoMIP,0.0,0.6860170364379883,"⎛ B,C,D,E,F,G,H,I,J,K,L,M,N ⎞⎛ ∅ ⎞
⎝ b,c,d,e,f,g,h,i,j,k,l,m,n ⎠⎝ a ⎠
",BCDEFGHIJKLMN,ABCDEFGHIJKLMN
N15B.csv,3,KQNodes,0.0,1.4941339492797852,"⎛ B,C,D,E,F,G,H,I,J,K,L,M,N ⎞⎛ ∅ ⎞⎛ ∅ ⎞
⎝  a,b,c,d,e,f,g,h,i,j,k,n  ⎠⎝ l ⎠⎝ m ⎠
",BCDEFGHIJKLMN,ABCDEFGHIJKLMN
N15B.csv,3,KGeoMIP,0.008958905935287476,0.5759432315826416,"⎛  D  ⎞⎛ M ⎞⎛ B,C,E,F,G,H,I,J,K,L,N ⎞
⎝ a,d ⎠⎝ m ⎠⎝ b,c,e,f,g,h,i,j,k,l,n ⎠
",BCDEFGHIJKLMN,ABCDEFGHIJKLMN
N15B.csv,4,KQNodes,0.0,1.4758260250091553,"⎛ B,C,D,E,F,G,H,I,J,K,L,M,N ⎞⎛ ∅ ⎞⎛ ∅ ⎞⎛ ∅ ⎞
⎝   a,b,c,d,e,f,g,h,i,j,n   ⎠⎝ k ⎠⎝ l ⎠⎝ m ⎠
",BCDEFGHIJKLMN,ABCDEFGHIJKLMN
N15B.csv,4,KGeoMIP,0.013442788273096085,0.5860552787780762,"⎛  D  ⎞⎛ M ⎞⎛ B,C,E,F,G,H,I,J,K,L ⎞⎛ N ⎞
⎝ a,d ⎠⎝ m ⎠⎝ b,c,e,f,g,h,i,j,k,l ⎠⎝ n ⎠
",BCDEFGHIJKLMN,ABCDEFGHIJKLMN
N15B.csv,5,KQNodes,0.0,1.502779245376587,"⎛ B,C,D,E,F,G,H,I,J,K,L,M,N ⎞⎛ ∅ ⎞⎛ ∅ ⎞⎛ ∅ ⎞⎛ ∅ ⎞
⎝    a,b,c,d,e,f,g,h,i,n    ⎠⎝ j ⎠⎝ k ⎠⎝ l ⎠⎝ m ⎠
",BCDEFGHIJKLMN,ABCDEFGHIJKLMN
N15B.csv,5,KGeoMIP,0.0281058382242918,0.5733044147491455,"⎛  D  ⎞⎛ M ⎞⎛ E,I,J ⎞⎛ B,C,F,G,H,K,L ⎞⎛ N ⎞
⎝ a,d ⎠⎝ m ⎠⎝ e,i,j ⎠⎝ b,c,f,g,h,k,l ⎠⎝ n ⎠
",BCDEFGHIJKLMN,ABCDEFGHIJKLMN
N15B.csv,2,KQNodes,0.0,1.4878897666931152,"⎛ B,C,D,E,F,G,H,I,J,K,L,M,N ⎞⎛ ∅ ⎞
⎝ b,c,d,e,f,g,h,i,j,k,l,m,n ⎠⎝ o ⎠
",BCDEFGHIJKLMN,BCDEFGHIJKLMNO
N15B.csv,2,KGeoMIP,0.0,0.6762034893035889,"⎛ B,C,D,E,F,G,H,I,J,K,L,M,N ⎞⎛ ∅ ⎞
⎝ c,d,e,f,g,h,i,j,k,l,m,n,o ⎠⎝ b ⎠
",BCDEFGHIJKLMN,BCDEFGHIJKLMNO
N15B.csv,3,KQNodes,0.0,1.4982812404632568,"⎛ B,C,D,E,F,G,H,I,J,K,L,M,N ⎞⎛ ∅ ⎞⎛ ∅ ⎞
⎝  b,c,d,e,f,g,h,i,j,k,l,m  ⎠⎝ n ⎠⎝ o ⎠
",BCDEFGHIJKLMN,BCDEFGHIJKLMNO
N15B.csv,3,KGeoMIP,0.013761119917035103,0.6024177074432373,"⎛ L ⎞⎛  B,C,D,E,H,I,J,K,M,N  ⎞⎛ F,G ⎞
⎝ l ⎠⎝ b,c,d,e,h,i,j,k,m,n,o ⎠⎝ f,g ⎠
",BCDEFGHIJKLMN,BCDEFGHIJKLMNO
N15B.csv,4,KQNodes,0.0,1.480919599533081,"⎛ B,C,D,E,F,G,H,I,J,K,L,M,N ⎞⎛ ∅ ⎞⎛ ∅ ⎞⎛ ∅ ⎞
⎝   b,c,d,e,f,g,h,i,j,k,l   ⎠⎝ m ⎠⎝ n ⎠⎝ o ⎠
",BCDEFGHIJKLMN,BCDEFGHIJKLMNO
N15B.csv,4,KGeoMIP,0.024853022769093513,0.5935933589935303,"⎛ L ⎞⎛  D  ⎞⎛ B,C,E,H,I,J,K,M,N ⎞⎛ F,G ⎞
⎝ l ⎠⎝ d,o ⎠⎝ b,c,e,h,i,j,k,m,n ⎠⎝ f,g ⎠
",BCDEFGHIJKLMN,BCDEFGHIJKLMNO
N15B.csv,5,KQNodes,0.0,1.463388442993164,"⎛ B,C,D,E,F,G,H,I,J,K,L,M,N ⎞⎛ ∅ ⎞⎛ ∅ ⎞⎛ ∅ ⎞⎛ ∅ ⎞
⎝    b,c,d,e,f,g,h,i,k,l    ⎠⎝ j ⎠⎝ m ⎠⎝ n ⎠⎝ o ⎠
",BCDEFGHIJKLMN,BCDEFGHIJKLMNO
N15B.csv,5,KGeoMIP,0.047332704067230225,0.5656094551086426,"⎛ I ⎞⎛  D  ⎞⎛ C,H,J,M,N ⎞⎛ B,E,K ⎞⎛ F,G,L ⎞
⎝ i ⎠⎝ d,o ⎠⎝ c,h,j,m,n ⎠⎝ b,e,k ⎠⎝ f,g,l ⎠
",BCDEFGHIJKLMN,BCDEFGHIJKLMNO
N15B.csv,2,KQNodes,0.0,1.2996242046356201,"⎛ B,C,D,E,F,G,H,I,J,K,L,M,N ⎞⎛ ∅ ⎞
⎝  b,c,d,e,f,g,h,i,j,k,l,m  ⎠⎝ n ⎠
",BCDEFGHIJKLMN,BCDEFGHIJKLMN
N15B.csv,2,KGeoMIP,0.0,0.3305795192718506,"⎛ B,C,D,E,F,G,H,I,J,K,L,M,N ⎞⎛ ∅ ⎞
⎝  c,d,e,f,g,h,i,j,k,l,m,n  ⎠⎝ b ⎠
",BCDEFGHIJKLMN,BCDEFGHIJKLMN
N15B.csv,3,KQNodes,0.0,1.2696120738983154,"⎛ B,C,D,E,F,G,H,I,J,K,L,M,N ⎞⎛ ∅ ⎞⎛ ∅ ⎞
⎝   b,c,d,e,f,g,h,i,j,k,l   ⎠⎝ m ⎠⎝ n ⎠
",BCDEFGHIJKLMN,BCDEFGHIJKLMN
N15B.csv,3,KGeoMIP,0.02779303677380085,0.28094005584716797,"⎛ E ⎞⎛ B,C,D,F,H,I,K,M,N ⎞⎛ G,J,L ⎞
⎝ e ⎠⎝ b,c,d,f,h,i,k,m,n ⎠⎝ g,j,l ⎠
",BCDEFGHIJKLMN,BCDEFGHIJKLMN
N15B.csv,4,KQNodes,0.0,1.2750632762908936,"⎛ B,C,D,E,F,G,H,I,J,K,L,M,N ⎞⎛ ∅ ⎞⎛ ∅ ⎞⎛ ∅ ⎞
⎝    b,c,d,e,f,g,h,i,k,l    ⎠⎝ j ⎠⎝ m ⎠⎝ n ⎠
",BCDEFGHIJKLMN,BCDEFGHIJKLMN
N15B.csv,4,KGeoMIP,0.027577271685004234,0.2772550582885742,"⎛ E ⎞⎛ B,C,D,F,H,I,K,M,N ⎞⎛ J ⎞⎛ G,L ⎞
⎝ e ⎠⎝ b,c,d,f,h,i,k,m,n ⎠⎝ j ⎠⎝ g,l ⎠
",BCDEFGHIJKLMN,BCDEFGHIJKLMN
N15B.csv,5,KQNodes,0.003146701492369175,1.275404453277588,"⎛ B,C,D,E,F,G,H,I,J,K,L,M,N ⎞⎛ ∅ ⎞⎛ ∅ ⎞⎛ ∅ ⎞⎛ ∅ ⎞
⎝     b,c,d,e,f,g,h,i,l     ⎠⎝ j ⎠⎝ k ⎠⎝ m ⎠⎝ n ⎠
",BCDEFGHIJKLMN,BCDEFGHIJKLMN
N15B.csv,5,KGeoMIP,0.02835223637521267,0.2817718982696533,"⎛ L ⎞⎛ B,C,D,F,H,I,K,M,N ⎞⎛ J ⎞⎛ E ⎞⎛ G ⎞
⎝ l ⎠⎝ b,c,d,f,h,i,k,m,n ⎠⎝ j ⎠⎝ e ⎠⎝ g ⎠
",BCDEFGHIJKLMN,BCDEFGHIJKLMN
N15B.csv,2,KQNodes,0.003673182101920247,0.821685791015625,"⎛ B,C,E,F,G,H,I,J,K,L,M,N ⎞⎛ D ⎞
⎝   a,b,d,e,g,h,j,k,m,n   ⎠⎝ ∅ ⎠
",BCDEFGHIJKLMN,ABDEGHJKMN
N15B.csv,2,KGeoMIP,0.003673182101920247,0.06329607963562012,"⎛ B,C,E,F,G,H,I,J,K,L,M,N ⎞⎛ D ⎞
⎝   a,b,d,e,g,h,j,k,m,n   ⎠⎝ ∅ ⎠
",BCDEFGHIJKLMN,ABDEGHJKMN
N15B.csv,3,KQNodes,0.007916579023003578,0.8000209331512451,"⎛ B,C,E,F,G,H,I,J,K,L,M,N ⎞⎛ ∅ ⎞⎛ D ⎞
⎝    a,b,d,e,g,h,j,k,m    ⎠⎝ n ⎠⎝ ∅ ⎠
",BCDEFGHIJKLMN,ABDEGHJKMN
N15B.csv,3,KGeoMIP,0.02809053845703602,0.04726743698120117,"⎛ E,L ⎞⎛ G ⎞⎛ B,C,D,F,H,I,J,K,M,N ⎞
⎝ a,e ⎠⎝ g ⎠⎝    b,d,h,j,k,m,n    ⎠
",BCDEFGHIJKLMN,ABDEGHJKMN
N15B.csv,4,KQNodes,0.014073184691369534,0.8190555572509766,"⎛ B,C,E,F,G,H,I,J,K,L,M,N ⎞⎛ ∅ ⎞⎛ ∅ ⎞⎛ D ⎞
⎝     a,b,d,e,g,h,k,m     ⎠⎝ j ⎠⎝ n ⎠⎝ ∅ ⎠
",BCDEFGHIJKLMN,ABDEGHJKMN
N15B.csv,4,KGeoMIP,0.029142137616872787,0.056305885314941406,"⎛ E ⎞⎛ L ⎞⎛ G ⎞⎛ B,C,D,F,H,I,J,K,M,N ⎞
⎝ e ⎠⎝ a ⎠⎝ g ⎠⎝    b,d,h,j,k,m,n    ⎠
",BCDEFGHIJKLMN,ABDEGHJKMN
N15B.csv,5,KQNodes,0.017941264435648918,0.8027491569519043,"⎛ B,C,E,F,G,H,I,J,K,L,M,N ⎞⎛ ∅ ⎞⎛ ∅ ⎞⎛ ∅ ⎞⎛ D ⎞
⎝      a,b,d,e,g,h,m      ⎠⎝ j ⎠⎝ k ⎠⎝ n ⎠⎝ ∅ ⎠
",BCDEFGHIJKLMN,ABDEGHJKMN
N15B.csv,5,KGeoMIP,0.034484826028347015,0.047267913818359375,"⎛ E ⎞⎛ L ⎞⎛ G ⎞⎛ C,D,F,H,I,J,K,M,N ⎞⎛ B ⎞
⎝ e ⎠⎝ a ⎠⎝ g ⎠⎝    d,h,j,k,m,n    ⎠⎝ b ⎠
",BCDEFGHIJKLMN,ABDEGHJKMN
N15B.csv,2,KQNodes,0.004117859993129969,0.676931619644165,"⎛ B,K,L,N ⎞⎛ C,D,E,F,G,H,I,J,M ⎞
⎝   a,o   ⎠⎝    c,e,g,i,k,m    ⎠
",BCDEFGHIJKLMN,ACEGIKMO
N15B.csv,2,KGeoMIP,2.8440728783607483e-05,0.0313568115234375,"⎛ B,C,D,E,F,G,H,I,J,K,L,M ⎞⎛ N ⎞
⎝     a,c,e,g,i,k,m,o     ⎠⎝ ∅ ⎠
",BCDEFGHIJKLMN,ACEGIKMO
N15B.csv,3,KQNodes,0.003253362374380231,0.660137414932251,"⎛ B,K,L,N ⎞⎛ C,F,H,J ⎞⎛ D,E,G,I,M ⎞
⎝   a,o   ⎠⎝ c,e,g,m ⎠⎝    i,k    ⎠
",BCDEFGHIJKLMN,ACEGIKMO
N15B.csv,3,KGeoMIP,0.0048309373669326305,0.04824376106262207,"⎛ G ⎞⎛ B,F,H,J,L,M,N ⎞⎛ C,D,E,I,K ⎞
⎝ g ⎠⎝     a,m,o     ⎠⎝  c,e,i,k  ⎠
",BCDEFGHIJKLMN,ACEGIKMO
N15B.csv,4,KQNodes,0.0026240109000355005,0.6268093585968018,"⎛ B,K,L,N ⎞⎛ C,H,J ⎞⎛  F  ⎞⎛ D,E,G,I,M ⎞
⎝   a,o   ⎠⎝  c,m  ⎠⎝ e,g ⎠⎝    i,k    ⎠
",BCDEFGHIJKLMN,ACEGIKMO
N15B.csv,4,KGeoMIP,0.004551856312900782,0.04700422286987305,"⎛ G ⎞⎛ B,H,J,L,M,N ⎞⎛ F ⎞⎛ C,D,E,I,K ⎞
⎝ g ⎠⎝    a,m,o    ⎠⎝ ∅ ⎠⎝  c,e,i,k  ⎠
",BCDEFGHIJKLMN,ACEGIKMO
N15B.csv,5,KQNodes,0.002605593530461192,0.6415057182312012,"⎛ B,K,L ⎞⎛ C,H,J ⎞⎛  F  ⎞⎛ D,E,G,I,M ⎞⎛ N ⎞
⎝  a,o  ⎠⎝  c,m  ⎠⎝ e,g ⎠⎝    i,k    ⎠⎝ ∅ ⎠
",BCDEFGHIJKLMN,ACEGIKMO
N15B.csv,5,KGeoMIP,0.0051649087108671665,0.03192615509033203,"⎛ G ⎞⎛ B,H,J,L,M,N ⎞⎛ F ⎞⎛ K ⎞⎛ C,D,E,I ⎞
⎝ g ⎠⎝    a,m,o    ⎠⎝ ∅ ⎠⎝ k ⎠⎝  c,e,i  ⎠
",BCDEFGHIJKLMN,ACEGIKMO
N15B.csv,2,KQNodes,0.0032071941532194614,0.5530376434326172,"⎛ B,D,E,F,G,K,L,M ⎞⎛ C,H,I,J,N ⎞
⎝    b,d,f,l,n    ⎠⎝    h,j    ⎠
",BCDEFGHIJKLMN,BDFHJLN
N15B.csv,2,KGeoMIP,1.873960718512535e-05,0.03152918815612793,"⎛ B,C,D,E,F,H,I,J,K,L,M,N ⎞⎛ G ⎞
⎝      b,d,f,h,j,l,n      ⎠⎝ ∅ ⎠
",BCDEFGHIJKLMN,BDFHJLN
N15B.csv,3,KQNodes,0.0021994616836309433,0.5437312126159668,"⎛ B,G,K ⎞⎛ D,E,F,L,M ⎞⎛ C,H,I,J,N ⎞
⎝   b   ⎠⎝  d,f,l,n  ⎠⎝    h,j    ⎠
",BCDEFGHIJKLMN,BDFHJLN
N15B.csv,3,KGeoMIP,0.0010849474929273129,0.028484582901000977,"⎛ G ⎞⎛ B,D,E,F,H,I,J,K,L,M,N ⎞⎛ C ⎞
⎝ ∅ ⎠⎝     b,d,f,h,j,l,n     ⎠⎝ ∅ ⎠
",BCDEFGHIJKLMN,BDFHJLN
N15B.csv,4,KQNodes,0.002198626287281513,0.5457172393798828,"⎛ B,K ⎞⎛ D,E,F,L,M ⎞⎛ C,H,I,J,N ⎞⎛ G ⎞
⎝  b  ⎠⎝  d,f,l,n  ⎠⎝    h,j    ⎠⎝ ∅ ⎠
",BCDEFGHIJKLMN,BDFHJLN
N15B.csv,4,KGeoMIP,0.0049768672324717045,0.03147482872009277,"⎛ B ⎞⎛ E,F,H,J,M,N ⎞⎛ D,G,I,K,L ⎞⎛ C ⎞
⎝ b ⎠⎝   f,h,j,n   ⎠⎝    d,l    ⎠⎝ ∅ ⎠
",BCDEFGHIJKLMN,BDFHJLN
N15B.csv,5,KQNodes,0.0022485353983938694,0.5498538017272949,"⎛ B,K ⎞⎛ D,E,F,L,M ⎞⎛ C,H,J,N ⎞⎛ G ⎞⎛ I ⎞
⎝  b  ⎠⎝  d,f,l,n  ⎠⎝   h,j   ⎠⎝ ∅ ⎠⎝ ∅ ⎠
",BCDEFGHIJKLMN,BDFHJLN
N15B.csv,5,KGeoMIP,0.0051341429352760315,0.031505584716796875,"⎛ B ⎞⎛ E,F,H,J,M ⎞⎛ N ⎞⎛ D,G,I,K,L ⎞⎛ C ⎞
⎝ b ⎠⎝   f,h,j   ⎠⎝ n ⎠⎝    d,l    ⎠⎝ ∅ ⎠
",BCDEFGHIJKLMN,BDFHJLN
N15B.csv,2,KQNodes,0.0,1.1330642700195312,"⎛     A,B,D,E,G,H,J,K,M,N     ⎞⎛ ∅ ⎞
⎝ a,b,c,d,e,f,g,h,i,j,k,l,m,n ⎠⎝ o ⎠
",ABDEGHJKMN,ABCDEFGHIJKLMNO
N15B.csv,2,KGeoMIP,0.0,1.3467414379119873,"⎛     A,B,D,E,G,H,J,K,M,N     ⎞⎛ ∅ ⎞
⎝ b,c,d,e,f,g,h,i,j,k,l,m,n,o ⎠⎝ a ⎠
",ABDEGHJKMN,ABCDEFGHIJKLMNO
N15B.csv,3,KQNodes,0.0,1.1253948211669922,"⎛    A,B,D,E,G,H,J,K,M,N    ⎞⎛ ∅ ⎞⎛ ∅ ⎞
⎝ a,b,c,d,e,f,g,h,i,j,k,l,m ⎠⎝ n ⎠⎝ o ⎠
",ABDEGHJKMN,ABCDEFGHIJKLMNO
N15B.csv,3,KGeoMIP,0.01678251475095749,1.2060346603393555,"⎛ N ⎞⎛      D,E,H,J,K,M      ⎞⎛ A,B,G ⎞
⎝ n ⎠⎝ c,d,e,f,h,i,j,k,l,m,o ⎠⎝ a,b,g ⎠
",ABDEGHJKMN,ABCDEFGHIJKLMNO
N15B.csv,4,KQNodes,0.0,1.1170482635498047,"⎛   A,B,D,E,G,H,J,K,M,N   ⎞⎛ ∅ ⎞⎛ ∅ ⎞⎛ ∅ ⎞
⎝ a,b,c,d,e,f,g,h,i,j,k,l ⎠⎝ m ⎠⎝ n ⎠⎝ o ⎠
",ABDEGHJKMN,ABCDEFGHIJKLMNO
N15B.csv,4,KGeoMIP,0.01858518086373806,1.2250020503997803,"⎛ A ⎞⎛      D,E,H,J,K,M      ⎞⎛ B ⎞⎛ G,N ⎞
⎝ a ⎠⎝ c,d,e,f,h,i,j,k,l,m,o ⎠⎝ b ⎠⎝ g,n ⎠
",ABDEGHJKMN,ABCDEFGHIJKLMNO
N15B.csv,5,KQNodes,0.0,1.0867595672607422,"⎛  A,B,D,E,G,H,J,K,M,N  ⎞⎛ ∅ ⎞⎛ ∅ ⎞⎛ ∅ ⎞⎛ ∅ ⎞
⎝ a,b,c,d,e,f,g,h,i,j,l ⎠⎝ k ⎠⎝ m ⎠⎝ n ⎠⎝ o ⎠
",ABDEGHJKMN,ABCDEFGHIJKLMNO
N15B.csv,5,KGeoMIP,0.03238829970359802,1.182638168334961,"⎛ J ⎞⎛      D,E,M      ⎞⎛ K ⎞⎛ H ⎞⎛ A,B,G,N ⎞
⎝ j ⎠⎝ c,d,e,f,i,l,m,o ⎠⎝ k ⎠⎝ h ⎠⎝ a,b,g,n ⎠
",ABDEGHJKMN,ABCDEFGHIJKLMNO
N15B.csv,2,KQNodes,0.0,0.8980355262756348,"⎛    A,B,D,E,G,H,J,K,M,N    ⎞⎛ ∅ ⎞
⎝ a,b,c,d,e,f,g,h,i,j,k,l,m ⎠⎝ n ⎠
",ABDEGHJKMN,ABCDEFGHIJKLMN
N15B.csv,2,KGeoMIP,0.0,0.632453203201294,"⎛    A,B,D,E,G,H,J,K,M,N    ⎞⎛ ∅ ⎞
⎝ b,c,d,e,f,g,h,i,j,k,l,m,n ⎠⎝ a ⎠
",ABDEGHJKMN,ABCDEFGHIJKLMN
N15B.csv,3,KQNodes,0.0,0.8956289291381836,"⎛   A,B,D,E,G,H,J,K,M,N   ⎞⎛ ∅ ⎞⎛ ∅ ⎞
⎝ a,b,c,d,e,f,g,h,i,j,k,l ⎠⎝ m ⎠⎝ n ⎠
",ABDEGHJKMN,ABCDEFGHIJKLMN
N15B.csv,3,KGeoMIP,0.0091891810297966,0.5734717845916748,"⎛ N ⎞⎛     B,D,E,G,H,J,K,M     ⎞⎛ A ⎞
⎝ n ⎠⎝ b,c,d,e,f,g,h,i,j,k,l,m ⎠⎝ a ⎠
",ABDEGHJKMN,ABCDEFGHIJKLMN
N15B.csv,4,KQNodes,0.0,0.8743438720703125,"⎛  A,B,D,E,G,H,J,K,M,N  ⎞⎛ ∅ ⎞⎛ ∅ ⎞⎛ ∅ ⎞
⎝ a,b,c,d,e,f,g,h,i,j,l ⎠⎝ k ⎠⎝ m ⎠⎝ n ⎠
",ABDEGHJKMN,ABCDEFGHIJKLMN
N15B.csv,4,KGeoMIP,0.017196379601955414,0.5677118301391602,"⎛ H ⎞⎛     B,D,E,G,J,K,M     ⎞⎛ N ⎞⎛ A ⎞
⎝ h ⎠⎝ b,c,d,e,f,g,i,j,k,l,m ⎠⎝ n ⎠⎝ a ⎠
",ABDEGHJKMN,ABCDEFGHIJKLMN
N15B.csv,5,KQNodes,0.0,0.878831148147583,"⎛ A,B,D,E,G,H,J,K,M,N ⎞⎛ ∅ ⎞⎛ ∅ ⎞⎛ ∅ ⎞⎛ ∅ ⎞
⎝ a,b,c,d,e,f,h,i,j,l ⎠⎝ g ⎠⎝ k ⎠⎝ m ⎠⎝ n ⎠
",ABDEGHJKMN,ABCDEFGHIJKLMN
N15B.csv,5,KGeoMIP,0.02829146385192871,0.5615382194519043,"⎛ D,M ⎞⎛ E,J ⎞⎛     B,G,H,K     ⎞⎛ N ⎞⎛ A ⎞
⎝ d,m ⎠⎝ e,j ⎠⎝ b,c,f,g,h,i,k,l ⎠⎝ n ⎠⎝ a ⎠
",ABDEGHJKMN,ABCDEFGHIJKLMN
N15B.csv,2,KQNodes,0.0,0.9275178909301758,"⎛    A,B,D,E,G,H,J,K,M,N    ⎞⎛ ∅ ⎞
⎝ b,c,d,e,f,g,h,i,j,k,l,m,n ⎠⎝ o ⎠
",ABDEGHJKMN,BCDEFGHIJKLMNO
N15B.csv,2,KGeoMIP,0.0,0.6454005241394043,"⎛    A,B,D,E,G,H,J,K,M,N    ⎞⎛ ∅ ⎞
⎝ c,d,e,f,g,h,i,j,k,l,m,n,o ⎠⎝ b ⎠
",ABDEGHJKMN,BCDEFGHIJKLMNO
N15B.csv,3,KQNodes,0.0,0.9381048679351807,"⎛   A,B,D,E,G,H,J,K,M,N   ⎞⎛ ∅ ⎞⎛ ∅ ⎞
⎝ b,c,d,e,f,g,h,i,j,k,l,m ⎠⎝ n ⎠⎝ o ⎠
",ABDEGHJKMN,BCDEFGHIJKLMNO
N15B.csv,3,KGeoMIP,0.009095173329114914,0.5818257331848145,"⎛ A ⎞⎛      B,D,E,H,J,K,M,N      ⎞⎛ G ⎞
⎝ ∅ ⎠⎝ b,c,d,e,f,h,i,j,k,l,m,n,o ⎠⎝ g ⎠
",ABDEGHJKMN,BCDEFGHIJKLMNO
N15B.csv,4,KQNodes,0.0,0.9161553382873535,"⎛  A,B,D,E,G,H,J,K,M,N  ⎞⎛ ∅ ⎞⎛ ∅ ⎞⎛ ∅ ⎞
⎝ b,c,d,e,f,g,h,i,j,k,l ⎠⎝ m ⎠⎝ n ⎠⎝ o ⎠
",ABDEGHJKMN,BCDEFGHIJKLMNO
N15B.csv,4,KGeoMIP,0.025101523846387863,0.5672988891601562,"⎛ A ⎞⎛      D      ⎞⎛ B,E,H,J,K,M,N ⎞⎛ G ⎞
⎝ ∅ ⎠⎝ c,d,f,i,l,o ⎠⎝ b,e,h,j,k,m,n ⎠⎝ g ⎠
",ABDEGHJKMN,BCDEFGHIJKLMNO
N15B.csv,5,KQNodes,0.0,0.8945016860961914,"⎛ A,B,D,E,G,H,J,K,M,N ⎞⎛ ∅ ⎞⎛ ∅ ⎞⎛ ∅ ⎞⎛ ∅ ⎞
⎝ b,c,d,e,g,h,i,j,k,l ⎠⎝ f ⎠⎝ m ⎠⎝ n ⎠⎝ o ⎠
",ABDEGHJKMN,BCDEFGHIJKLMNO
N15B.csv,5,KGeoMIP,0.03180229663848877,0.5612027645111084,"⎛ D ⎞⎛ H,J,M,N ⎞⎛      B,E,K      ⎞⎛ A ⎞⎛ G ⎞
⎝ d ⎠⎝ h,j,m,n ⎠⎝ b,c,e,f,i,k,l,o ⎠⎝ ∅ ⎠⎝ g ⎠
",ABDEGHJKMN,BCDEFGHIJKLMNO
N15B.csv,2,KQNodes,0.0,0.7866599559783936,"⎛   A,B,D,E,G,H,J,K,M,N   ⎞⎛ ∅ ⎞
⎝ b,c,d,e,f,g,h,i,j,k,l,m ⎠⎝ n ⎠
",ABDEGHJKMN,BCDEFGHIJKLMN
N15B.csv,2,KGeoMIP,0.0,0.29862165451049805,"⎛   A,B,D,E,G,H,J,K,M,N   ⎞⎛ ∅ ⎞
⎝ c,d,e,f,g,h,i,j,k,l,m,n ⎠⎝ b ⎠
",ABDEGHJKMN,BCDEFGHIJKLMN
N15B.csv,3,KQNodes,0.0,0.7544331550598145,"⎛  A,B,D,E,G,H,J,K,M,N  ⎞⎛ ∅ ⎞⎛ ∅ ⎞
⎝ b,c,d,e,f,g,h,i,j,k,l ⎠⎝ m ⎠⎝ n ⎠
",ABDEGHJKMN,BCDEFGHIJKLMN
N15B.csv,3,KGeoMIP,0.02338246814906597,0.2678356170654297,"⎛ G ⎞⎛     B,D,H,K,M,N     ⎞⎛ A,E,J ⎞
⎝ g ⎠⎝ b,c,d,f,h,i,k,l,m,n ⎠⎝  e,j  ⎠
",ABDEGHJKMN,BCDEFGHIJKLMN
N15B.csv,4,KQNodes,0.0,0.7708263397216797,"⎛ A,B,D,E,G,H,J,K,M,N ⎞⎛ ∅ ⎞⎛ ∅ ⎞⎛ ∅ ⎞
⎝ b,c,d,e,g,h,i,j,k,l ⎠⎝ f ⎠⎝ m ⎠⎝ n ⎠
",ABDEGHJKMN,BCDEFGHIJKLMN
N15B.csv,4,KGeoMIP,0.023707354441285133,0.269946813583374,"⎛ E ⎞⎛     B,D,H,K,M,N     ⎞⎛ G,J ⎞⎛ A ⎞
⎝ e ⎠⎝ b,c,d,f,h,i,k,l,m,n ⎠⎝ g,j ⎠⎝ ∅ ⎠
",ABDEGHJKMN,BCDEFGHIJKLMN
N15B.csv,5,KQNodes,0.0011718750465661287,0.7456345558166504,"⎛ ∅ ⎞⎛ A,B,D,E,G,H,J,K,M,N ⎞⎛ ∅ ⎞⎛ ∅ ⎞⎛ ∅ ⎞
⎝ b ⎠⎝  c,d,e,g,h,i,j,k,l  ⎠⎝ f ⎠⎝ m ⎠⎝ n ⎠
",ABDEGHJKMN,BCDEFGHIJKLMN
N15B.csv,5,KGeoMIP,0.023951472714543343,0.270627498626709,"⎛ E ⎞⎛     B,D,H,K,M,N     ⎞⎛ J ⎞⎛ G ⎞⎛ A ⎞
⎝ e ⎠⎝ b,c,d,f,h,i,k,l,m,n ⎠⎝ j ⎠⎝ g ⎠⎝ ∅ ⎠
",ABDEGHJKMN,BCDEFGHIJKLMN
N15B.csv,2,KQNodes,0.002673921175301075,0.45530128479003906,"⎛ A,B,D,E,G,H,J,K,M,N ⎞⎛ ∅ ⎞
⎝  a,b,d,e,g,h,j,k,m  ⎠⎝ n ⎠
",ABDEGHJKMN,ABDEGHJKMN
N15B.csv,2,KGeoMIP,0.003673182101920247,0.047448158264160156,"⎛  A,B,E,G,H,J,K,M,N  ⎞⎛ D ⎞
⎝ a,b,d,e,g,h,j,k,m,n ⎠⎝ ∅ ⎠
",ABDEGHJKMN,ABDEGHJKMN
N15B.csv,3,KQNodes,0.00753813236951828,0.43963122367858887,"⎛ A,B,D,E,G,H,J,K,M,N ⎞⎛ ∅ ⎞⎛ ∅ ⎞
⎝   a,b,d,e,g,h,k,m   ⎠⎝ j ⎠⎝ n ⎠
",ABDEGHJKMN,ABDEGHJKMN
N15B.csv,3,KGeoMIP,0.01566770300269127,0.04728841781616211,"⎛ E ⎞⎛ G ⎞⎛ A,B,D,H,J,K,M,N ⎞
⎝ e ⎠⎝ g ⎠⎝ a,b,d,h,j,k,m,n ⎠
",ABDEGHJKMN,ABDEGHJKMN
N15B.csv,4,KQNodes,0.011517236940562725,0.44739675521850586,"⎛ A,B,D,E,G,H,J,K,M,N ⎞⎛ ∅ ⎞⎛ ∅ ⎞⎛ ∅ ⎞
⎝    a,b,d,e,g,h,m    ⎠⎝ j ⎠⎝ k ⎠⎝ n ⎠
",ABDEGHJKMN,ABDEGHJKMN
N15B.csv,4,KGeoMIP,0.020559053868055344,0.03179335594177246,"⎛ H ⎞⎛ E ⎞⎛ G ⎞⎛ A,B,D,J,K,M,N ⎞
⎝ h ⎠⎝ e ⎠⎝ g ⎠⎝ a,b,d,j,k,m,n ⎠
",ABDEGHJKMN,ABDEGHJKMN
N15B.csv,5,KQNodes,0.013941962271928787,0.43549060821533203,"⎛ A,B,D,E,G,H,J,K,M,N ⎞⎛ ∅ ⎞⎛ ∅ ⎞⎛ ∅ ⎞⎛ ∅ ⎞
⎝     a,b,d,e,g,h     ⎠⎝ j ⎠⎝ k ⎠⎝ m ⎠⎝ n ⎠
",ABDEGHJKMN,ABDEGHJKMN
N15B.csv,5,KGeoMIP,0.026814453303813934,0.047981977462768555,"⎛ H ⎞⎛ E ⎞⎛ G ⎞⎛ A,D,J,K,M,N ⎞⎛ B ⎞
⎝ h ⎠⎝ e ⎠⎝ g ⎠⎝ a,d,j,k,m,n ⎠⎝ b ⎠
",ABDEGHJKMN,ABDEGHJKMN
N15B.csv,2,KQNodes,0.00355163193307817,0.3311769962310791,"⎛ A,B,D,E,H,K,M,N ⎞⎛ G,J ⎞
⎝   a,c,e,i,m,o   ⎠⎝ g,k ⎠
",ABDEGHJKMN,ACEGIKMO
N15B.csv,2,KGeoMIP,2.8440728783607483e-05,0.04444408416748047,"⎛ A,B,D,E,G,H,J,K,M ⎞⎛ N ⎞
⎝  a,c,e,g,i,k,m,o  ⎠⎝ ∅ ⎠
",ABDEGHJKMN,ACEGIKMO
N15B.csv,3,KQNodes,0.001982012763619423,0.3167722225189209,"⎛ A,D,E,M ⎞⎛ B,H,K,N ⎞⎛ G,J ⎞
⎝   a,c   ⎠⎝ e,i,m,o ⎠⎝ g,k ⎠
",ABDEGHJKMN,ACEGIKMO
N15B.csv,3,KGeoMIP,0.004157030023634434,0.031465768814086914,"⎛ E ⎞⎛ A,B,G,H,J,K,M,N ⎞⎛ D ⎞
⎝ e ⎠⎝  a,c,g,i,k,m,o  ⎠⎝ ∅ ⎠
",ABDEGHJKMN,ACEGIKMO
N15B.csv,4,KQNodes,0.001552009955048561,0.32950854301452637,"⎛ A,D,E,M ⎞⎛  N  ⎞⎛ G,J ⎞⎛ B,H,K ⎞
⎝   a,c   ⎠⎝ e,i ⎠⎝ g,k ⎠⎝  m,o  ⎠
",ABDEGHJKMN,ACEGIKMO
N15B.csv,4,KGeoMIP,0.003559896256774664,0.03189492225646973,"⎛   J   ⎞⎛ B,G,H,M,N ⎞⎛ A ⎞⎛ D,E,K ⎞
⎝ c,i,o ⎠⎝    g,m    ⎠⎝ a ⎠⎝  e,k  ⎠
",ABDEGHJKMN,ACEGIKMO
N15B.csv,5,KQNodes,0.0013988940045237541,0.33267951011657715,"⎛ A,D,E,M ⎞⎛  N  ⎞⎛ G,J ⎞⎛ ∅ ⎞⎛ B,H,K ⎞
⎝   a,c   ⎠⎝ e,i ⎠⎝ g,k ⎠⎝ m ⎠⎝   o   ⎠
",ABDEGHJKMN,ACEGIKMO
N15B.csv,5,KGeoMIP,0.0036349757574498653,0.02710127830505371,"⎛   J   ⎞⎛ B,M,N ⎞⎛ G,H ⎞⎛ A ⎞⎛ D,E,K ⎞
⎝ c,i,o ⎠⎝   m   ⎠⎝  g  ⎠⎝ a ⎠⎝  e,k  ⎠
",ABDEGHJKMN,ACEGIKMO
N15B.csv,2,KQNodes,0.0020076055079698563,0.2848622798919678,"⎛ A,B,D,E,G,H,J,K,M ⎞⎛ N ⎞
⎝    b,d,f,h,j,n    ⎠⎝ l ⎠
",ABDEGHJKMN,BDFHJLN
N15B.csv,2,KGeoMIP,1.873960718512535e-05,0.031485557556152344,"⎛ A,B,D,E,H,J,K,M,N ⎞⎛ G ⎞
⎝   b,d,f,h,j,l,n   ⎠⎝ ∅ ⎠
",ABDEGHJKMN,BDFHJLN
N15B.csv,3,KQNodes,0.0019348016940057278,0.2831990718841553,"⎛ B,G,K ⎞⎛ A,D,E,H,J,M ⎞⎛ N ⎞
⎝   b   ⎠⎝  d,f,h,j,n  ⎠⎝ l ⎠
",ABDEGHJKMN,BDFHJLN
N15B.csv,3,KGeoMIP,0.00016878684982657433,0.027545928955078125,"⎛ G ⎞⎛ B,D,E,H,J,K,M,N ⎞⎛ A ⎞
⎝ ∅ ⎠⎝  b,d,f,h,j,l,n  ⎠⎝ ∅ ⎠
",ABDEGHJKMN,BDFHJLN
N15B.csv,4,KQNodes,0.001542618963867426,0.26703929901123047,"⎛ B,G,K ⎞⎛ A,D,E ⎞⎛ H,J,M ⎞⎛ N ⎞
⎝   b   ⎠⎝  d,f  ⎠⎝ h,j,n ⎠⎝ l ⎠
",ABDEGHJKMN,BDFHJLN
N15B.csv,4,KGeoMIP,0.0033462331630289555,0.03134560585021973,"⎛ G ⎞⎛ B,E,H,J,M,N ⎞⎛ D,K ⎞⎛ A ⎞
⎝ ∅ ⎠⎝ b,f,h,j,l,n ⎠⎝  d  ⎠⎝ ∅ ⎠
",ABDEGHJKMN,BDFHJLN
N15B.csv,5,KQNodes,0.0015417835675179958,0.26188087463378906,"⎛ B,K ⎞⎛ A,D,E ⎞⎛ H,J,M ⎞⎛ N ⎞⎛ G ⎞
⎝  b  ⎠⎝  d,f  ⎠⎝ h,j,n ⎠⎝ l ⎠⎝ ∅ ⎠
",ABDEGHJKMN,BDFHJLN
N15B.csv,5,KGeoMIP,0.0028231902979314327,0.03154802322387695,"⎛ B ⎞⎛ E,H,J,M ⎞⎛ N ⎞⎛ D,G,K ⎞⎛ A ⎞
⎝ b ⎠⎝ f,h,j,l ⎠⎝ n ⎠⎝   d   ⎠⎝ ∅ ⎠
",ABDEGHJKMN,BDFHJLN
N15B.csv,2,KQNodes,0.0,0.7614037990570068,"⎛       A,C,E,G,I,K,M,O       ⎞⎛ ∅ ⎞
⎝ a,b,c,d,e,f,g,h,i,j,k,l,m,n ⎠⎝ o ⎠
",ACEGIKMO,ABCDEFGHIJKLMNO
N15B.csv,2,KGeoMIP,0.0,1.3370537757873535,"⎛       A,C,E,G,I,K,M,O       ⎞⎛ ∅ ⎞
⎝ b,c,d,e,f,g,h,i,j,k,l,m,n,o ⎠⎝ a ⎠
",ACEGIKMO,ABCDEFGHIJKLMNO
N15B.csv,3,KQNodes,0.0,0.7653043270111084,"⎛      A,C,E,G,I,K,M,O      ⎞⎛ ∅ ⎞⎛ ∅ ⎞
⎝ a,b,c,d,e,f,g,h,i,j,k,l,m ⎠⎝ n ⎠⎝ o ⎠
",ACEGIKMO,ABCDEFGHIJKLMNO
N15B.csv,3,KGeoMIP,0.009537947364151478,1.1929383277893066,"⎛ A ⎞⎛        C,E,I,K,M,O        ⎞⎛ G ⎞
⎝ a ⎠⎝ b,c,d,e,f,h,i,j,k,l,m,n,o ⎠⎝ g ⎠
",ACEGIKMO,ABCDEFGHIJKLMNO
N15B.csv,4,KQNodes,0.0,0.7693250179290771,"⎛     A,C,E,G,I,K,M,O     ⎞⎛ ∅ ⎞⎛ ∅ ⎞⎛ ∅ ⎞
⎝ a,b,c,d,e,f,g,h,i,j,k,l ⎠⎝ m ⎠⎝ n ⎠⎝ o ⎠
",ACEGIKMO,ABCDEFGHIJKLMNO
N15B.csv,4,KGeoMIP,0.026282187551259995,1.1983213424682617,"⎛ K ⎞⎛        C,E,M        ⎞⎛ I,O ⎞⎛ A,G ⎞
⎝ k ⎠⎝ b,c,d,e,f,h,j,l,m,n ⎠⎝ i,o ⎠⎝ a,g ⎠
",ACEGIKMO,ABCDEFGHIJKLMNO
N15B.csv,5,KQNodes,0.0,0.7535254955291748,"⎛    A,C,E,G,I,K,M,O    ⎞⎛ ∅ ⎞⎛ ∅ ⎞⎛ ∅ ⎞⎛ ∅ ⎞
⎝ a,b,c,d,e,f,g,h,i,j,l ⎠⎝ k ⎠⎝ m ⎠⎝ n ⎠⎝ o ⎠
",ACEGIKMO,ABCDEFGHIJKLMNO
N15B.csv,5,KGeoMIP,0.02694183960556984,1.2177164554595947,"⎛ K ⎞⎛        C,E,M        ⎞⎛ I,O ⎞⎛ A ⎞⎛ G ⎞
⎝ k ⎠⎝ b,c,d,e,f,h,j,l,m,n ⎠⎝ i,o ⎠⎝ a ⎠⎝ g ⎠
",ACEGIKMO,ABCDEFGHIJKLMNO
N15B.csv,2,KQNodes,0.0,0.5987861156463623,"⎛      A,C,E,G,I,K,M,O      ⎞⎛ ∅ ⎞
⎝ a,b,c,d,e,f,g,h,i,j,k,l,m ⎠⎝ n ⎠
",ACEGIKMO,ABCDEFGHIJKLMN
N15B.csv,2,KGeoMIP,0.0,0.6773624420166016,"⎛      A,C,E,G,I,K,M,O      ⎞⎛ ∅ ⎞
⎝ b,c,d,e,f,g,h,i,j,k,l,m,n ⎠⎝ a ⎠
",ACEGIKMO,ABCDEFGHIJKLMN
N15B.csv,3,KQNodes,0.0,0.6579711437225342,"⎛     A,C,E,G,I,K,M,O     ⎞⎛ ∅ ⎞⎛ ∅ ⎞
⎝ a,b,c,d,e,f,g,h,i,j,k,l ⎠⎝ m ⎠⎝ n ⎠
",ACEGIKMO,ABCDEFGHIJKLMN
N15B.csv,3,KGeoMIP,0.008974170312285423,0.5954465866088867,"⎛ O ⎞⎛        C,E,G,I,K,M        ⎞⎛ A ⎞
⎝ ∅ ⎠⎝ b,c,d,e,f,g,h,i,j,k,l,m,n ⎠⎝ a ⎠
",ACEGIKMO,ABCDEFGHIJKLMN
N15B.csv,4,KQNodes,0.0,0.6668946743011475,"⎛    A,C,E,G,I,K,M,O    ⎞⎛ ∅ ⎞⎛ ∅ ⎞⎛ ∅ ⎞
⎝ a,b,c,d,e,f,g,h,i,j,l ⎠⎝ k ⎠⎝ m ⎠⎝ n ⎠
",ACEGIKMO,ABCDEFGHIJKLMN
N15B.csv,4,KGeoMIP,0.013727577403187752,0.5927917957305908,"⎛ C ⎞⎛        E,G,I,K,M        ⎞⎛ O ⎞⎛ A ⎞
⎝ c ⎠⎝ b,d,e,f,g,h,i,j,k,l,m,n ⎠⎝ ∅ ⎠⎝ a ⎠
",ACEGIKMO,ABCDEFGHIJKLMN
N15B.csv,5,KQNodes,0.0,0.6716034412384033,"⎛   A,C,E,G,I,K,M,O   ⎞⎛ ∅ ⎞⎛ ∅ ⎞⎛ ∅ ⎞⎛ ∅ ⎞
⎝ a,b,c,d,e,f,h,i,j,l ⎠⎝ g ⎠⎝ k ⎠⎝ m ⎠⎝ n ⎠
",ACEGIKMO,ABCDEFGHIJKLMN
N15B.csv,5,KGeoMIP,0.022832322865724564,0.5538098812103271,"⎛ M ⎞⎛ E,I ⎞⎛        C,G,K        ⎞⎛ O ⎞⎛ A ⎞
⎝ m ⎠⎝ e,i ⎠⎝ b,c,d,f,g,h,j,k,l,n ⎠⎝ ∅ ⎠⎝ a ⎠
",ACEGIKMO,ABCDEFGHIJKLMN
N15B.csv,2,KQNodes,0.0,0.629610538482666,"⎛      A,C,E,G,I,K,M,O      ⎞⎛ ∅ ⎞
⎝ b,c,d,e,f,g,h,i,j,k,l,m,n ⎠⎝ o ⎠
",ACEGIKMO,BCDEFGHIJKLMNO
N15B.csv,2,KGeoMIP,0.0,0.6153171062469482,"⎛      A,C,E,G,I,K,M,O      ⎞⎛ ∅ ⎞
⎝ c,d,e,f,g,h,i,j,k,l,m,n,o ⎠⎝ b ⎠
",ACEGIKMO,BCDEFGHIJKLMNO
N15B.csv,3,KQNodes,0.0,0.6646389961242676,"⎛     A,C,E,G,I,K,M,O     ⎞⎛ ∅ ⎞⎛ ∅ ⎞
⎝ b,c,d,e,f,g,h,i,j,k,l,m ⎠⎝ n ⎠⎝ o ⎠
",ACEGIKMO,BCDEFGHIJKLMNO
N15B.csv,3,KGeoMIP,0.009095173329114914,0.6381974220275879,"⎛ A ⎞⎛        C,E,I,K,M,O        ⎞⎛ G ⎞
⎝ ∅ ⎠⎝ b,c,d,e,f,h,i,j,k,l,m,n,o ⎠⎝ g ⎠
",ACEGIKMO,BCDEFGHIJKLMNO
N15B.csv,4,KQNodes,0.0,0.6867079734802246,"⎛    A,C,E,G,I,K,M,O    ⎞⎛ ∅ ⎞⎛ ∅ ⎞⎛ ∅ ⎞
⎝ b,c,d,e,f,g,h,i,j,k,l ⎠⎝ m ⎠⎝ n ⎠⎝ o ⎠
",ACEGIKMO,BCDEFGHIJKLMNO
N15B.csv,4,KGeoMIP,0.02066989615559578,0.63995361328125,"⎛ C,M ⎞⎛        E,I,K,O        ⎞⎛ A ⎞⎛ G ⎞
⎝ c,m ⎠⎝ b,d,e,f,h,i,j,k,l,n,o ⎠⎝ ∅ ⎠⎝ g ⎠
",ACEGIKMO,BCDEFGHIJKLMNO
N15B.csv,5,KQNodes,0.0,0.6656181812286377,"⎛   A,C,E,G,I,K,M,O   ⎞⎛ ∅ ⎞⎛ ∅ ⎞⎛ ∅ ⎞⎛ ∅ ⎞
⎝ b,c,d,e,g,h,i,j,k,l ⎠⎝ f ⎠⎝ m ⎠⎝ n ⎠⎝ o ⎠
",ACEGIKMO,BCDEFGHIJKLMNO
N15B.csv,5,KGeoMIP,0.020625606179237366,0.6790027618408203,"⎛ C ⎞⎛ M ⎞⎛        E,I,K,O        ⎞⎛ A ⎞⎛ G ⎞
⎝ c ⎠⎝ m ⎠⎝ b,d,e,f,h,i,j,k,l,n,o ⎠⎝ ∅ ⎠⎝ g ⎠
",ACEGIKMO,BCDEFGHIJKLMNO
N15B.csv,2,KQNodes,0.0,0.5898773670196533,"⎛     A,C,E,G,I,K,M,O     ⎞⎛ ∅ ⎞
⎝ b,c,d,e,f,g,h,i,j,k,l,m ⎠⎝ n ⎠
",ACEGIKMO,BCDEFGHIJKLMN
N15B.csv,2,KGeoMIP,0.0,0.34772181510925293,"⎛     A,C,E,G,I,K,M,O     ⎞⎛ ∅ ⎞
⎝ c,d,e,f,g,h,i,j,k,l,m,n ⎠⎝ b ⎠
",ACEGIKMO,BCDEFGHIJKLMN
N15B.csv,3,KQNodes,0.0,0.5757813453674316,"⎛    A,C,E,G,I,K,M,O    ⎞⎛ ∅ ⎞⎛ ∅ ⎞
⎝ b,c,d,e,f,g,h,i,j,k,l ⎠⎝ m ⎠⎝ n ⎠
",ACEGIKMO,BCDEFGHIJKLMN
N15B.csv,3,KGeoMIP,0.020138749852776527,0.3071472644805908,"⎛ E ⎞⎛        C,I,K,M        ⎞⎛ A,G,O ⎞
⎝ e ⎠⎝ b,c,d,f,h,i,j,k,l,m,n ⎠⎝   g   ⎠
",ACEGIKMO,BCDEFGHIJKLMN
N15B.csv,4,KQNodes,0.0,0.5482590198516846,"⎛   A,C,E,G,I,K,M,O   ⎞⎛ ∅ ⎞⎛ ∅ ⎞⎛ ∅ ⎞
⎝ b,c,d,e,g,h,i,j,k,l ⎠⎝ f ⎠⎝ m ⎠⎝ n ⎠
",ACEGIKMO,BCDEFGHIJKLMN
N15B.csv,4,KGeoMIP,0.020445499569177628,0.296677827835083,"⎛ E ⎞⎛        C,I,K,M        ⎞⎛ G ⎞⎛ A,O ⎞
⎝ e ⎠⎝ b,c,d,f,h,i,j,k,l,m,n ⎠⎝ g ⎠⎝  ∅  ⎠
",ACEGIKMO,BCDEFGHIJKLMN
N15B.csv,5,KQNodes,0.0009765625,0.5396151542663574,"⎛ ∅ ⎞⎛  A,C,E,G,I,K,M,O  ⎞⎛ ∅ ⎞⎛ ∅ ⎞⎛ ∅ ⎞
⎝ b ⎠⎝ c,d,e,g,h,i,j,k,l ⎠⎝ f ⎠⎝ m ⎠⎝ n ⎠
",ACEGIKMO,BCDEFGHIJKLMN
N15B.csv,5,KGeoMIP,0.03624092787504196,0.293628454208374,"⎛ I ⎞⎛        M        ⎞⎛ C,K ⎞⎛ E,G ⎞⎛ A,O ⎞
⎝ i ⎠⎝ b,d,f,h,j,l,m,n ⎠⎝ c,k ⎠⎝ e,g ⎠⎝  ∅  ⎠
",ACEGIKMO,BCDEFGHIJKLMN
N15B.csv,2,KQNodes,0.0029761907644569874,0.3332948684692383,"⎛  A,C,E,G,I,K,M,O  ⎞⎛ ∅ ⎞
⎝ a,b,d,e,g,h,j,k,m ⎠⎝ n ⎠
",ACEGIKMO,ABDEGHJKMN
N15B.csv,2,KGeoMIP,0.003704490838572383,0.05558323860168457,"⎛    C,E,G,I,K,M,O    ⎞⎛ A ⎞
⎝ a,b,d,e,g,h,j,k,m,n ⎠⎝ ∅ ⎠
",ACEGIKMO,ABDEGHJKMN
N15B.csv,3,KQNodes,0.0046754865907132626,0.31287145614624023,"⎛ A,C,E,G,I,K,M,O ⎞⎛ ∅ ⎞⎛ ∅ ⎞
⎝ a,b,d,e,g,h,j,k ⎠⎝ m ⎠⎝ n ⎠
",ACEGIKMO,ABDEGHJKMN
N15B.csv,3,KGeoMIP,0.028486622497439384,0.048509836196899414,"⎛ M ⎞⎛      E,G      ⎞⎛ A,C,I,K,O ⎞
⎝ m ⎠⎝ b,d,e,g,h,j,n ⎠⎝    a,k    ⎠
",ACEGIKMO,ABDEGHJKMN
N15B.csv,4,KQNodes,0.00836297869682312,0.3172166347503662,"⎛ A,C,E,G,I,K,M,O ⎞⎛ ∅ ⎞⎛ ∅ ⎞⎛ ∅ ⎞
⎝  a,b,d,e,g,h,j  ⎠⎝ k ⎠⎝ m ⎠⎝ n ⎠
",ACEGIKMO,ABDEGHJKMN
N15B.csv,4,KGeoMIP,0.033360373228788376,0.045589447021484375,"⎛      E      ⎞⎛ G ⎞⎛ M ⎞⎛ A,C,I,K,O ⎞
⎝ b,d,e,h,j,n ⎠⎝ g ⎠⎝ m ⎠⎝    a,k    ⎠
",ACEGIKMO,ABDEGHJKMN
N15B.csv,5,KQNodes,0.010525720193982124,0.30652332305908203,"⎛ A,C,E,G,I,K,M,O ⎞⎛ ∅ ⎞⎛ ∅ ⎞⎛ ∅ ⎞⎛ ∅ ⎞
⎝   a,b,d,e,g,h   ⎠⎝ j ⎠⎝ k ⎠⎝ m ⎠⎝ n ⎠
",ACEGIKMO,ABDEGHJKMN
N15B.csv,5,KGeoMIP,0.033370062708854675,0.04245400428771973,"⎛      E      ⎞⎛ G ⎞⎛ M ⎞⎛ A,I,K,O ⎞⎛ C ⎞
⎝ b,d,e,h,j,n ⎠⎝ g ⎠⎝ m ⎠⎝   a,k   ⎠⎝ ∅ ⎠
",ACEGIKMO,ABDEGHJKMN
N15B.csv,2,KQNodes,0.0010551880113780499,0.23306894302368164,"⎛ A,C,E,G,I,M ⎞⎛   K,O   ⎞
⎝   a,c,i,k   ⎠⎝ e,g,m,o ⎠
",ACEGIKMO,ACEGIKMO
N15B.csv,2,KGeoMIP,9.911693632602692e-05,0.036307334899902344,"⎛  A,C,E,G,I,M,O  ⎞⎛ K ⎞
⎝ a,c,e,g,i,k,m,o ⎠⎝ ∅ ⎠
",ACEGIKMO,ACEGIKMO
N15B.csv,3,KQNodes,0.0008718702010810375,0.22655534744262695,"⎛ A,C,E,M ⎞⎛   K,O   ⎞⎛ G,I ⎞
⎝   a,c   ⎠⎝ e,g,m,o ⎠⎝ i,k ⎠
",ACEGIKMO,ACEGIKMO
N15B.csv,3,KGeoMIP,0.002312364522367716,0.031028032302856445,"⎛ K ⎞⎛ A,C,E,G,I,M ⎞⎛ O ⎞
⎝ k ⎠⎝ a,c,e,g,i,m ⎠⎝ o ⎠
",ACEGIKMO,ACEGIKMO
N15B.csv,4,KQNodes,0.000881614163517952,0.21991968154907227,"⎛ A,C,E,M ⎞⎛  ∅  ⎞⎛ G,I ⎞⎛ K,O ⎞
⎝   a,c   ⎠⎝ e,g ⎠⎝ i,k ⎠⎝ m,o ⎠
",ACEGIKMO,ACEGIKMO
N15B.csv,4,KGeoMIP,0.0021723005920648575,0.02982807159423828,"⎛ E ⎞⎛ M ⎞⎛ A,C,G,I,K ⎞⎛ O ⎞
⎝ e ⎠⎝ m ⎠⎝ a,c,g,i,k ⎠⎝ o ⎠
",ACEGIKMO,ACEGIKMO
N15B.csv,5,KQNodes,0.000881614163517952,0.22541284561157227,"⎛ A,C,E,M ⎞⎛ ∅ ⎞⎛ ∅ ⎞⎛ G,I ⎞⎛ K,O ⎞
⎝   a,c   ⎠⎝ e ⎠⎝ g ⎠⎝ i,k ⎠⎝ m,o ⎠
",ACEGIKMO,ACEGIKMO
N15B.csv,5,KGeoMIP,0.0028273449279367924,0.02788090705871582,"⎛ M ⎞⎛ G ⎞⎛ A ⎞⎛ C,E,I,K ⎞⎛ O ⎞
⎝ m ⎠⎝ g ⎠⎝ a ⎠⎝ c,e,i,k ⎠⎝ o ⎠
",ACEGIKMO,ACEGIKMO
N15B.csv,2,KQNodes,0.0017563316505402327,0.1801738739013672,"⎛ A,C,E,K,O ⎞⎛ G,I,M ⎞
⎝ b,d,f,h,l ⎠⎝  j,n  ⎠
",ACEGIKMO,BDFHJLN
N15B.csv,2,KGeoMIP,1.873960718512535e-05,0.0277554988861084,"⎛ A,C,E,I,K,M,O ⎞⎛ G ⎞
⎝ b,d,f,h,j,l,n ⎠⎝ ∅ ⎠
",ACEGIKMO,BDFHJLN
N15B.csv,3,KQNodes,0.001741752726957202,0.18407750129699707,"⎛ A,O ⎞⎛ C,E,K ⎞⎛ G,I,M ⎞
⎝ b,l ⎠⎝ d,f,h ⎠⎝  j,n  ⎠
",ACEGIKMO,BDFHJLN
N15B.csv,3,KGeoMIP,0.0016230405308306217,0.028985261917114258,"⎛ C ⎞⎛   E,G,I,K,M   ⎞⎛ A,O ⎞
⎝ ∅ ⎠⎝ b,d,f,h,j,l,n ⎠⎝  ∅  ⎠
",ACEGIKMO,BDFHJLN
N15B.csv,4,KQNodes,0.0016833129338920116,0.17506003379821777,"⎛ A,O ⎞⎛ C,K ⎞⎛ E ⎞⎛ G,I,M ⎞
⎝ b,l ⎠⎝ d,h ⎠⎝ f ⎠⎝  j,n  ⎠
",ACEGIKMO,BDFHJLN
N15B.csv,4,KGeoMIP,0.002075343858450651,0.022786855697631836,"⎛ A ⎞⎛      E,M      ⎞⎛ G,I,K ⎞⎛ C,O ⎞
⎝ ∅ ⎠⎝ b,d,f,h,j,l,n ⎠⎝   ∅   ⎠⎝  ∅  ⎠
",ACEGIKMO,BDFHJLN
N15B.csv,5,KQNodes,0.0016380329616367817,0.1700737476348877,"⎛ A,O ⎞⎛ C,K ⎞⎛ E ⎞⎛ I,M ⎞⎛ G ⎞
⎝ b,l ⎠⎝ d,h ⎠⎝ f ⎠⎝ j,n ⎠⎝ ∅ ⎠
",ACEGIKMO,BDFHJLN
N15B.csv,5,KGeoMIP,0.0027036485262215137,0.02264571189880371,"⎛       E       ⎞⎛ M ⎞⎛ G,K ⎞⎛ I ⎞⎛ A,C,O ⎞
⎝ b,d,f,h,j,l,n ⎠⎝ ∅ ⎠⎝  ∅  ⎠⎝ ∅ ⎠⎝   ∅   ⎠
",ACEGIKMO,BDFHJLN
N15B.csv,2,KQNodes,0.0,0.7087900638580322,"⎛        B,D,F,H,J,L,N        ⎞⎛ ∅ ⎞
⎝ a,b,c,d,e,f,g,h,i,j,k,l,m,n ⎠⎝ o ⎠
",BDFHJLN,ABCDEFGHIJKLMNO
N15B.csv,2,KGeoMIP,0.0,1.4581058025360107,"⎛        B,D,F,H,J,L,N        ⎞⎛ ∅ ⎞
⎝ b,c,d,e,f,g,h,i,j,k,l,m,n,o ⎠⎝ a ⎠
",BDFHJLN,ABCDEFGHIJKLMNO
N15B.csv,3,KQNodes,0.0,0.7214908599853516,"⎛       B,D,F,H,J,L,N       ⎞⎛ ∅ ⎞⎛ ∅ ⎞
⎝ a,b,c,d,e,f,g,h,i,j,k,l,m ⎠⎝ n ⎠⎝ o ⎠
",BDFHJLN,ABCDEFGHIJKLMNO
N15B.csv,3,KGeoMIP,0.020231064409017563,1.3536853790283203,"⎛ N ⎞⎛         D,H,J         ⎞⎛ B,F,L ⎞
⎝ n ⎠⎝ a,c,d,e,g,h,i,j,k,m,o ⎠⎝ b,f,l ⎠
",BDFHJLN,ABCDEFGHIJKLMNO
N15B.csv,4,KQNodes,0.0,0.7144324779510498,"⎛      B,D,F,H,J,L,N      ⎞⎛ ∅ ⎞⎛ ∅ ⎞⎛ ∅ ⎞
⎝ a,b,c,d,e,f,g,h,i,j,k,l ⎠⎝ m ⎠⎝ n ⎠⎝ o ⎠
",BDFHJLN,ABCDEFGHIJKLMNO
N15B.csv,4,KGeoMIP,0.03103877790272236,1.338275671005249,"⎛ N ⎞⎛         D         ⎞⎛ H,J ⎞⎛ B,F,L ⎞
⎝ n ⎠⎝ a,c,d,e,g,i,k,m,o ⎠⎝ h,j ⎠⎝ b,f,l ⎠
",BDFHJLN,ABCDEFGHIJKLMNO
N15B.csv,5,KQNodes,0.0,0.7469470500946045,"⎛     B,D,F,H,J,L,N     ⎞⎛ ∅ ⎞⎛ ∅ ⎞⎛ ∅ ⎞⎛ ∅ ⎞
⎝ a,b,c,d,e,f,g,h,i,j,l ⎠⎝ k ⎠⎝ m ⎠⎝ n ⎠⎝ o ⎠
",BDFHJLN,ABCDEFGHIJKLMNO
N15B.csv,5,KGeoMIP,0.03288571164011955,1.3260281085968018,"⎛ N ⎞⎛         D         ⎞⎛ H,J ⎞⎛ B ⎞⎛ F,L ⎞
⎝ n ⎠⎝ a,c,d,e,g,i,k,m,o ⎠⎝ h,j ⎠⎝ b ⎠⎝ f,l ⎠
",BDFHJLN,ABCDEFGHIJKLMNO
N15B.csv,2,KQNodes,0.0,0.5514745712280273,"⎛       B,D,F,H,J,L,N       ⎞⎛ ∅ ⎞
⎝ a,b,c,d,e,f,g,h,i,j,k,l,m ⎠⎝ n ⎠
",BDFHJLN,ABCDEFGHIJKLMN
N15B.csv,2,KGeoMIP,0.0,0.745065450668335,"⎛       B,D,F,H,J,L,N       ⎞⎛ ∅ ⎞
⎝ b,c,d,e,f,g,h,i,j,k,l,m,n ⎠⎝ a ⎠
",BDFHJLN,ABCDEFGHIJKLMN
N15B.csv,3,KQNodes,0.0,0.5826771259307861,"⎛      B,D,F,H,J,L,N      ⎞⎛ ∅ ⎞⎛ ∅ ⎞
⎝ a,b,c,d,e,f,g,h,i,j,k,l ⎠⎝ m ⎠⎝ n ⎠
",BDFHJLN,ABCDEFGHIJKLMN
N15B.csv,3,KGeoMIP,0.009436020627617836,0.6346943378448486,"⎛ D ⎞⎛ J ⎞⎛        B,F,H,L,N        ⎞
⎝ d ⎠⎝ j ⎠⎝ a,b,c,e,f,g,h,i,k,l,m,n ⎠
",BDFHJLN,ABCDEFGHIJKLMN
N15B.csv,4,KQNodes,0.0,0.5729024410247803,"⎛     B,D,F,H,J,L,N     ⎞⎛ ∅ ⎞⎛ ∅ ⎞⎛ ∅ ⎞
⎝ a,b,c,d,e,f,g,h,i,j,l ⎠⎝ k ⎠⎝ m ⎠⎝ n ⎠
",BDFHJLN,ABCDEFGHIJKLMN
N15B.csv,4,KGeoMIP,0.013919902965426445,0.6749260425567627,"⎛ D ⎞⎛ J ⎞⎛        B,F,H,L        ⎞⎛ N ⎞
⎝ d ⎠⎝ j ⎠⎝ a,b,c,e,f,g,h,i,k,l,m ⎠⎝ n ⎠
",BDFHJLN,ABCDEFGHIJKLMN
N15B.csv,5,KQNodes,0.0,0.5598044395446777,"⎛    B,D,F,H,J,L,N    ⎞⎛ ∅ ⎞⎛ ∅ ⎞⎛ ∅ ⎞⎛ ∅ ⎞
⎝ a,b,c,d,e,f,h,i,j,l ⎠⎝ g ⎠⎝ k ⎠⎝ m ⎠⎝ n ⎠
",BDFHJLN,ABCDEFGHIJKLMN
N15B.csv,5,KGeoMIP,0.030233483761548996,0.6131305694580078,"⎛ H ⎞⎛        D        ⎞⎛ J ⎞⎛ B,F,L ⎞⎛ N ⎞
⎝ h ⎠⎝ a,c,d,e,g,i,k,m ⎠⎝ j ⎠⎝ b,f,l ⎠⎝ n ⎠
",BDFHJLN,ABCDEFGHIJKLMN
N15B.csv,2,KQNodes,0.0,0.5613195896148682,"⎛       B,D,F,H,J,L,N       ⎞⎛ ∅ ⎞
⎝ b,c,d,e,f,g,h,i,j,k,l,m,n ⎠⎝ o ⎠
",BDFHJLN,BCDEFGHIJKLMNO
N15B.csv,2,KGeoMIP,0.0,0.6607229709625244,"⎛       B,D,F,H,J,L,N       ⎞⎛ ∅ ⎞
⎝ c,d,e,f,g,h,i,j,k,l,m,n,o ⎠⎝ b ⎠
",BDFHJLN,BCDEFGHIJKLMNO
N15B.csv,3,KQNodes,0.0,0.5256912708282471,"⎛      B,D,F,H,J,L,N      ⎞⎛ ∅ ⎞⎛ ∅ ⎞
⎝ b,c,d,e,f,g,h,i,j,k,l,m ⎠⎝ n ⎠⎝ o ⎠
",BDFHJLN,BCDEFGHIJKLMNO
N15B.csv,3,KGeoMIP,0.010058904066681862,0.6229598522186279,"⎛ F ⎞⎛        B,D,H,J,N        ⎞⎛ L ⎞
⎝ f ⎠⎝ b,c,d,e,g,h,i,j,k,m,n,o ⎠⎝ l ⎠
",BDFHJLN,BCDEFGHIJKLMNO
N15B.csv,4,KQNodes,0.0,0.5491931438446045,"⎛     B,D,F,H,J,L,N     ⎞⎛ ∅ ⎞⎛ ∅ ⎞⎛ ∅ ⎞
⎝ b,c,d,e,f,g,h,i,j,k,l ⎠⎝ m ⎠⎝ n ⎠⎝ o ⎠
",BDFHJLN,BCDEFGHIJKLMNO
N15B.csv,4,KGeoMIP,0.031778112053871155,0.6398463249206543,"⎛ J ⎞⎛        D        ⎞⎛ B,H,N ⎞⎛ F,L ⎞
⎝ j ⎠⎝ c,d,e,g,i,k,m,o ⎠⎝ b,h,n ⎠⎝ f,l ⎠
",BDFHJLN,BCDEFGHIJKLMNO
N15B.csv,5,KQNodes,0.0,0.5425252914428711,"⎛    B,D,F,H,J,L,N    ⎞⎛ ∅ ⎞⎛ ∅ ⎞⎛ ∅ ⎞⎛ ∅ ⎞
⎝ b,c,d,e,g,h,i,j,k,l ⎠⎝ f ⎠⎝ m ⎠⎝ n ⎠⎝ o ⎠
",BDFHJLN,BCDEFGHIJKLMNO
N15B.csv,5,KGeoMIP,0.032781217247247696,0.6281018257141113,"⎛ J ⎞⎛        D        ⎞⎛ H,N ⎞⎛ B ⎞⎛ F,L ⎞
⎝ j ⎠⎝ c,d,e,g,i,k,m,o ⎠⎝ h,n ⎠⎝ b ⎠⎝ f,l ⎠
",BDFHJLN,BCDEFGHIJKLMNO
N15B.csv,2,KQNodes,0.0,0.47326231002807617,"⎛      B,D,F,H,J,L,N      ⎞⎛ ∅ ⎞
⎝ b,c,d,e,f,g,h,i,j,k,l,m ⎠⎝ n ⎠
",BDFHJLN,BCDEFGHIJKLMN
N15B.csv,2,KGeoMIP,0.0,0.34217309951782227,"⎛      B,D,F,H,J,L,N      ⎞⎛ ∅ ⎞
⎝ c,d,e,f,g,h,i,j,k,l,m,n ⎠⎝ b ⎠
",BDFHJLN,BCDEFGHIJKLMN
N15B.csv,3,KQNodes,0.0,0.47220563888549805,"⎛     B,D,F,H,J,L,N     ⎞⎛ ∅ ⎞⎛ ∅ ⎞
⎝ b,c,d,e,f,g,h,i,j,k,l ⎠⎝ m ⎠⎝ n ⎠
",BDFHJLN,BCDEFGHIJKLMN
N15B.csv,3,KGeoMIP,0.012548159807920456,0.2779698371887207,"⎛       B,D,F,H,N       ⎞⎛ J ⎞⎛ L ⎞
⎝ b,c,d,e,f,g,h,i,k,m,n ⎠⎝ j ⎠⎝ l ⎠
",BDFHJLN,BCDEFGHIJKLMN
N15B.csv,4,KQNodes,0.0,0.4174008369445801,"⎛    B,D,F,H,J,L,N    ⎞⎛ ∅ ⎞⎛ ∅ ⎞⎛ ∅ ⎞
⎝ b,c,d,e,g,h,i,j,k,l ⎠⎝ f ⎠⎝ m ⎠⎝ n ⎠
",BDFHJLN,BCDEFGHIJKLMN
N15B.csv,4,KGeoMIP,0.016153110191226006,0.26966285705566406,"⎛       D,F,H,N       ⎞⎛ B ⎞⎛ J ⎞⎛ L ⎞
⎝ c,d,e,f,g,h,i,k,m,n ⎠⎝ b ⎠⎝ j ⎠⎝ l ⎠
",BDFHJLN,BCDEFGHIJKLMN
N15B.csv,5,KQNodes,0.0009765625,0.4119608402252197,"⎛ ∅ ⎞⎛   B,D,F,H,J,L,N   ⎞⎛ ∅ ⎞⎛ ∅ ⎞⎛ ∅ ⎞
⎝ b ⎠⎝ c,d,e,g,h,i,j,k,l ⎠⎝ f ⎠⎝ m ⎠⎝ n ⎠
",BDFHJLN,BCDEFGHIJKLMN
N15B.csv,5,KGeoMIP,0.022976402193307877,0.2880210876464844,"⎛ F ⎞⎛       D,H,N       ⎞⎛ B ⎞⎛ J ⎞⎛ L ⎞
⎝ f ⎠⎝ c,d,e,g,h,i,k,m,n ⎠⎝ b ⎠⎝ j ⎠⎝ l ⎠
",BDFHJLN,BCDEFGHIJKLMN
N15B.csv,2,KQNodes,0.0016276042442768812,0.24502825736999512,"⎛   B,D,F,H,J,L,N   ⎞⎛ ∅ ⎞
⎝ a,b,d,e,g,h,j,k,m ⎠⎝ n ⎠
",BDFHJLN,ABDEGHJKMN
N15B.csv,2,KGeoMIP,0.003673182101920247,0.05294919013977051,"⎛     B,F,H,J,L,N     ⎞⎛ D ⎞
⎝ a,b,d,e,g,h,j,k,m,n ⎠⎝ ∅ ⎠
",BDFHJLN,ABDEGHJKMN
N15B.csv,3,KQNodes,0.0047165644355118275,0.24604392051696777,"⎛  B,D,F,H,J,L,N  ⎞⎛ ∅ ⎞⎛ ∅ ⎞
⎝ a,b,d,e,g,h,k,m ⎠⎝ j ⎠⎝ n ⎠
",BDFHJLN,ABDEGHJKMN
N15B.csv,3,KGeoMIP,0.028735406696796417,0.04561138153076172,"⎛ J ⎞⎛     L     ⎞⎛ B,D,F,H,N ⎞
⎝ j ⎠⎝ a,e,g,k,m ⎠⎝  b,d,h,n  ⎠
",BDFHJLN,ABDEGHJKMN
N15B.csv,4,KQNodes,0.007505386136472225,0.24205994606018066,"⎛ B,D,F,H,J,L,N ⎞⎛ ∅ ⎞⎛ ∅ ⎞⎛ ∅ ⎞
⎝ a,b,d,e,g,h,m ⎠⎝ j ⎠⎝ k ⎠⎝ n ⎠
",BDFHJLN,ABDEGHJKMN
N15B.csv,4,KGeoMIP,0.028645038604736328,0.046605587005615234,"⎛ J ⎞⎛     L     ⎞⎛ D,F,H ⎞⎛ B,N ⎞
⎝ j ⎠⎝ a,e,g,k,m ⎠⎝  d,h  ⎠⎝ b,n ⎠
",BDFHJLN,ABDEGHJKMN
N15B.csv,5,KQNodes,0.00949381198734045,0.23136544227600098,"⎛ B,D,F,H,J,L,N ⎞⎛ ∅ ⎞⎛ ∅ ⎞⎛ ∅ ⎞⎛ ∅ ⎞
⎝  a,b,d,e,g,h  ⎠⎝ j ⎠⎝ k ⎠⎝ m ⎠⎝ n ⎠
",BDFHJLN,ABDEGHJKMN
N15B.csv,5,KGeoMIP,0.028949493542313576,0.04213404655456543,"⎛     L     ⎞⎛ D,F,H ⎞⎛ J ⎞⎛ N ⎞⎛ B ⎞
⎝ a,e,g,k,m ⎠⎝  d,h  ⎠⎝ j ⎠⎝ n ⎠⎝ b ⎠
",BDFHJLN,ABDEGHJKMN
N15B.csv,2,KQNodes,0.002187250414863229,0.1765894889831543,"⎛    B,D,F,L    ⎞⎛ H,J,N ⎞
⎝ a,e,g,i,k,m,o ⎠⎝   c   ⎠
",BDFHJLN,ACEGIKMO
N15B.csv,2,KGeoMIP,2.8440728783607483e-05,0.029863834381103516,"⎛   B,D,F,H,J,L   ⎞⎛ N ⎞
⎝ a,c,e,g,i,k,m,o ⎠⎝ ∅ ⎠
",BDFHJLN,ACEGIKMO
N15B.csv,3,KQNodes,0.0018469246570020914,0.1735379695892334,"⎛ B ⎞⎛ H,J,N ⎞⎛    D,F,L    ⎞
⎝ a ⎠⎝   c   ⎠⎝ e,g,i,k,m,o ⎠
",BDFHJLN,ACEGIKMO
N15B.csv,3,KGeoMIP,0.0013130810111761093,0.01984548568725586,"⎛ H ⎞⎛    B,F,J,L,N    ⎞⎛ D ⎞
⎝ ∅ ⎠⎝ a,c,e,g,i,k,m,o ⎠⎝ ∅ ⎠
",BDFHJLN,ACEGIKMO
N15B.csv,4,KQNodes,0.0015661462675780058,0.16861820220947266,"⎛ B ⎞⎛ H,J,N ⎞⎛   D,F   ⎞⎛  L  ⎞
⎝ a ⎠⎝   c   ⎠⎝ e,g,k,m ⎠⎝ i,o ⎠
",BDFHJLN,ACEGIKMO
N15B.csv,4,KGeoMIP,0.0024360031820833683,0.02659463882446289,"⎛ H ⎞⎛     B,J,L,N     ⎞⎛ F ⎞⎛ D ⎞
⎝ ∅ ⎠⎝ a,c,e,g,i,k,m,o ⎠⎝ ∅ ⎠⎝ ∅ ⎠
",BDFHJLN,ACEGIKMO
N15B.csv,5,KQNodes,0.0016778118442744017,0.17179608345031738,"⎛ B ⎞⎛ H,J,N ⎞⎛ D,F ⎞⎛  L  ⎞⎛  ∅  ⎞
⎝ a ⎠⎝   c   ⎠⎝ e,g ⎠⎝ i,o ⎠⎝ k,m ⎠
",BDFHJLN,ACEGIKMO
N15B.csv,5,KGeoMIP,0.0026553994975984097,0.023922204971313477,"⎛ J,N ⎞⎛ B ⎞⎛       H,L       ⎞⎛ F ⎞⎛ D ⎞
⎝  ∅  ⎠⎝ ∅ ⎠⎝ a,c,e,g,i,k,m,o ⎠⎝ ∅ ⎠⎝ ∅ ⎠
",BDFHJLN,ACEGIKMO
N15B.csv,2,KQNodes,0.001309181097894907,0.1445479393005371,"⎛  B,D,F,L  ⎞⎛ H,J,N ⎞
⎝ b,d,f,l,n ⎠⎝  h,j  ⎠
",BDFHJLN,BDFHJLN
N15B.csv,2,KGeoMIP,0.00018351152539253235,0.025630950927734375,"⎛  B,D,F,H,J,L  ⎞⎛ N ⎞
⎝ b,d,f,h,j,l,n ⎠⎝ ∅ ⎠
",BDFHJLN,BDFHJLN
N15B.csv,3,KQNodes,0.0009452966041862965,0.14412927627563477,"⎛ B ⎞⎛  D,F,L  ⎞⎛ H,J,N ⎞
⎝ b ⎠⎝ d,f,l,n ⎠⎝  h,j  ⎠
",BDFHJLN,BDFHJLN
N15B.csv,3,KGeoMIP,0.0017803767696022987,0.02881002426147461,"⎛ H ⎞⎛ B,D,F,J,N ⎞⎛ L ⎞
⎝ h ⎠⎝ b,d,f,j,n ⎠⎝ l ⎠
",BDFHJLN,BDFHJLN
N15B.csv,4,KQNodes,0.001071300357580185,0.14484286308288574,"⎛ B ⎞⎛  D,F,L  ⎞⎛ H,J ⎞⎛ N ⎞
⎝ b ⎠⎝ d,f,l,n ⎠⎝ h,j ⎠⎝ ∅ ⎠
",BDFHJLN,BDFHJLN
N15B.csv,4,KGeoMIP,0.002630662638694048,0.02133321762084961,"⎛ B ⎞⎛ J ⎞⎛ D,F,H,N ⎞⎛ L ⎞
⎝ b ⎠⎝ j ⎠⎝ d,f,h,n ⎠⎝ l ⎠
",BDFHJLN,BDFHJLN
N15B.csv,5,KQNodes,0.0013076243922114372,0.13611197471618652,"⎛ B ⎞⎛  D,F,L  ⎞⎛ H ⎞⎛ J ⎞⎛ N ⎞
⎝ b ⎠⎝ d,f,l,n ⎠⎝ h ⎠⎝ j ⎠⎝ ∅ ⎠
",BDFHJLN,BDFHJLN
N15B.csv,5,KGeoMIP,0.0030899718403816223,0.025771379470825195,"⎛ B ⎞⎛ J ⎞⎛ F,H,N ⎞⎛ D ⎞⎛ L ⎞
⎝ b ⎠⎝ j ⎠⎝ f,h,n ⎠⎝ d ⎠⎝ l ⎠
",BDFHJLN,BDFHJLN
N15B.csv,2,KQNodes,0.0,1.5022854804992676,"⎛  B,C,D,E,F,G,J,K,L,M,N,O  ⎞⎛ ∅ ⎞
⎝ b,c,d,e,f,g,i,j,k,l,m,n,o ⎠⎝ h ⎠
",BCDEFGJKLMNO,BCDEFGHIJKLMNO
N15B.csv,2,KGeoMIP,0.0,0.7585487365722656,"⎛  B,C,D,E,F,G,J,K,L,M,N,O  ⎞⎛ ∅ ⎞
⎝ c,d,e,f,g,h,i,j,k,l,m,n,o ⎠⎝ b ⎠
",BCDEFGJKLMNO,BCDEFGHIJKLMNO
N15B.csv,3,KQNodes,0.0,1.4611480236053467,"⎛ B,C,D,E,F,G,J,K,L,M,N,O ⎞⎛ ∅ ⎞⎛ ∅ ⎞
⎝ b,c,d,e,f,i,j,k,l,m,n,o ⎠⎝ g ⎠⎝ h ⎠
",BCDEFGJKLMNO,BCDEFGHIJKLMNO
N15B.csv,3,KGeoMIP,0.011766909621655941,0.6441094875335693,"⎛ C ⎞⎛   D   ⎞⎛ B,E,F,G,J,K,L,M,N,O ⎞
⎝ c ⎠⎝ d,h,i ⎠⎝ b,e,f,g,j,k,l,m,n,o ⎠
",BCDEFGJKLMNO,BCDEFGHIJKLMNO
N15B.csv,4,KQNodes,0.0,1.4582533836364746,"⎛ B,C,D,E,F,G,J,K,L,M,N,O ⎞⎛ ∅ ⎞⎛ ∅ ⎞⎛ ∅ ⎞
⎝  b,c,d,e,i,j,k,l,m,n,o  ⎠⎝ f ⎠⎝ g ⎠⎝ h ⎠
",BCDEFGJKLMNO,BCDEFGHIJKLMNO
N15B.csv,4,KGeoMIP,0.02926521748304367,0.6801950931549072,"⎛ L ⎞⎛   D   ⎞⎛ B,C,E,J,K,M,N,O ⎞⎛ F,G ⎞
⎝ l ⎠⎝ d,h,i ⎠⎝ b,c,e,j,k,m,n,o ⎠⎝ f,g ⎠
",BCDEFGJKLMNO,BCDEFGHIJKLMNO
N15B.csv,5,KQNodes,0.0,1.3817579746246338,"⎛ B,C,D,E,F,G,J,K,L,M,N,O ⎞⎛ ∅ ⎞⎛ ∅ ⎞⎛ ∅ ⎞⎛ ∅ ⎞
⎝   b,c,d,i,j,k,l,m,n,o   ⎠⎝ e ⎠⎝ f ⎠⎝ g ⎠⎝ h ⎠
",BCDEFGJKLMNO,BCDEFGHIJKLMNO
N15B.csv,5,KGeoMIP,0.04366431012749672,0.579728364944458,"⎛ D ⎞⎛ C,J,M,N ⎞⎛   B,E,K,O   ⎞⎛ F ⎞⎛ G,L ⎞
⎝ d ⎠⎝ c,j,m,n ⎠⎝ b,e,h,i,k,o ⎠⎝ f ⎠⎝ g,l ⎠
",BCDEFGJKLMNO,BCDEFGHIJKLMNO
N20A.csv,2,KQNodes,0.4992961883544922,28.143806219100952,"⎛  A,B,C,D,E,F,G,H,I,J,K,L,M,N,O,P,Q,R,S  ⎞⎛ T ⎞
⎝ a,b,c,d,e,f,g,h,i,j,k,l,m,n,o,p,q,r,s,t ⎠⎝ ∅ ⎠
",ABCDEFGHIJKLMNOPQRST,ABCDEFGHIJKLMNOPQRST
N20A.csv,2,KGeoMIP,0.4992961883544922,66.6330246925354,"⎛  A,B,C,D,E,F,G,H,I,J,K,L,M,N,O,P,Q,R,S  ⎞⎛ T ⎞
⎝ a,b,c,d,e,f,g,h,i,j,k,l,m,n,o,p,q,r,s,t ⎠⎝ ∅ ⎠
",ABCDEFGHIJKLMNOPQRST,ABCDEFGHIJKLMNOPQRST
N20A.csv,3,KQNodes,0.9989147186279297,27.28217124938965,"⎛   A,B,C,D,E,F,G,I,J,K,L,M,N,O,P,Q,R,S   ⎞⎛ H ⎞⎛ T ⎞
⎝ a,b,c,d,e,f,g,h,i,j,k,l,m,n,o,p,q,r,s,t ⎠⎝ ∅ ⎠⎝ ∅ ⎠
",ABCDEFGHIJKLMNOPQRST,ABCDEFGHIJKLMNOPQRST
N20A.csv,3,KGeoMIP,9.99618911743164,58.28082489967346,"⎛ C ⎞⎛ A,B,D,E,F,H,K,L,N,T ⎞⎛ G,I,J,M,O,P,Q,R,S ⎞
⎝ c ⎠⎝ a,b,d,e,f,h,k,l,n,t ⎠⎝ g,i,j,m,o,p,q,r,s ⎠
",ABCDEFGHIJKLMNOPQRST,ABCDEFGHIJKLMNOPQRST
N20A.csv,4,KQNodes,1.4985857009887695,27.382250785827637,"⎛    A,B,C,D,E,F,G,I,J,K,L,M,N,O,P,Q,S    ⎞⎛ H ⎞⎛ R ⎞⎛ T ⎞
⎝ a,b,c,d,e,f,g,h,i,j,k,l,m,n,o,p,q,r,s,t ⎠⎝ ∅ ⎠⎝ ∅ ⎠⎝ ∅ ⎠
",ABCDEFGHIJKLMNOPQRST,ABCDEFGHIJKLMNOPQRST
N20A.csv,4,KGeoMIP,9.976490020751953,57.767566442489624,"⎛ C ⎞⎛ A,B,D,E,F,H,K,L,N,T ⎞⎛ G,I,J,O,P,S ⎞⎛ M,Q,R ⎞
⎝ c ⎠⎝ a,b,d,e,f,h,k,l,n,t ⎠⎝ g,i,j,o,p,s ⎠⎝ m,q,r ⎠
",ABCDEFGHIJKLMNOPQRST,ABCDEFGHIJKLMNOPQRST
N20A.csv,5,KQNodes,1.998274803161621,27.802927494049072,"⎛     A,B,C,D,F,G,I,J,K,L,M,N,O,P,Q,S     ⎞⎛ E ⎞⎛ H ⎞⎛ R ⎞⎛ T ⎞
⎝ a,b,c,d,e,f,g,h,i,j,k,l,m,n,o,p,q,r,s,t ⎠⎝ ∅ ⎠⎝ ∅ ⎠⎝ ∅ ⎠⎝ ∅ ⎠
",ABCDEFGHIJKLMNOPQRST,ABCDEFGHIJKLMNOPQRST
N20A.csv,5,KGeoMIP,9.977863311767578,61.64063000679016,"⎛ C ⎞⎛ A,B,D,E,F,H,K,L,N,T ⎞⎛ G,I,J,O,P,S ⎞⎛ M,R ⎞⎛ Q ⎞
⎝ c ⎠⎝ a,b,d,e,f,h,k,l,n,t ⎠⎝ g,i,j,o,p,s ⎠⎝ m,r ⎠⎝ q ⎠
",ABCDEFGHIJKLMNOPQRST,ABCDEFGHIJKLMNOPQRST
N20A.csv,2,KQNodes,2.86102294921875e-05,10.402178764343262,"⎛ A,B,C,D,E,F,G,H,I,J,K,L,N,O,P,Q,R,S,T ⎞⎛ M ⎞
⎝ a,b,c,d,e,f,g,h,i,j,k,l,m,n,o,p,q,r,s ⎠⎝ ∅ ⎠
",ABCDEFGHIJKLMNOPQRST,ABCDEFGHIJKLMNOPQRS
N20A.csv,2,KGeoMIP,2.86102294921875e-05,31.30235266685486,"⎛ A,B,C,D,E,F,G,H,I,J,K,L,N,O,P,Q,R,S,T ⎞⎛ M ⎞
⎝ a,b,c,d,e,f,g,h,i,j,k,l,m,n,o,p,q,r,s ⎠⎝ ∅ ⎠
",ABCDEFGHIJKLMNOPQRST,ABCDEFGHIJKLMNOPQRS
N20A.csv,3,KQNodes,0.00026416778564453125,9.70996379852295,"⎛  B,C,D,E,F,G,H,I,J,K,L,N,O,P,Q,R,S,T  ⎞⎛ A ⎞⎛ M ⎞
⎝ a,b,c,d,e,f,g,h,i,j,k,l,m,n,o,p,q,r,s ⎠⎝ ∅ ⎠⎝ ∅ ⎠
",ABCDEFGHIJKLMNOPQRST,ABCDEFGHIJKLMNOPQRS
N20A.csv,3,KGeoMIP,5.587158203125,26.45202898979187,"⎛ D,E,F,M,N,P,S ⎞⎛ A,B,C,H,I,K,L,O,Q,T ⎞⎛ G,J,R ⎞
⎝ d,e,f,m,n,p,s ⎠⎝  a,b,c,h,i,k,l,o,q  ⎠⎝ g,j,r ⎠
",ABCDEFGHIJKLMNOPQRST,ABCDEFGHIJKLMNOPQRS
N20A.csv,4,KQNodes,0.0005044937133789062,9.963920831680298,"⎛   B,C,D,E,F,G,H,J,K,L,N,O,P,Q,R,S,T   ⎞⎛ A ⎞⎛ I ⎞⎛ M ⎞
⎝ a,b,c,d,e,f,g,h,i,j,k,l,m,n,o,p,q,r,s ⎠⎝ ∅ ⎠⎝ ∅ ⎠⎝ ∅ ⎠
",ABCDEFGHIJKLMNOPQRST,ABCDEFGHIJKLMNOPQRS
N20A.csv,4,KGeoMIP,5.539813995361328,26.72419571876526,"⎛ A ⎞⎛ D,E,F,M,N,P,S ⎞⎛ B,C,H,I,K,L,O,Q,T ⎞⎛ G,J,R ⎞
⎝ a ⎠⎝ d,e,f,m,n,p,s ⎠⎝  b,c,h,i,k,l,o,q  ⎠⎝ g,j,r ⎠
",ABCDEFGHIJKLMNOPQRST,ABCDEFGHIJKLMNOPQRS
N20A.csv,5,KQNodes,0.000774383544921875,9.902704000473022,"⎛    B,D,E,F,G,H,J,K,L,N,O,P,Q,R,S,T    ⎞⎛ A ⎞⎛ C ⎞⎛ I ⎞⎛ M ⎞
⎝ a,b,c,d,e,f,g,h,i,j,k,l,m,n,o,p,q,r,s ⎠⎝ ∅ ⎠⎝ ∅ ⎠⎝ ∅ ⎠⎝ ∅ ⎠
",ABCDEFGHIJKLMNOPQRST,ABCDEFGHIJKLMNOPQRS
N20A.csv,5,KGeoMIP,5.515321731567383,26.828274965286255,"⎛ M ⎞⎛ D,E,F,N,P,S ⎞⎛ A,C,H,I,T ⎞⎛ B,K,L,O,Q ⎞⎛ G,J,R ⎞
⎝ m ⎠⎝ d,e,f,n,p,s ⎠⎝  a,c,h,i  ⎠⎝ b,k,l,o,q ⎠⎝ g,j,r ⎠
",ABCDEFGHIJKLMNOPQRST,ABCDEFGHIJKLMNOPQRS
N20A.csv,2,KQNodes,0.000141143798828125,8.500319242477417,"⎛ A,B,C,D,E,F,H,I,J,K,L,M,N,O,P,Q,R,S,T ⎞⎛ G ⎞
⎝ b,c,d,e,f,g,h,i,j,k,l,m,n,o,p,q,r,s,t ⎠⎝ ∅ ⎠
",ABCDEFGHIJKLMNOPQRST,BCDEFGHIJKLMNOPQRST
N20A.csv,2,KGeoMIP,0.000141143798828125,30.11498260498047,"⎛ A,B,C,D,E,F,H,I,J,K,L,M,N,O,P,Q,R,S,T ⎞⎛ G ⎞
⎝ b,c,d,e,f,g,h,i,j,k,l,m,n,o,p,q,r,s,t ⎠⎝ ∅ ⎠
",ABCDEFGHIJKLMNOPQRST,BCDEFGHIJKLMNOPQRST
N20A.csv,3,KQNodes,0.00035381317138671875,8.273266553878784,"⎛  A,C,D,E,F,H,I,J,K,L,M,N,O,P,Q,R,S,T  ⎞⎛ B ⎞⎛ G ⎞
⎝ b,c,d,e,f,g,h,i,j,k,l,m,n,o,p,q,r,s,t ⎠⎝ ∅ ⎠⎝ ∅ ⎠
",ABCDEFGHIJKLMNOPQRST,BCDEFGHIJKLMNOPQRST
N20A.csv,3,KGeoMIP,3.57861328125,26.797250747680664,"⎛ A,C,F,I,K,N,O,P,T ⎞⎛ B,D,E,G,H,L,R,S ⎞⎛ J,M,Q ⎞
⎝  c,f,i,k,n,o,p,t  ⎠⎝ b,d,e,g,h,l,r,s ⎠⎝ j,m,q ⎠
",ABCDEFGHIJKLMNOPQRST,BCDEFGHIJKLMNOPQRST
N20A.csv,4,KQNodes,0.000591278076171875,8.28056812286377,"⎛   A,C,D,E,F,H,I,J,K,L,M,N,P,Q,R,S,T   ⎞⎛ B ⎞⎛ G ⎞⎛ O ⎞
⎝ b,c,d,e,f,g,h,i,j,k,l,m,n,o,p,q,r,s,t ⎠⎝ ∅ ⎠⎝ ∅ ⎠⎝ ∅ ⎠
",ABCDEFGHIJKLMNOPQRST,BCDEFGHIJKLMNOPQRST
N20A.csv,4,KGeoMIP,3.5497779846191406,27.40222716331482,"⎛ S ⎞⎛ A,C,F,I,K,N,O,P,T ⎞⎛ B,D,E,G,H,L,R ⎞⎛ J,M,Q ⎞
⎝ s ⎠⎝  c,f,i,k,n,o,p,t  ⎠⎝ b,d,e,g,h,l,r ⎠⎝ j,m,q ⎠
",ABCDEFGHIJKLMNOPQRST,BCDEFGHIJKLMNOPQRST
N20A.csv,5,KQNodes,0.00083160400390625,8.261430025100708,"⎛    A,C,D,E,F,H,J,K,L,M,N,P,Q,R,S,T    ⎞⎛ B ⎞⎛ G ⎞⎛ I ⎞⎛ O ⎞
⎝ b,c,d,e,f,g,h,i,j,k,l,m,n,o,p,q,r,s,t ⎠⎝ ∅ ⎠⎝ ∅ ⎠⎝ ∅ ⎠⎝ ∅ ⎠
",ABCDEFGHIJKLMNOPQRST,BCDEFGHIJKLMNOPQRST
N20A.csv,5,KGeoMIP,3.546839714050293,27.133321046829224,"⎛ S ⎞⎛ C,F,I,K,N,O,P,T ⎞⎛ A ⎞⎛ B,D,E,G,H,L,R ⎞⎛ J,M,Q ⎞
⎝ s ⎠⎝ c,f,i,k,n,o,p,t ⎠⎝ ∅ ⎠⎝ b,d,e,g,h,l,r ⎠⎝ j,m,q ⎠
",ABCDEFGHIJKLMNOPQRST,BCDEFGHIJKLMNOPQRST
N20A.csv,2,KQNodes,2.86102294921875e-05,7.358025550842285,"⎛ A,B,C,D,E,F,G,H,I,J,K,L,N,O,P,Q,R,S,T ⎞⎛ M ⎞
⎝  b,c,d,e,f,g,h,i,j,k,l,m,n,o,p,q,r,s  ⎠⎝ ∅ ⎠
",ABCDEFGHIJKLMNOPQRST,BCDEFGHIJKLMNOPQRS
N20A.csv,2,KGeoMIP,2.86102294921875e-05,14.271754264831543,"⎛ A,B,C,D,E,F,G,H,I,J,K,L,N,O,P,Q,R,S,T ⎞⎛ M ⎞
⎝  b,c,d,e,f,g,h,i,j,k,l,m,n,o,p,q,r,s  ⎠⎝ ∅ ⎠
",ABCDEFGHIJKLMNOPQRST,BCDEFGHIJKLMNOPQRS
N20A.csv,3,KQNodes,0.0001697540283203125,7.40085768699646,"⎛ A,B,C,D,E,F,H,I,J,K,L,N,O,P,Q,R,S,T ⎞⎛ G ⎞⎛ M ⎞
⎝ b,c,d,e,f,g,h,i,j,k,l,m,n,o,p,q,r,s ⎠⎝ ∅ ⎠⎝ ∅ ⎠
",ABCDEFGHIJKLMNOPQRST,BCDEFGHIJKLMNOPQRS
N20A.csv,3,KGeoMIP,2.813875198364258,12.47212839126587,"⎛ H ⎞⎛ A,B,C,D,E,F,G,I,K,L,M,N,O,P,Q,R,S,T ⎞⎛ J ⎞
⎝ h ⎠⎝   b,c,d,e,f,g,i,k,l,m,n,o,p,q,r,s   ⎠⎝ j ⎠
",ABCDEFGHIJKLMNOPQRST,BCDEFGHIJKLMNOPQRS
N20A.csv,4,KQNodes,0.0004100799560546875,7.426024675369263,"⎛  A,B,C,D,E,F,H,J,K,L,N,O,P,Q,R,S,T  ⎞⎛ G ⎞⎛ I ⎞⎛ M ⎞
⎝ b,c,d,e,f,g,h,i,j,k,l,m,n,o,p,q,r,s ⎠⎝ ∅ ⎠⎝ ∅ ⎠⎝ ∅ ⎠
",ABCDEFGHIJKLMNOPQRST,BCDEFGHIJKLMNOPQRS
N20A.csv,4,KGeoMIP,3.2038745880126953,12.484956502914429,"⎛ D ⎞⎛ A,B,C,E,F,H,I,K,M,N,O,P,Q,R,S,T ⎞⎛ G,L ⎞⎛ J ⎞
⎝ d ⎠⎝   b,c,e,f,h,i,k,m,n,o,p,q,r,s   ⎠⎝ g,l ⎠⎝ j ⎠
",ABCDEFGHIJKLMNOPQRST,BCDEFGHIJKLMNOPQRS
N20A.csv,5,KQNodes,0.0007390975952148438,7.3935301303863525,"⎛   A,B,C,D,E,F,H,J,K,L,N,O,P,Q,S,T   ⎞⎛ G ⎞⎛ I ⎞⎛ M ⎞⎛ R ⎞
⎝ b,c,d,e,f,g,h,i,j,k,l,m,n,o,p,q,r,s ⎠⎝ ∅ ⎠⎝ ∅ ⎠⎝ ∅ ⎠⎝ ∅ ⎠
",ABCDEFGHIJKLMNOPQRST,BCDEFGHIJKLMNOPQRS
N20A.csv,5,KGeoMIP,3.2551631927490234,12.459983825683594,"⎛ F ⎞⎛ A,E,I,K,M,N,S,T ⎞⎛ B,C,D,H,O,P,Q,R ⎞⎛ G,L ⎞⎛ J ⎞
⎝ f ⎠⎝   e,i,k,m,n,s   ⎠⎝ b,c,d,h,o,p,q,r ⎠⎝ g,l ⎠⎝ j ⎠
",ABCDEFGHIJKLMNOPQRST,BCDEFGHIJKLMNOPQRS
N20A.csv,2,KQNodes,0.0003108978271484375,4.1988914012908936,"⎛ A,B,C,D,F,G,H,I,J,K,L,M,N,O,P,Q,R,S,T ⎞⎛ E ⎞
⎝      a,b,d,e,g,h,j,k,m,n,p,q,s,t      ⎠⎝ ∅ ⎠
",ABCDEFGHIJKLMNOPQRST,ABDEGHJKMNPQST
N20A.csv,2,KGeoMIP,0.0003108978271484375,1.0314772129058838,"⎛ A,B,C,D,F,G,H,I,J,K,L,M,N,O,P,Q,R,S,T ⎞⎛ E ⎞
⎝      a,b,d,e,g,h,j,k,m,n,p,q,s,t      ⎠⎝ ∅ ⎠
",ABCDEFGHIJKLMNOPQRST,ABDEGHJKMNPQST
N20A.csv,3,KQNodes,0.01654815673828125,4.216183423995972,"⎛ A,B,C,D,F,G,H,I,J,K,L,M,N,O,Q,R,S,T ⎞⎛ E ⎞⎛ P ⎞
⎝     a,b,d,e,g,h,j,k,m,n,p,q,s,t     ⎠⎝ ∅ ⎠⎝ ∅ ⎠
",ABCDEFGHIJKLMNOPQRST,ABDEGHJKMNPQST
N20A.csv,3,KGeoMIP,1.0829181671142578,0.9463930130004883,"⎛ D ⎞⎛ A,E,F,H,J,K,M,N,O,P,Q,R,S,T ⎞⎛ B,C,G,I,L ⎞
⎝ d ⎠⎝    a,e,h,j,k,m,n,p,q,s,t    ⎠⎝    b,g    ⎠
",ABCDEFGHIJKLMNOPQRST,ABDEGHJKMNPQST
N20A.csv,4,KQNodes,0.04704856872558594,4.184912204742432,"⎛ A,B,C,D,F,G,H,I,J,L,M,N,O,Q,R,S,T ⎞⎛ E ⎞⎛ K ⎞⎛ P ⎞
⎝    a,b,d,e,g,h,j,k,m,n,p,q,s,t    ⎠⎝ ∅ ⎠⎝ ∅ ⎠⎝ ∅ ⎠
",ABCDEFGHIJKLMNOPQRST,ABDEGHJKMNPQST
N20A.csv,4,KGeoMIP,1.2255172729492188,0.9242334365844727,"⎛ Q ⎞⎛ A,D,E,F,H,K,M,N,O,P,R,S ⎞⎛ J,T ⎞⎛ B,C,G,I,L ⎞
⎝ q ⎠⎝    a,d,e,h,k,m,n,p,s    ⎠⎝ j,t ⎠⎝    b,g    ⎠
",ABCDEFGHIJKLMNOPQRST,ABDEGHJKMNPQST
N20A.csv,5,KQNodes,0.07791709899902344,4.201546907424927,"⎛ A,B,C,D,F,G,I,J,L,M,N,O,Q,R,S,T ⎞⎛ E ⎞⎛ H ⎞⎛ K ⎞⎛ P ⎞
⎝   a,b,d,e,g,h,j,k,m,n,p,q,s,t   ⎠⎝ ∅ ⎠⎝ ∅ ⎠⎝ ∅ ⎠⎝ ∅ ⎠
",ABCDEFGHIJKLMNOPQRST,ABDEGHJKMNPQST
N20A.csv,5,KGeoMIP,1.2403907775878906,0.9151833057403564,"⎛ F ⎞⎛ A,D,K,M,N,O,P,R,S ⎞⎛ E,H ⎞⎛ J,Q,T ⎞⎛ B,C,G,I,L ⎞
⎝ ∅ ⎠⎝   a,d,k,m,n,p,s   ⎠⎝ e,h ⎠⎝ j,q,t ⎠⎝    b,g    ⎠
",ABCDEFGHIJKLMNOPQRST,ABDEGHJKMNPQST
N20A.csv,2,KQNodes,2.86102294921875e-05,3.3680479526519775,"⎛ A,B,C,D,E,F,G,H,I,J,K,L,N,O,P,Q,R,S,T ⎞⎛ M ⎞
⎝          a,c,e,g,i,k,m,o,q,s          ⎠⎝ ∅ ⎠
",ABCDEFGHIJKLMNOPQRST,ACEGIKMOQS
N20A.csv,2,KGeoMIP,2.86102294921875e-05,0.8334376811981201,"⎛ A,B,C,D,E,F,G,H,I,J,K,L,N,O,P,Q,R,S,T ⎞⎛ M ⎞
⎝          a,c,e,g,i,k,m,o,q,s          ⎠⎝ ∅ ⎠
",ABCDEFGHIJKLMNOPQRST,ACEGIKMOQS
N20A.csv,3,KQNodes,0.00026607513427734375,3.3497071266174316,"⎛ A,B,C,D,E,F,G,H,I,J,K,L,N,P,Q,R,S,T ⎞⎛ M ⎞⎛ O ⎞
⎝         a,c,e,g,i,k,m,o,q,s         ⎠⎝ ∅ ⎠⎝ ∅ ⎠
",ABCDEFGHIJKLMNOPQRST,ACEGIKMOQS
N20A.csv,3,KGeoMIP,0.21856403350830078,0.8328499794006348,"⎛ R ⎞⎛ A,B,C,D,E,F,G,H,I,J,K,L,M,N,O,P,Q,T ⎞⎛ S ⎞
⎝ ∅ ⎠⎝          a,c,e,g,i,k,m,o,q          ⎠⎝ s ⎠
",ABCDEFGHIJKLMNOPQRST,ACEGIKMOQS
N20A.csv,4,KQNodes,0.0010023117065429688,3.366288185119629,"⎛ A,B,C,D,E,F,G,H,J,K,L,N,P,Q,R,S,T ⎞⎛ I ⎞⎛ M ⎞⎛ O ⎞
⎝        a,c,e,g,i,k,m,o,q,s        ⎠⎝ ∅ ⎠⎝ ∅ ⎠⎝ ∅ ⎠
",ABCDEFGHIJKLMNOPQRST,ACEGIKMOQS
N20A.csv,4,KGeoMIP,0.29933738708496094,0.8130135536193848,"⎛ M ⎞⎛ A,B,D,I,N,O,P,Q,R ⎞⎛ C,E,F,G,H,J,K,L,T ⎞⎛ S ⎞
⎝ m ⎠⎝      a,i,o,q      ⎠⎝      c,e,g,k      ⎠⎝ s ⎠
",ABCDEFGHIJKLMNOPQRST,ACEGIKMOQS
N20A.csv,5,KQNodes,0.009143829345703125,3.34261417388916,"⎛ A,B,C,D,E,F,G,H,J,K,L,N,P,Q,S,T ⎞⎛ I ⎞⎛ M ⎞⎛ O ⎞⎛ R ⎞
⎝       a,c,e,g,i,k,m,o,q,s       ⎠⎝ ∅ ⎠⎝ ∅ ⎠⎝ ∅ ⎠⎝ ∅ ⎠
",ABCDEFGHIJKLMNOPQRST,ACEGIKMOQS
N20A.csv,5,KGeoMIP,0.3010444641113281,0.8132514953613281,"⎛ M ⎞⎛ A,B,D,I,N,O,P,Q,R ⎞⎛ C,E,F,H,J,K,L ⎞⎛ G,T ⎞⎛ S ⎞
⎝ m ⎠⎝      a,i,o,q      ⎠⎝     c,e,k     ⎠⎝  g  ⎠⎝ s ⎠
",ABCDEFGHIJKLMNOPQRST,ACEGIKMOQS
N20A.csv,2,KQNodes,0.1544647216796875,3.1913092136383057,"⎛ A,C,D,G,H,I,J,K,L,M,N,P,T ⎞⎛ B,E,F,O,Q,R,S ⎞
⎝       b,d,h,j,l,n,r       ⎠⎝     f,p,t     ⎠
",ABCDEFGHIJKLMNOPQRST,BDFHJLNPRT
N20A.csv,2,KGeoMIP,0.00051116943359375,0.8148660659790039,"⎛ A,B,C,D,E,G,H,I,J,K,L,M,N,O,P,Q,R,S,T ⎞⎛ F ⎞
⎝          b,d,f,h,j,l,n,p,r,t          ⎠⎝ ∅ ⎠
",ABCDEFGHIJKLMNOPQRST,BDFHJLNPRT
N20A.csv,3,KQNodes,0.15325355529785156,3.211735486984253,"⎛ A,C,D,G,H,I,J,K,L,M,N,P,T ⎞⎛ E,F,Q ⎞⎛ B,O,R,S ⎞
⎝       b,d,h,j,l,n,r       ⎠⎝   f   ⎠⎝   p,t   ⎠
",ABCDEFGHIJKLMNOPQRST,BDFHJLNPRT
N20A.csv,3,KGeoMIP,0.03243541717529297,0.8156821727752686,"⎛ O ⎞⎛ A,B,C,D,E,F,G,H,I,J,K,L,N,P,Q,R,S,T ⎞⎛ M ⎞
⎝ ∅ ⎠⎝         b,d,f,h,j,l,n,p,r,t         ⎠⎝ ∅ ⎠
",ABCDEFGHIJKLMNOPQRST,BDFHJLNPRT
N20A.csv,4,KQNodes,0.1522998809814453,3.150359869003296,"⎛ A,C,D,G,H,I,J,K,L,M,N,P,T ⎞⎛ E,F,Q ⎞⎛ O,R,S ⎞⎛ B ⎞
⎝       b,d,h,j,l,n,r       ⎠⎝   f   ⎠⎝   p   ⎠⎝ t ⎠
",ABCDEFGHIJKLMNOPQRST,BDFHJLNPRT
N20A.csv,4,KGeoMIP,0.17904186248779297,0.7985405921936035,"⎛ O ⎞⎛ B,C,D,E,F,G,H,I,K,N,P,Q,R,S,T ⎞⎛ A,J,L ⎞⎛ M ⎞
⎝ ∅ ⎠⎝        b,d,f,h,n,p,r,t        ⎠⎝  j,l  ⎠⎝ ∅ ⎠
",ABCDEFGHIJKLMNOPQRST,BDFHJLNPRT
N20A.csv,5,KQNodes,0.15255260467529297,3.1967523097991943,"⎛ A,C,D,G,H,I,J,K,L,M,N,P,T ⎞⎛ E,F ⎞⎛ O,R,S ⎞⎛ B ⎞⎛ Q ⎞
⎝       b,d,h,j,l,n,r       ⎠⎝  f  ⎠⎝   p   ⎠⎝ t ⎠⎝ ∅ ⎠
",ABCDEFGHIJKLMNOPQRST,BDFHJLNPRT
N20A.csv,5,KGeoMIP,0.18683719635009766,0.8049888610839844,"⎛ O ⎞⎛ B,C,D,E,F,G,H,I,N,P,Q,R,S,T ⎞⎛ K ⎞⎛ A,J,L ⎞⎛ M ⎞
⎝ ∅ ⎠⎝       b,d,f,h,n,p,r,t       ⎠⎝ ∅ ⎠⎝  j,l  ⎠⎝ ∅ ⎠
",ABCDEFGHIJKLMNOPQRST,BDFHJLNPRT
N20A.csv,2,KQNodes,0.4996185302734375,25.952709197998047,"⎛   A,B,C,D,E,F,G,I,J,K,L,M,N,O,P,Q,R,S   ⎞⎛ H ⎞
⎝ a,b,c,d,e,f,g,h,i,j,k,l,m,n,o,p,q,r,s,t ⎠⎝ ∅ ⎠
",ABCDEFGHIJKLMNOPQRS,ABCDEFGHIJKLMNOPQRST
N20A.csv,2,KGeoMIP,0.4993877410888672,65.54774856567383,"⎛   A,B,C,D,E,F,G,H,I,J,K,L,M,N,O,Q,R,S   ⎞⎛ P ⎞
⎝ a,b,c,d,e,f,g,h,i,j,k,l,m,n,o,p,q,r,s,t ⎠⎝ ∅ ⎠
",ABCDEFGHIJKLMNOPQRS,ABCDEFGHIJKLMNOPQRST
N20A.csv,3,KQNodes,0.9992895126342773,26.266372442245483,"⎛    A,B,C,D,E,F,G,I,J,K,L,M,N,O,P,Q,S    ⎞⎛ H ⎞⎛ R ⎞
⎝ a,b,c,d,e,f,g,h,i,j,k,l,m,n,o,p,q,r,s,t ⎠⎝ ∅ ⎠⎝ ∅ ⎠
",ABCDEFGHIJKLMNOPQRS,ABCDEFGHIJKLMNOPQRST
N20A.csv,3,KGeoMIP,9.489131927490234,57.02525496482849,"⎛  C  ⎞⎛ A,B,D,E,F,H,K,L,N ⎞⎛ G,I,J,M,O,P,Q,R,S ⎞
⎝ c,t ⎠⎝ a,b,d,e,f,h,k,l,n ⎠⎝ g,i,j,m,o,p,q,r,s ⎠
",ABCDEFGHIJKLMNOPQRS,ABCDEFGHIJKLMNOPQRST
N20A.csv,4,KQNodes,1.498978614807129,26.010525703430176,"⎛     A,B,C,D,F,G,I,J,K,L,M,N,O,P,Q,S     ⎞⎛ E ⎞⎛ H ⎞⎛ R ⎞
⎝ a,b,c,d,e,f,g,h,i,j,k,l,m,n,o,p,q,r,s,t ⎠⎝ ∅ ⎠⎝ ∅ ⎠⎝ ∅ ⎠
",ABCDEFGHIJKLMNOPQRS,ABCDEFGHIJKLMNOPQRST
N20A.csv,4,KGeoMIP,9.467267990112305,56.85685706138611,"⎛ G ⎞⎛  C,E  ⎞⎛ A,B,D,F,H,K,L,N ⎞⎛ I,J,M,O,P,Q,R,S ⎞
⎝ g ⎠⎝ c,e,t ⎠⎝ a,b,d,f,h,k,l,n ⎠⎝ i,j,m,o,p,q,r,s ⎠
",ABCDEFGHIJKLMNOPQRS,ABCDEFGHIJKLMNOPQRST
N20A.csv,5,KQNodes,1.999007225036621,25.943520069122314,"⎛      A,B,C,D,F,G,I,J,K,L,N,O,P,Q,S      ⎞⎛ E ⎞⎛ H ⎞⎛ M ⎞⎛ R ⎞
⎝ a,b,c,d,e,f,g,h,i,j,k,l,m,n,o,p,q,r,s,t ⎠⎝ ∅ ⎠⎝ ∅ ⎠⎝ ∅ ⎠⎝ ∅ ⎠
",ABCDEFGHIJKLMNOPQRS,ABCDEFGHIJKLMNOPQRST
N20A.csv,5,KGeoMIP,9.473316192626953,56.3973023891449,"⎛ I ⎞⎛  C,E  ⎞⎛ A,B,D,F,H,K,L,N ⎞⎛ G,J,O,P,S ⎞⎛ M,Q,R ⎞
⎝ i ⎠⎝ c,e,t ⎠⎝ a,b,d,f,h,k,l,n ⎠⎝ g,j,o,p,s ⎠⎝ m,q,r ⎠
",ABCDEFGHIJKLMNOPQRS,ABCDEFGHIJKLMNOPQRST
N20A.csv,2,KQNodes,2.86102294921875e-05,9.041200637817383,"⎛  A,B,C,D,E,F,G,H,I,J,K,L,N,O,P,Q,R,S  ⎞⎛ M ⎞
⎝ a,b,c,d,e,f,g,h,i,j,k,l,m,n,o,p,q,r,s ⎠⎝ ∅ ⎠
",ABCDEFGHIJKLMNOPQRS,ABCDEFGHIJKLMNOPQRS
N20A.csv,2,KGeoMIP,2.86102294921875e-05,29.669349431991577,"⎛  A,B,C,D,E,F,G,H,I,J,K,L,N,O,P,Q,R,S  ⎞⎛ M ⎞
⎝ a,b,c,d,e,f,g,h,i,j,k,l,m,n,o,p,q,r,s ⎠⎝ ∅ ⎠
",ABCDEFGHIJKLMNOPQRS,ABCDEFGHIJKLMNOPQRS
N20A.csv,3,KQNodes,0.00026416778564453125,9.020839929580688,"⎛   B,C,D,E,F,G,H,I,J,K,L,N,O,P,Q,R,S   ⎞⎛ A ⎞⎛ M ⎞
⎝ a,b,c,d,e,f,g,h,i,j,k,l,m,n,o,p,q,r,s ⎠⎝ ∅ ⎠⎝ ∅ ⎠
",ABCDEFGHIJKLMNOPQRS,ABCDEFGHIJKLMNOPQRS
N20A.csv,3,KGeoMIP,5.565525054931641,26.190075874328613,"⎛ S ⎞⎛ A,B,C,D,E,F,H,I,K,L,M,N,O,P,Q ⎞⎛ G,J,R ⎞
⎝ s ⎠⎝ a,b,c,d,e,f,h,i,k,l,m,n,o,p,q ⎠⎝ g,j,r ⎠
",ABCDEFGHIJKLMNOPQRS,ABCDEFGHIJKLMNOPQRS
N20A.csv,4,KQNodes,0.0005044937133789062,9.030403137207031,"⎛    B,C,D,E,F,G,H,J,K,L,N,O,P,Q,R,S    ⎞⎛ A ⎞⎛ I ⎞⎛ M ⎞
⎝ a,b,c,d,e,f,g,h,i,j,k,l,m,n,o,p,q,r,s ⎠⎝ ∅ ⎠⎝ ∅ ⎠⎝ ∅ ⎠
",ABCDEFGHIJKLMNOPQRS,ABCDEFGHIJKLMNOPQRS
N20A.csv,4,KGeoMIP,5.535984039306641,26.107123851776123,"⎛ I ⎞⎛ D,E,F,M,N,P,S ⎞⎛ A,B,C,H,K,L,O,Q ⎞⎛ G,J,R ⎞
⎝ i ⎠⎝ d,e,f,m,n,p,s ⎠⎝ a,b,c,h,k,l,o,q ⎠⎝ g,j,r ⎠
",ABCDEFGHIJKLMNOPQRS,ABCDEFGHIJKLMNOPQRS
N20A.csv,5,KQNodes,0.000774383544921875,8.947862386703491,"⎛     B,D,E,F,G,H,J,K,L,N,O,P,Q,R,S     ⎞⎛ A ⎞⎛ C ⎞⎛ I ⎞⎛ M ⎞
⎝ a,b,c,d,e,f,g,h,i,j,k,l,m,n,o,p,q,r,s ⎠⎝ ∅ ⎠⎝ ∅ ⎠⎝ ∅ ⎠⎝ ∅ ⎠
",ABCDEFGHIJKLMNOPQRS,ABCDEFGHIJKLMNOPQRS
N20A.csv,5,KGeoMIP,5.511110305786133,26.20899796485901,"⎛ M ⎞⎛ D,E,F,N,P,S ⎞⎛ A,C,H,I ⎞⎛ B,K,L,O,Q ⎞⎛ G,J,R ⎞
⎝ m ⎠⎝ d,e,f,n,p,s ⎠⎝ a,c,h,i ⎠⎝ b,k,l,o,q ⎠⎝ g,j,r ⎠
",ABCDEFGHIJKLMNOPQRS,ABCDEFGHIJKLMNOPQRS
N20A.csv,2,KQNodes,0.000141143798828125,7.558953762054443,"⎛  A,B,C,D,E,F,H,I,J,K,L,M,N,O,P,Q,R,S  ⎞⎛ G ⎞
⎝ b,c,d,e,f,g,h,i,j,k,l,m,n,o,p,q,r,s,t ⎠⎝ ∅ ⎠
",ABCDEFGHIJKLMNOPQRS,BCDEFGHIJKLMNOPQRST
N20A.csv,2,KGeoMIP,0.000141143798828125,29.18103003501892,"⎛  A,B,C,D,E,F,H,I,J,K,L,M,N,O,P,Q,R,S  ⎞⎛ G ⎞
⎝ b,c,d,e,f,g,h,i,j,k,l,m,n,o,p,q,r,s,t ⎠⎝ ∅ ⎠
",ABCDEFGHIJKLMNOPQRS,BCDEFGHIJKLMNOPQRST
N20A.csv,3,KQNodes,0.00035381317138671875,7.55824613571167,"⎛   A,C,D,E,F,H,I,J,K,L,M,N,O,P,Q,R,S   ⎞⎛ B ⎞⎛ G ⎞
⎝ b,c,d,e,f,g,h,i,j,k,l,m,n,o,p,q,r,s,t ⎠⎝ ∅ ⎠⎝ ∅ ⎠
",ABCDEFGHIJKLMNOPQRS,BCDEFGHIJKLMNOPQRST
N20A.csv,3,KGeoMIP,3.085205078125,26.719747304916382,"⎛ A,C,F,I,K,N,O,P ⎞⎛ B,D,E,G,H,L,R,S ⎞⎛ J,M,Q ⎞
⎝ c,f,i,k,n,o,p,t ⎠⎝ b,d,e,g,h,l,r,s ⎠⎝ j,m,q ⎠
",ABCDEFGHIJKLMNOPQRS,BCDEFGHIJKLMNOPQRST
N20A.csv,4,KQNodes,0.000591278076171875,7.599569082260132,"⎛    A,C,D,E,F,H,I,J,K,L,M,N,P,Q,R,S    ⎞⎛ B ⎞⎛ G ⎞⎛ O ⎞
⎝ b,c,d,e,f,g,h,i,j,k,l,m,n,o,p,q,r,s,t ⎠⎝ ∅ ⎠⎝ ∅ ⎠⎝ ∅ ⎠
",ABCDEFGHIJKLMNOPQRS,BCDEFGHIJKLMNOPQRST
N20A.csv,4,KGeoMIP,3.0558853149414062,27.085209608078003,"⎛  I  ⎞⎛ A,C,F,K,N,O,P ⎞⎛ B,D,E,G,H,L,R,S ⎞⎛ J,M,Q ⎞
⎝ i,t ⎠⎝  c,f,k,n,o,p  ⎠⎝ b,d,e,g,h,l,r,s ⎠⎝ j,m,q ⎠
",ABCDEFGHIJKLMNOPQRS,BCDEFGHIJKLMNOPQRST
N20A.csv,5,KQNodes,0.00083160400390625,7.5485520362854,"⎛     A,C,D,E,F,H,J,K,L,M,N,P,Q,R,S     ⎞⎛ B ⎞⎛ G ⎞⎛ I ⎞⎛ O ⎞
⎝ b,c,d,e,f,g,h,i,j,k,l,m,n,o,p,q,r,s,t ⎠⎝ ∅ ⎠⎝ ∅ ⎠⎝ ∅ ⎠⎝ ∅ ⎠
",ABCDEFGHIJKLMNOPQRS,BCDEFGHIJKLMNOPQRST
N20A.csv,5,KGeoMIP,3.053431510925293,27.144768714904785,"⎛ S ⎞⎛  C,F,I,K,N,O,P  ⎞⎛ A ⎞⎛ B,D,E,G,H,L,R ⎞⎛ J,M,Q ⎞
⎝ s ⎠⎝ c,f,i,k,n,o,p,t ⎠⎝ ∅ ⎠⎝ b,d,e,g,h,l,r ⎠⎝ j,m,q ⎠
",ABCDEFGHIJKLMNOPQRS,BCDEFGHIJKLMNOPQRST
N20A.csv,2,KQNodes,2.86102294921875e-05,6.629410028457642,"⎛ A,B,C,D,E,F,G,H,I,J,K,L,N,O,P,Q,R,S ⎞⎛ M ⎞
⎝ b,c,d,e,f,g,h,i,j,k,l,m,n,o,p,q,r,s ⎠⎝ ∅ ⎠
",ABCDEFGHIJKLMNOPQRS,BCDEFGHIJKLMNOPQRS
N20A.csv,2,KGeoMIP,2.86102294921875e-05,14.137155532836914,"⎛ A,B,C,D,E,F,G,H,I,J,K,L,N,O,P,Q,R,S ⎞⎛ M ⎞
⎝ b,c,d,e,f,g,h,i,j,k,l,m,n,o,p,q,r,s ⎠⎝ ∅ ⎠
",ABCDEFGHIJKLMNOPQRS,BCDEFGHIJKLMNOPQRS
N20A.csv,3,KQNodes,0.0001697540283203125,6.763471841812134,"⎛  A,B,C,D,E,F,H,I,J,K,L,N,O,P,Q,R,S  ⎞⎛ G ⎞⎛ M ⎞
⎝ b,c,d,e,f,g,h,i,j,k,l,m,n,o,p,q,r,s ⎠⎝ ∅ ⎠⎝ ∅ ⎠
",ABCDEFGHIJKLMNOPQRS,BCDEFGHIJKLMNOPQRS
N20A.csv,3,KGeoMIP,2.563875198364258,12.380019664764404,"⎛ H ⎞⎛ A,B,C,D,E,F,G,I,K,L,M,N,O,P,Q,R,S ⎞⎛ J ⎞
⎝ h ⎠⎝  b,c,d,e,f,g,i,k,l,m,n,o,p,q,r,s  ⎠⎝ j ⎠
",ABCDEFGHIJKLMNOPQRS,BCDEFGHIJKLMNOPQRS
N20A.csv,4,KQNodes,0.0004100799560546875,6.977465391159058,"⎛   A,B,C,D,E,F,H,J,K,L,N,O,P,Q,R,S   ⎞⎛ G ⎞⎛ I ⎞⎛ M ⎞
⎝ b,c,d,e,f,g,h,i,j,k,l,m,n,o,p,q,r,s ⎠⎝ ∅ ⎠⎝ ∅ ⎠⎝ ∅ ⎠
",ABCDEFGHIJKLMNOPQRS,BCDEFGHIJKLMNOPQRS
N20A.csv,4,KGeoMIP,2.9226245880126953,12.449182510375977,"⎛ D ⎞⎛ A,B,C,E,F,H,I,K,M,N,O,P,Q,R,S ⎞⎛ G,L ⎞⎛ J ⎞
⎝ d ⎠⎝  b,c,e,f,h,i,k,m,n,o,p,q,r,s  ⎠⎝ g,l ⎠⎝ j ⎠
",ABCDEFGHIJKLMNOPQRS,BCDEFGHIJKLMNOPQRS
N20A.csv,5,KQNodes,0.0007390975952148438,6.702314376831055,"⎛    A,B,C,D,E,F,H,J,K,L,N,O,P,Q,S    ⎞⎛ G ⎞⎛ I ⎞⎛ M ⎞⎛ R ⎞
⎝ b,c,d,e,f,g,h,i,j,k,l,m,n,o,p,q,r,s ⎠⎝ ∅ ⎠⎝ ∅ ⎠⎝ ∅ ⎠⎝ ∅ ⎠
",ABCDEFGHIJKLMNOPQRS,BCDEFGHIJKLMNOPQRS
N20A.csv,5,KGeoMIP,3.0014400482177734,12.30739140510559,"⎛ F ⎞⎛ A,E,I,K,M,N,S ⎞⎛ B,C,D,H,O,P,Q,R ⎞⎛ G,L ⎞⎛ J ⎞
⎝ f ⎠⎝  e,i,k,m,n,s  ⎠⎝ b,c,d,h,o,p,q,r ⎠⎝ g,l ⎠⎝ j ⎠
",ABCDEFGHIJKLMNOPQRS,BCDEFGHIJKLMNOPQRS
N20A.csv,2,KQNodes,0.0003108978271484375,3.65865421295166,"⎛ A,B,C,D,F,G,H,I,J,K,L,M,N,O,P,Q,R,S ⎞⎛ E ⎞
⎝     a,b,d,e,g,h,j,k,m,n,p,q,s,t     ⎠⎝ ∅ ⎠
",ABCDEFGHIJKLMNOPQRS,ABDEGHJKMNPQST
N20A.csv,2,KGeoMIP,0.0003108978271484375,1.0037643909454346,"⎛ A,B,C,D,F,G,H,I,J,K,L,M,N,O,P,Q,R,S ⎞⎛ E ⎞
⎝     a,b,d,e,g,h,j,k,m,n,p,q,s,t     ⎠⎝ ∅ ⎠
",ABCDEFGHIJKLMNOPQRS,ABDEGHJKMNPQST
N20A.csv,3,KQNodes,0.01654815673828125,3.663825511932373,"⎛ A,B,C,D,F,G,H,I,J,K,L,M,N,O,Q,R,S ⎞⎛ E ⎞⎛ P ⎞
⎝    a,b,d,e,g,h,j,k,m,n,p,q,s,t    ⎠⎝ ∅ ⎠⎝ ∅ ⎠
",ABCDEFGHIJKLMNOPQRS,ABDEGHJKMNPQST
N20A.csv,3,KGeoMIP,1.0477619171142578,0.9386763572692871,"⎛ D ⎞⎛ A,E,F,H,J,K,M,N,O,P,Q,R,S ⎞⎛ B,C,G,I,L ⎞
⎝ d ⎠⎝   a,e,h,j,k,m,n,p,q,s,t   ⎠⎝    b,g    ⎠
",ABCDEFGHIJKLMNOPQRS,ABDEGHJKMNPQST
N20A.csv,4,KQNodes,0.04741668701171875,3.6754026412963867,"⎛ A,B,C,D,F,G,I,J,K,L,M,N,O,Q,R,S ⎞⎛ E ⎞⎛ H ⎞⎛ P ⎞
⎝   a,b,d,e,g,h,j,k,m,n,p,q,s,t   ⎠⎝ ∅ ⎠⎝ ∅ ⎠⎝ ∅ ⎠
",ABCDEFGHIJKLMNOPQRS,ABDEGHJKMNPQST
N20A.csv,4,KGeoMIP,1.1081962585449219,0.9043548107147217,"⎛ Q ⎞⎛ A,D,E,F,H,K,M,N,O,P,R,S ⎞⎛ J ⎞⎛ B,C,G,I,L ⎞
⎝ q ⎠⎝   a,d,e,h,k,m,n,p,s,t   ⎠⎝ j ⎠⎝    b,g    ⎠
",ABCDEFGHIJKLMNOPQRS,ABDEGHJKMNPQST
N20A.csv,5,KQNodes,0.0783376693725586,3.665540933609009,"⎛ A,B,C,D,F,G,I,J,K,L,M,N,O,Q,S ⎞⎛ E ⎞⎛ H ⎞⎛ P ⎞⎛ R ⎞
⎝  a,b,d,e,g,h,j,k,m,n,p,q,s,t  ⎠⎝ ∅ ⎠⎝ ∅ ⎠⎝ ∅ ⎠⎝ ∅ ⎠
",ABCDEFGHIJKLMNOPQRS,ABDEGHJKMNPQST
N20A.csv,5,KGeoMIP,1.1768627166748047,0.891136646270752,"⎛ H ⎞⎛ A,D,K,M,N,O,P,R,S ⎞⎛ E,F,Q ⎞⎛ J ⎞⎛ B,C,G,I,L ⎞
⎝ h ⎠⎝  a,d,k,m,n,p,s,t  ⎠⎝  e,q  ⎠⎝ j ⎠⎝    b,g    ⎠
",ABCDEFGHIJKLMNOPQRS,ABDEGHJKMNPQST
N20A.csv,2,KQNodes,2.86102294921875e-05,2.970020055770874,"⎛ A,B,C,D,E,F,G,H,I,J,K,L,N,O,P,Q,R,S ⎞⎛ M ⎞
⎝         a,c,e,g,i,k,m,o,q,s         ⎠⎝ ∅ ⎠
",ABCDEFGHIJKLMNOPQRS,ACEGIKMOQS
N20A.csv,2,KGeoMIP,2.86102294921875e-05,0.7821903228759766,"⎛ A,B,C,D,E,F,G,H,I,J,K,L,N,O,P,Q,R,S ⎞⎛ M ⎞
⎝         a,c,e,g,i,k,m,o,q,s         ⎠⎝ ∅ ⎠
",ABCDEFGHIJKLMNOPQRS,ACEGIKMOQS
N20A.csv,3,KQNodes,0.00026607513427734375,3.0042130947113037,"⎛ A,B,C,D,E,F,G,H,I,J,K,L,N,P,Q,R,S ⎞⎛ M ⎞⎛ O ⎞
⎝        a,c,e,g,i,k,m,o,q,s        ⎠⎝ ∅ ⎠⎝ ∅ ⎠
",ABCDEFGHIJKLMNOPQRS,ACEGIKMOQS
N20A.csv,3,KGeoMIP,0.21416950225830078,0.7702925205230713,"⎛ R ⎞⎛ A,B,C,D,E,F,G,H,I,J,K,L,M,N,O,P,Q ⎞⎛ S ⎞
⎝ ∅ ⎠⎝         a,c,e,g,i,k,m,o,q         ⎠⎝ s ⎠
",ABCDEFGHIJKLMNOPQRS,ACEGIKMOQS
N20A.csv,4,KQNodes,0.0010023117065429688,2.932870388031006,"⎛ A,B,C,D,E,F,G,H,J,K,L,N,P,Q,R,S ⎞⎛ I ⎞⎛ M ⎞⎛ O ⎞
⎝       a,c,e,g,i,k,m,o,q,s       ⎠⎝ ∅ ⎠⎝ ∅ ⎠⎝ ∅ ⎠
",ABCDEFGHIJKLMNOPQRS,ACEGIKMOQS
N20A.csv,4,KGeoMIP,0.28093528747558594,0.7748434543609619,"⎛ M ⎞⎛ A,B,D,I,N,O,P,Q,R ⎞⎛ C,E,F,G,H,J,K,L ⎞⎛ S ⎞
⎝ m ⎠⎝      a,i,o,q      ⎠⎝     c,e,g,k     ⎠⎝ s ⎠
",ABCDEFGHIJKLMNOPQRS,ACEGIKMOQS
N20A.csv,5,KQNodes,0.009143829345703125,2.945403575897217,"⎛ A,B,C,D,E,F,G,H,J,K,L,N,P,Q,S ⎞⎛ I ⎞⎛ M ⎞⎛ O ⎞⎛ R ⎞
⎝      a,c,e,g,i,k,m,o,q,s      ⎠⎝ ∅ ⎠⎝ ∅ ⎠⎝ ∅ ⎠⎝ ∅ ⎠
",ABCDEFGHIJKLMNOPQRS,ACEGIKMOQS
N20A.csv,5,KGeoMIP,0.280059814453125,0.7639071941375732,"⎛ M ⎞⎛ A,B,D,I,N,O,P,Q,R ⎞⎛ C,E,F,H,J,K,L ⎞⎛ G ⎞⎛ S ⎞
⎝ m ⎠⎝      a,i,o,q      ⎠⎝     c,e,k     ⎠⎝ g ⎠⎝ s ⎠
",ABCDEFGHIJKLMNOPQRS,ACEGIKMOQS
N20A.csv,2,KQNodes,0.1460418701171875,2.8175809383392334,"⎛ A,C,D,G,H,I,J,K,L,M,N,P ⎞⎛ B,E,F,O,Q,R,S ⎞
⎝      b,d,h,j,l,n,r      ⎠⎝     f,p,t     ⎠
",ABCDEFGHIJKLMNOPQRS,BDFHJLNPRT
N20A.csv,2,KGeoMIP,0.00051116943359375,0.7749583721160889,"⎛ A,B,C,D,E,G,H,I,J,K,L,M,N,O,P,Q,R,S ⎞⎛ F ⎞
⎝         b,d,f,h,j,l,n,p,r,t         ⎠⎝ ∅ ⎠
",ABCDEFGHIJKLMNOPQRS,BDFHJLNPRT
N20A.csv,3,KQNodes,0.14483070373535156,2.7829127311706543,"⎛ A,C,D,G,H,I,J,K,L,M,N,P ⎞⎛ E,F,Q ⎞⎛ B,O,R,S ⎞
⎝      b,d,h,j,l,n,r      ⎠⎝   f   ⎠⎝   p,t   ⎠
",ABCDEFGHIJKLMNOPQRS,BDFHJLNPRT
N20A.csv,3,KGeoMIP,0.037316322326660156,0.7937901020050049,"⎛ A ⎞⎛ B,C,D,E,F,G,H,I,J,K,L,N,O,P,Q,R,S ⎞⎛ M ⎞
⎝ ∅ ⎠⎝        b,d,f,h,j,l,n,p,r,t        ⎠⎝ ∅ ⎠
",ABCDEFGHIJKLMNOPQRS,BDFHJLNPRT
N20A.csv,4,KQNodes,0.1438770294189453,2.7912487983703613,"⎛ A,C,D,G,H,I,J,K,L,M,N,P ⎞⎛ E,F,Q ⎞⎛ O,R,S ⎞⎛ B ⎞
⎝      b,d,h,j,l,n,r      ⎠⎝   f   ⎠⎝   p   ⎠⎝ t ⎠
",ABCDEFGHIJKLMNOPQRS,BDFHJLNPRT
N20A.csv,4,KGeoMIP,0.17441368103027344,0.7645406723022461,"⎛ I ⎞⎛ B,C,D,E,F,G,H,K,N,O,P,Q,R,S ⎞⎛ A,J,L ⎞⎛ M ⎞
⎝ ∅ ⎠⎝       b,d,f,h,n,p,r,t       ⎠⎝  j,l  ⎠⎝ ∅ ⎠
",ABCDEFGHIJKLMNOPQRS,BDFHJLNPRT
N20A.csv,5,KQNodes,0.14412975311279297,2.7868363857269287,"⎛ A,C,D,G,H,I,J,K,L,M,N,P ⎞⎛ E,F ⎞⎛ O,R,S ⎞⎛ B ⎞⎛ Q ⎞
⎝      b,d,h,j,l,n,r      ⎠⎝  f  ⎠⎝   p   ⎠⎝ t ⎠⎝ ∅ ⎠
",ABCDEFGHIJKLMNOPQRS,BDFHJLNPRT
N20A.csv,5,KGeoMIP,0.1889019012451172,0.763399600982666,"⎛ D ⎞⎛ B,C,E,F,G,H,I,N,O,P,Q,R,S ⎞⎛ K ⎞⎛ A,J,L ⎞⎛ M ⎞
⎝ d ⎠⎝       b,f,h,n,p,r,t       ⎠⎝ ∅ ⎠⎝  j,l  ⎠⎝ ∅ ⎠
",ABCDEFGHIJKLMNOPQRS,BDFHJLNPRT
N20A.csv,2,KQNodes,0.4992961883544922,23.081607341766357,"⎛   B,C,D,E,F,G,H,I,J,K,L,M,N,O,P,Q,R,S   ⎞⎛ T ⎞
⎝ a,b,c,d,e,f,g,h,i,j,k,l,m,n,o,p,q,r,s,t ⎠⎝ ∅ ⎠
",BCDEFGHIJKLMNOPQRST,ABCDEFGHIJKLMNOPQRST
N20A.csv,2,KGeoMIP,0.4992961883544922,64.08182668685913,"⎛   B,C,D,E,F,G,H,I,J,K,L,M,N,O,P,Q,R,S   ⎞⎛ T ⎞
⎝ a,b,c,d,e,f,g,h,i,j,k,l,m,n,o,p,q,r,s,t ⎠⎝ ∅ ⎠
",BCDEFGHIJKLMNOPQRST,ABCDEFGHIJKLMNOPQRST
N20A.csv,3,KQNodes,0.9989147186279297,23.020128965377808,"⎛    B,C,D,E,F,G,I,J,K,L,M,N,O,P,Q,R,S    ⎞⎛ H ⎞⎛ T ⎞
⎝ a,b,c,d,e,f,g,h,i,j,k,l,m,n,o,p,q,r,s,t ⎠⎝ ∅ ⎠⎝ ∅ ⎠
",BCDEFGHIJKLMNOPQRST,ABCDEFGHIJKLMNOPQRST
N20A.csv,3,KGeoMIP,9.494586944580078,56.837066888809204,"⎛  T  ⎞⎛ B,C,D,E,F,H,K,L,N ⎞⎛ G,I,J,M,O,P,Q,R,S ⎞
⎝ a,t ⎠⎝ b,c,d,e,f,h,k,l,n ⎠⎝ g,i,j,m,o,p,q,r,s ⎠
",BCDEFGHIJKLMNOPQRST,ABCDEFGHIJKLMNOPQRST
N20A.csv,4,KQNodes,1.4985857009887695,23.010310888290405,"⎛     B,C,D,E,F,G,I,J,K,L,M,N,O,P,Q,S     ⎞⎛ H ⎞⎛ R ⎞⎛ T ⎞
⎝ a,b,c,d,e,f,g,h,i,j,k,l,m,n,o,p,q,r,s,t ⎠⎝ ∅ ⎠⎝ ∅ ⎠⎝ ∅ ⎠
",BCDEFGHIJKLMNOPQRST,ABCDEFGHIJKLMNOPQRST
N20A.csv,4,KGeoMIP,9.479423522949219,57.081717014312744,"⎛  C  ⎞⎛ B,D,E,F,H,K,L,N,T ⎞⎛ G,I,J,O,P,S ⎞⎛ M,Q,R ⎞
⎝ a,c ⎠⎝ b,d,e,f,h,k,l,n,t ⎠⎝ g,i,j,o,p,s ⎠⎝ m,q,r ⎠
",BCDEFGHIJKLMNOPQRST,ABCDEFGHIJKLMNOPQRST
N20A.csv,5,KQNodes,1.998274803161621,23.05693793296814,"⎛      B,C,D,F,G,I,J,K,L,M,N,O,P,Q,S      ⎞⎛ E ⎞⎛ H ⎞⎛ R ⎞⎛ T ⎞
⎝ a,b,c,d,e,f,g,h,i,j,k,l,m,n,o,p,q,r,s,t ⎠⎝ ∅ ⎠⎝ ∅ ⎠⎝ ∅ ⎠⎝ ∅ ⎠
",BCDEFGHIJKLMNOPQRST,ABCDEFGHIJKLMNOPQRST
N20A.csv,5,KGeoMIP,9.480796813964844,57.06164503097534,"⎛  C  ⎞⎛ B,D,E,F,H,K,L,N,T ⎞⎛ G,I,J,O,P,S ⎞⎛ M,R ⎞⎛ Q ⎞
⎝ a,c ⎠⎝ b,d,e,f,h,k,l,n,t ⎠⎝ g,i,j,o,p,s ⎠⎝ m,r ⎠⎝ q ⎠
",BCDEFGHIJKLMNOPQRST,ABCDEFGHIJKLMNOPQRST
N20A.csv,2,KQNodes,2.86102294921875e-05,8.93969988822937,"⎛  B,C,D,E,F,G,H,I,J,K,L,N,O,P,Q,R,S,T  ⎞⎛ M ⎞
⎝ a,b,c,d,e,f,g,h,i,j,k,l,m,n,o,p,q,r,s ⎠⎝ ∅ ⎠
",BCDEFGHIJKLMNOPQRST,ABCDEFGHIJKLMNOPQRS
N20A.csv,2,KGeoMIP,2.86102294921875e-05,29.193229913711548,"⎛  B,C,D,E,F,G,H,I,J,K,L,N,O,P,Q,R,S,T  ⎞⎛ M ⎞
⎝ a,b,c,d,e,f,g,h,i,j,k,l,m,n,o,p,q,r,s ⎠⎝ ∅ ⎠
",BCDEFGHIJKLMNOPQRST,ABCDEFGHIJKLMNOPQRS
N20A.csv,3,KQNodes,0.0002689361572265625,8.97802472114563,"⎛   B,C,D,E,F,G,H,J,K,L,N,O,P,Q,R,S,T   ⎞⎛ I ⎞⎛ M ⎞
⎝ a,b,c,d,e,f,g,h,i,j,k,l,m,n,o,p,q,r,s ⎠⎝ ∅ ⎠⎝ ∅ ⎠
",BCDEFGHIJKLMNOPQRST,ABCDEFGHIJKLMNOPQRS
N20A.csv,3,KGeoMIP,5.5653076171875,26.51907181739807,"⎛  D,E,F,M,N,P,S  ⎞⎛ B,C,H,I,K,L,O,Q,T ⎞⎛ G,J,R ⎞
⎝ a,d,e,f,m,n,p,s ⎠⎝  b,c,h,i,k,l,o,q  ⎠⎝ g,j,r ⎠
",BCDEFGHIJKLMNOPQRST,ABCDEFGHIJKLMNOPQRS
N20A.csv,4,KQNodes,0.0005388259887695312,9.025423765182495,"⎛    B,D,E,F,G,H,J,K,L,N,O,P,Q,R,S,T    ⎞⎛ C ⎞⎛ I ⎞⎛ M ⎞
⎝ a,b,c,d,e,f,g,h,i,j,k,l,m,n,o,p,q,r,s ⎠⎝ ∅ ⎠⎝ ∅ ⎠⎝ ∅ ⎠
",BCDEFGHIJKLMNOPQRST,ABCDEFGHIJKLMNOPQRS
N20A.csv,4,KGeoMIP,5.515617370605469,26.45786690711975,"⎛  M  ⎞⎛ D,E,F,N,P,S ⎞⎛ B,C,H,I,K,L,O,Q,T ⎞⎛ G,J,R ⎞
⎝ a,m ⎠⎝ d,e,f,n,p,s ⎠⎝  b,c,h,i,k,l,o,q  ⎠⎝ g,j,r ⎠
",BCDEFGHIJKLMNOPQRST,ABCDEFGHIJKLMNOPQRS
N20A.csv,5,KQNodes,0.0009202957153320312,8.952949047088623,"⎛     B,D,E,F,G,J,K,L,N,O,P,Q,R,S,T     ⎞⎛ C ⎞⎛ H ⎞⎛ I ⎞⎛ M ⎞
⎝ a,b,c,d,e,f,g,h,i,j,k,l,m,n,o,p,q,r,s ⎠⎝ ∅ ⎠⎝ ∅ ⎠⎝ ∅ ⎠⎝ ∅ ⎠
",BCDEFGHIJKLMNOPQRST,ABCDEFGHIJKLMNOPQRS
N20A.csv,5,KGeoMIP,5.511438369750977,26.13582420349121,"⎛ D ⎞⎛  M,P,S  ⎞⎛ E,F,N ⎞⎛ B,C,H,I,K,L,O,Q,T ⎞⎛ G,J,R ⎞
⎝ d ⎠⎝ a,m,p,s ⎠⎝ e,f,n ⎠⎝  b,c,h,i,k,l,o,q  ⎠⎝ g,j,r ⎠
",BCDEFGHIJKLMNOPQRST,ABCDEFGHIJKLMNOPQRS
N20A.csv,2,KQNodes,0.000141143798828125,9.095072984695435,"⎛  B,C,D,E,F,H,I,J,K,L,M,N,O,P,Q,R,S,T  ⎞⎛ G ⎞
⎝ b,c,d,e,f,g,h,i,j,k,l,m,n,o,p,q,r,s,t ⎠⎝ ∅ ⎠
",BCDEFGHIJKLMNOPQRST,BCDEFGHIJKLMNOPQRST
N20A.csv,2,KGeoMIP,0.000141143798828125,29.393898010253906,"⎛  B,C,D,E,F,H,I,J,K,L,M,N,O,P,Q,R,S,T  ⎞⎛ G ⎞
⎝ b,c,d,e,f,g,h,i,j,k,l,m,n,o,p,q,r,s,t ⎠⎝ ∅ ⎠
",BCDEFGHIJKLMNOPQRST,BCDEFGHIJKLMNOPQRST
N20A.csv,3,KQNodes,0.00035381317138671875,9.166082620620728,"⎛   C,D,E,F,H,I,J,K,L,M,N,O,P,Q,R,S,T   ⎞⎛ B ⎞⎛ G ⎞
⎝ b,c,d,e,f,g,h,i,j,k,l,m,n,o,p,q,r,s,t ⎠⎝ ∅ ⎠⎝ ∅ ⎠
",BCDEFGHIJKLMNOPQRST,BCDEFGHIJKLMNOPQRST
N20A.csv,3,KGeoMIP,3.017496109008789,27.596964597702026,"⎛ E ⎞⎛ C,F,I,K,N,O,P,T ⎞⎛ B,D,G,H,J,L,M,Q,R,S ⎞
⎝ e ⎠⎝ c,f,i,k,n,o,p,t ⎠⎝ b,d,g,h,j,l,m,q,r,s ⎠
",BCDEFGHIJKLMNOPQRST,BCDEFGHIJKLMNOPQRST
N20A.csv,4,KQNodes,0.000591278076171875,9.174561262130737,"⎛    C,D,E,F,H,I,J,K,L,M,N,P,Q,R,S,T    ⎞⎛ B ⎞⎛ G ⎞⎛ O ⎞
⎝ b,c,d,e,f,g,h,i,j,k,l,m,n,o,p,q,r,s,t ⎠⎝ ∅ ⎠⎝ ∅ ⎠⎝ ∅ ⎠
",BCDEFGHIJKLMNOPQRST,BCDEFGHIJKLMNOPQRST
N20A.csv,4,KGeoMIP,3.0466041564941406,26.93468189239502,"⎛ S ⎞⎛ C,F,I,K,N,O,P,T ⎞⎛ B,D,E,G,H,L,R ⎞⎛ J,M,Q ⎞
⎝ s ⎠⎝ c,f,i,k,n,o,p,t ⎠⎝ b,d,e,g,h,l,r ⎠⎝ j,m,q ⎠
",BCDEFGHIJKLMNOPQRST,BCDEFGHIJKLMNOPQRST
N20A.csv,5,KQNodes,0.00083160400390625,9.152710199356079,"⎛     C,D,E,F,H,J,K,L,M,N,P,Q,R,S,T     ⎞⎛ B ⎞⎛ G ⎞⎛ I ⎞⎛ O ⎞
⎝ b,c,d,e,f,g,h,i,j,k,l,m,n,o,p,q,r,s,t ⎠⎝ ∅ ⎠⎝ ∅ ⎠⎝ ∅ ⎠⎝ ∅ ⎠
",BCDEFGHIJKLMNOPQRST,BCDEFGHIJKLMNOPQRST
N20A.csv,5,KGeoMIP,3.0431995391845703,26.833242177963257,"⎛ D ⎞⎛ C,F,I,K,N,O,P,T ⎞⎛ B,G,H,R,S ⎞⎛ E,L ⎞⎛ J,M,Q ⎞
⎝ d ⎠⎝ c,f,i,k,n,o,p,t ⎠⎝ b,g,h,r,s ⎠⎝ e,l ⎠⎝ j,m,q ⎠
",BCDEFGHIJKLMNOPQRST,BCDEFGHIJKLMNOPQRST
N20A.csv,2,KQNodes,2.86102294921875e-05,5.985563516616821,"⎛ B,C,D,E,F,G,H,I,J,K,L,N,O,P,Q,R,S,T ⎞⎛ M ⎞
⎝ b,c,d,e,f,g,h,i,j,k,l,m,n,o,p,q,r,s ⎠⎝ ∅ ⎠
",BCDEFGHIJKLMNOPQRST,BCDEFGHIJKLMNOPQRS
N20A.csv,2,KGeoMIP,2.86102294921875e-05,14.161553859710693,"⎛ B,C,D,E,F,G,H,I,J,K,L,N,O,P,Q,R,S,T ⎞⎛ M ⎞
⎝ b,c,d,e,f,g,h,i,j,k,l,m,n,o,p,q,r,s ⎠⎝ ∅ ⎠
",BCDEFGHIJKLMNOPQRST,BCDEFGHIJKLMNOPQRS
N20A.csv,3,KQNodes,0.0001697540283203125,6.043078899383545,"⎛  B,C,D,E,F,H,I,J,K,L,N,O,P,Q,R,S,T  ⎞⎛ G ⎞⎛ M ⎞
⎝ b,c,d,e,f,g,h,i,j,k,l,m,n,o,p,q,r,s ⎠⎝ ∅ ⎠⎝ ∅ ⎠
",BCDEFGHIJKLMNOPQRST,BCDEFGHIJKLMNOPQRS
N20A.csv,3,KGeoMIP,2.688875198364258,12.354948043823242,"⎛ H ⎞⎛ B,C,D,E,F,G,I,K,L,M,N,O,P,Q,R,S,T ⎞⎛ J ⎞
⎝ h ⎠⎝  b,c,d,e,f,g,i,k,l,m,n,o,p,q,r,s  ⎠⎝ j ⎠
",BCDEFGHIJKLMNOPQRST,BCDEFGHIJKLMNOPQRS
N20A.csv,4,KQNodes,0.0004100799560546875,6.051546335220337,"⎛   B,C,D,E,F,H,J,K,L,N,O,P,Q,R,S,T   ⎞⎛ G ⎞⎛ I ⎞⎛ M ⎞
⎝ b,c,d,e,f,g,h,i,j,k,l,m,n,o,p,q,r,s ⎠⎝ ∅ ⎠⎝ ∅ ⎠⎝ ∅ ⎠
",BCDEFGHIJKLMNOPQRST,BCDEFGHIJKLMNOPQRS
N20A.csv,4,KGeoMIP,3.0323238372802734,12.433824062347412,"⎛ F ⎞⎛ B,C,D,E,H,I,K,M,N,O,P,Q,R,S,T ⎞⎛ G,L ⎞⎛ J ⎞
⎝ f ⎠⎝  b,c,d,e,h,i,k,m,n,o,p,q,r,s  ⎠⎝ g,l ⎠⎝ j ⎠
",BCDEFGHIJKLMNOPQRST,BCDEFGHIJKLMNOPQRS
N20A.csv,5,KQNodes,0.0007390975952148438,6.008431911468506,"⎛    B,C,D,E,F,H,J,K,L,N,O,P,Q,S,T    ⎞⎛ G ⎞⎛ I ⎞⎛ M ⎞⎛ R ⎞
⎝ b,c,d,e,f,g,h,i,j,k,l,m,n,o,p,q,r,s ⎠⎝ ∅ ⎠⎝ ∅ ⎠⎝ ∅ ⎠⎝ ∅ ⎠
",BCDEFGHIJKLMNOPQRST,BCDEFGHIJKLMNOPQRS
N20A.csv,5,KGeoMIP,3.0041255950927734,12.320029020309448,"⎛ F ⎞⎛ E,I,K,M,N,S,T ⎞⎛ B,C,D,H,O,P,Q,R ⎞⎛ G,L ⎞⎛ J ⎞
⎝ f ⎠⎝  e,i,k,m,n,s  ⎠⎝ b,c,d,h,o,p,q,r ⎠⎝ g,l ⎠⎝ j ⎠
",BCDEFGHIJKLMNOPQRST,BCDEFGHIJKLMNOPQRS
N20A.csv,2,KQNodes,0.0003108978271484375,3.706346273422241,"⎛ B,C,D,F,G,H,I,J,K,L,M,N,O,P,Q,R,S,T ⎞⎛ E ⎞
⎝     a,b,d,e,g,h,j,k,m,n,p,q,s,t     ⎠⎝ ∅ ⎠
",BCDEFGHIJKLMNOPQRST,ABDEGHJKMNPQST
N20A.csv,2,KGeoMIP,0.0003108978271484375,1.0041334629058838,"⎛ B,C,D,F,G,H,I,J,K,L,M,N,O,P,Q,R,S,T ⎞⎛ E ⎞
⎝     a,b,d,e,g,h,j,k,m,n,p,q,s,t     ⎠⎝ ∅ ⎠
",BCDEFGHIJKLMNOPQRST,ABDEGHJKMNPQST
N20A.csv,3,KQNodes,0.01654815673828125,3.6997125148773193,"⎛ B,C,D,F,G,H,I,J,K,L,M,N,O,Q,R,S,T ⎞⎛ E ⎞⎛ P ⎞
⎝    a,b,d,e,g,h,j,k,m,n,p,q,s,t    ⎠⎝ ∅ ⎠⎝ ∅ ⎠
",BCDEFGHIJKLMNOPQRST,ABDEGHJKMNPQST
N20A.csv,3,KGeoMIP,1.0446510314941406,0.9132750034332275,"⎛ Q ⎞⎛ D,E,F,H,J,K,M,N,O,P,R,S,T ⎞⎛ B,C,G,I,L ⎞
⎝ q ⎠⎝   a,d,e,h,j,k,m,n,p,s,t   ⎠⎝    b,g    ⎠
",BCDEFGHIJKLMNOPQRST,ABDEGHJKMNPQST
N20A.csv,4,KQNodes,0.04704856872558594,3.674198627471924,"⎛ B,C,D,F,G,H,I,J,L,M,N,O,Q,R,S,T ⎞⎛ E ⎞⎛ K ⎞⎛ P ⎞
⎝   a,b,d,e,g,h,j,k,m,n,p,q,s,t   ⎠⎝ ∅ ⎠⎝ ∅ ⎠⎝ ∅ ⎠
",BCDEFGHIJKLMNOPQRST,ABDEGHJKMNPQST
N20A.csv,4,KGeoMIP,1.1786422729492188,0.8913593292236328,"⎛ Q ⎞⎛ D,E,F,H,K,M,N,O,P,R,S ⎞⎛ J,T ⎞⎛ B,C,G,I,L ⎞
⎝ q ⎠⎝   a,d,e,h,k,m,n,p,s   ⎠⎝ j,t ⎠⎝    b,g    ⎠
",BCDEFGHIJKLMNOPQRST,ABDEGHJKMNPQST
N20A.csv,5,KQNodes,0.07791709899902344,3.671365737915039,"⎛ B,C,D,F,G,I,J,L,M,N,O,Q,R,S,T ⎞⎛ E ⎞⎛ H ⎞⎛ K ⎞⎛ P ⎞
⎝  a,b,d,e,g,h,j,k,m,n,p,q,s,t  ⎠⎝ ∅ ⎠⎝ ∅ ⎠⎝ ∅ ⎠⎝ ∅ ⎠
",BCDEFGHIJKLMNOPQRST,ABDEGHJKMNPQST
N20A.csv,5,KGeoMIP,1.1847267150878906,0.8551881313323975,"⎛ F ⎞⎛ D,K,M,N,O,P,R,S ⎞⎛ E,H ⎞⎛ J,Q,T ⎞⎛ B,C,G,I,L ⎞
⎝ ∅ ⎠⎝  a,d,k,m,n,p,s  ⎠⎝ e,h ⎠⎝ j,q,t ⎠⎝    b,g    ⎠
",BCDEFGHIJKLMNOPQRST,ABDEGHJKMNPQST
N20A.csv,2,KQNodes,2.86102294921875e-05,2.9244673252105713,"⎛ B,C,D,E,F,G,H,I,J,K,L,N,O,P,Q,R,S,T ⎞⎛ M ⎞
⎝         a,c,e,g,i,k,m,o,q,s         ⎠⎝ ∅ ⎠
",BCDEFGHIJKLMNOPQRST,ACEGIKMOQS
N20A.csv,2,KGeoMIP,2.86102294921875e-05,0.7781071662902832,"⎛ B,C,D,E,F,G,H,I,J,K,L,N,O,P,Q,R,S,T ⎞⎛ M ⎞
⎝         a,c,e,g,i,k,m,o,q,s         ⎠⎝ ∅ ⎠
",BCDEFGHIJKLMNOPQRST,ACEGIKMOQS
N20A.csv,3,KQNodes,0.00026607513427734375,2.8962111473083496,"⎛ B,C,D,E,F,G,H,I,J,K,L,N,P,Q,R,S,T ⎞⎛ M ⎞⎛ O ⎞
⎝        a,c,e,g,i,k,m,o,q,s        ⎠⎝ ∅ ⎠⎝ ∅ ⎠
",BCDEFGHIJKLMNOPQRST,ACEGIKMOQS
N20A.csv,3,KGeoMIP,0.21437454223632812,0.7945253849029541,"⎛ J ⎞⎛ B,C,D,E,F,G,H,I,K,L,M,N,O,P,Q,R,T ⎞⎛ S ⎞
⎝ ∅ ⎠⎝         a,c,e,g,i,k,m,o,q         ⎠⎝ s ⎠
",BCDEFGHIJKLMNOPQRST,ACEGIKMOQS
N20A.csv,4,KQNodes,0.0010023117065429688,2.926265239715576,"⎛ B,C,D,E,F,G,H,J,K,L,N,P,Q,R,S,T ⎞⎛ I ⎞⎛ M ⎞⎛ O ⎞
⎝       a,c,e,g,i,k,m,o,q,s       ⎠⎝ ∅ ⎠⎝ ∅ ⎠⎝ ∅ ⎠
",BCDEFGHIJKLMNOPQRST,ACEGIKMOQS
N20A.csv,4,KGeoMIP,0.2999553680419922,0.778752326965332,"⎛ D ⎞⎛ B,I,M,N,O,P,Q,R ⎞⎛ C,E,F,G,H,J,K,L,T ⎞⎛ S ⎞
⎝ ∅ ⎠⎝    a,i,m,o,q    ⎠⎝      c,e,g,k      ⎠⎝ s ⎠
",BCDEFGHIJKLMNOPQRST,ACEGIKMOQS
N20A.csv,5,KQNodes,0.009143829345703125,2.924847364425659,"⎛ B,C,D,E,F,G,H,J,K,L,N,P,Q,S,T ⎞⎛ I ⎞⎛ M ⎞⎛ O ⎞⎛ R ⎞
⎝      a,c,e,g,i,k,m,o,q,s      ⎠⎝ ∅ ⎠⎝ ∅ ⎠⎝ ∅ ⎠⎝ ∅ ⎠
",BCDEFGHIJKLMNOPQRST,ACEGIKMOQS
N20A.csv,5,KGeoMIP,0.2973461151123047,0.7633626461029053,"⎛ O ⎞⎛ B,I,M,N,P ⎞⎛ D,Q,R ⎞⎛ C,E,F,G,H,J,K,L,T ⎞⎛ S ⎞
⎝ o ⎠⎝   a,i,m   ⎠⎝   q   ⎠⎝      c,e,g,k      ⎠⎝ s ⎠
",BCDEFGHIJKLMNOPQRST,ACEGIKMOQS
N20A.csv,2,KQNodes,0.1534881591796875,2.791506767272949,"⎛ C,D,G,H,I,J,K,L,M,N,P,T ⎞⎛ B,E,F,O,Q,R,S ⎞
⎝      b,d,h,j,l,n,r      ⎠⎝     f,p,t     ⎠
",BCDEFGHIJKLMNOPQRST,BDFHJLNPRT
N20A.csv,2,KGeoMIP,0.00051116943359375,0.7867562770843506,"⎛ B,C,D,E,G,H,I,J,K,L,M,N,O,P,Q,R,S,T ⎞⎛ F ⎞
⎝         b,d,f,h,j,l,n,p,r,t         ⎠⎝ ∅ ⎠
",BCDEFGHIJKLMNOPQRST,BDFHJLNPRT
N20A.csv,3,KQNodes,0.15227699279785156,2.81668758392334,"⎛ C,D,G,H,I,J,K,L,M,N,P,T ⎞⎛ E,F,Q ⎞⎛ B,O,R,S ⎞
⎝      b,d,h,j,l,n,r      ⎠⎝   f   ⎠⎝   p,t   ⎠
",BCDEFGHIJKLMNOPQRST,BDFHJLNPRT
N20A.csv,3,KGeoMIP,0.03243541717529297,0.778839111328125,"⎛ O ⎞⎛ B,C,D,E,F,G,H,I,J,K,L,N,P,Q,R,S,T ⎞⎛ M ⎞
⎝ ∅ ⎠⎝        b,d,f,h,j,l,n,p,r,t        ⎠⎝ ∅ ⎠
",BCDEFGHIJKLMNOPQRST,BDFHJLNPRT
N20A.csv,4,KQNodes,0.1513233184814453,2.795633554458618,"⎛ C,D,G,H,I,J,K,L,M,N,P,T ⎞⎛ E,F,Q ⎞⎛ O,R,S ⎞⎛ B ⎞
⎝      b,d,h,j,l,n,r      ⎠⎝   f   ⎠⎝   p   ⎠⎝ t ⎠
",BCDEFGHIJKLMNOPQRST,BDFHJLNPRT
N20A.csv,4,KGeoMIP,0.17238521575927734,0.7634775638580322,"⎛ O ⎞⎛ B,C,D,E,F,G,H,I,K,N,P,Q,R,S,T ⎞⎛ J,L ⎞⎛ M ⎞
⎝ ∅ ⎠⎝        b,d,f,h,n,p,r,t        ⎠⎝ j,l ⎠⎝ ∅ ⎠
",BCDEFGHIJKLMNOPQRST,BDFHJLNPRT
N20A.csv,5,KQNodes,0.15157604217529297,2.762104034423828,"⎛ C,D,G,H,I,J,K,L,M,N,P,T ⎞⎛ E,F ⎞⎛ O,R,S ⎞⎛ B ⎞⎛ Q ⎞
⎝      b,d,h,j,l,n,r      ⎠⎝  f  ⎠⎝   p   ⎠⎝ t ⎠⎝ ∅ ⎠
",BCDEFGHIJKLMNOPQRST,BDFHJLNPRT
N20A.csv,5,KGeoMIP,0.18018054962158203,0.7620508670806885,"⎛ O ⎞⎛ B,C,D,E,F,G,H,I,N,P,Q,R,S,T ⎞⎛ K ⎞⎛ J,L ⎞⎛ M ⎞
⎝ ∅ ⎠⎝       b,d,f,h,n,p,r,t       ⎠⎝ ∅ ⎠⎝ j,l ⎠⎝ ∅ ⎠
",BCDEFGHIJKLMNOPQRST,BDFHJLNPRT
N20A.csv,2,KQNodes,0.4996185302734375,22.102991819381714,"⎛    B,C,D,E,F,G,I,J,K,L,M,N,O,P,Q,R,S    ⎞⎛ H ⎞
⎝ a,b,c,d,e,f,g,h,i,j,k,l,m,n,o,p,q,r,s,t ⎠⎝ ∅ ⎠
",BCDEFGHIJKLMNOPQRS,ABCDEFGHIJKLMNOPQRST
N20A.csv,2,KGeoMIP,0.4993877410888672,63.95064949989319,"⎛    B,C,D,E,F,G,H,I,J,K,L,M,N,O,Q,R,S    ⎞⎛ P ⎞
⎝ a,b,c,d,e,f,g,h,i,j,k,l,m,n,o,p,q,r,s,t ⎠⎝ ∅ ⎠
",BCDEFGHIJKLMNOPQRS,ABCDEFGHIJKLMNOPQRST
N20A.csv,3,KQNodes,0.9992895126342773,21.97505807876587,"⎛     B,C,D,E,F,G,I,J,K,L,M,N,O,P,Q,S     ⎞⎛ H ⎞⎛ R ⎞
⎝ a,b,c,d,e,f,g,h,i,j,k,l,m,n,o,p,q,r,s,t ⎠⎝ ∅ ⎠⎝ ∅ ⎠
",BCDEFGHIJKLMNOPQRS,ABCDEFGHIJKLMNOPQRST
N20A.csv,3,KGeoMIP,8.974601745605469,59.591158628463745,"⎛   F   ⎞⎛ B,C,D,E,H,K,L,N ⎞⎛ G,I,J,M,O,P,Q,R,S ⎞
⎝ a,f,t ⎠⎝ b,c,d,e,h,k,l,n ⎠⎝ g,i,j,m,o,p,q,r,s ⎠
",BCDEFGHIJKLMNOPQRS,ABCDEFGHIJKLMNOPQRST
N20A.csv,4,KQNodes,1.498978614807129,22.668378829956055,"⎛      B,C,D,F,G,I,J,K,L,M,N,O,P,Q,S      ⎞⎛ E ⎞⎛ H ⎞⎛ R ⎞
⎝ a,b,c,d,e,f,g,h,i,j,k,l,m,n,o,p,q,r,s,t ⎠⎝ ∅ ⎠⎝ ∅ ⎠⎝ ∅ ⎠
",BCDEFGHIJKLMNOPQRS,ABCDEFGHIJKLMNOPQRST
N20A.csv,4,KGeoMIP,8.983793258666992,57.988516330718994,"⎛ G ⎞⎛   C,E   ⎞⎛ B,D,F,H,K,L,N ⎞⎛ I,J,M,O,P,Q,R,S ⎞
⎝ g ⎠⎝ a,c,e,t ⎠⎝ b,d,f,h,k,l,n ⎠⎝ i,j,m,o,p,q,r,s ⎠
",BCDEFGHIJKLMNOPQRS,ABCDEFGHIJKLMNOPQRST
N20A.csv,5,KQNodes,1.999007225036621,22.55941414833069,"⎛       B,C,D,F,G,I,J,K,L,N,O,P,Q,S       ⎞⎛ E ⎞⎛ H ⎞⎛ M ⎞⎛ R ⎞
⎝ a,b,c,d,e,f,g,h,i,j,k,l,m,n,o,p,q,r,s,t ⎠⎝ ∅ ⎠⎝ ∅ ⎠⎝ ∅ ⎠⎝ ∅ ⎠
",BCDEFGHIJKLMNOPQRS,ABCDEFGHIJKLMNOPQRST
N20A.csv,5,KGeoMIP,8.98984146118164,57.76069235801697,"⎛ I ⎞⎛   C,E   ⎞⎛ B,D,F,H,K,L,N ⎞⎛ G,J,O,P,S ⎞⎛ M,Q,R ⎞
⎝ i ⎠⎝ a,c,e,t ⎠⎝ b,d,f,h,k,l,n ⎠⎝ g,j,o,p,s ⎠⎝ m,q,r ⎠
",BCDEFGHIJKLMNOPQRS,ABCDEFGHIJKLMNOPQRST
N20A.csv,2,KQNodes,2.86102294921875e-05,8.497051239013672,"⎛   B,C,D,E,F,G,H,I,J,K,L,N,O,P,Q,R,S   ⎞⎛ M ⎞
⎝ a,b,c,d,e,f,g,h,i,j,k,l,m,n,o,p,q,r,s ⎠⎝ ∅ ⎠
",BCDEFGHIJKLMNOPQRS,ABCDEFGHIJKLMNOPQRS
N20A.csv,2,KGeoMIP,2.86102294921875e-05,30.53191113471985,"⎛   B,C,D,E,F,G,H,I,J,K,L,N,O,P,Q,R,S   ⎞⎛ M ⎞
⎝ a,b,c,d,e,f,g,h,i,j,k,l,m,n,o,p,q,r,s ⎠⎝ ∅ ⎠
",BCDEFGHIJKLMNOPQRS,ABCDEFGHIJKLMNOPQRS
N20A.csv,3,KQNodes,0.0002689361572265625,8.694754838943481,"⎛    B,C,D,E,F,G,H,J,K,L,N,O,P,Q,R,S    ⎞⎛ I ⎞⎛ M ⎞
⎝ a,b,c,d,e,f,g,h,i,j,k,l,m,n,o,p,q,r,s ⎠⎝ ∅ ⎠⎝ ∅ ⎠
",BCDEFGHIJKLMNOPQRS,ABCDEFGHIJKLMNOPQRS
N20A.csv,3,KGeoMIP,5.558349609375,27.019002676010132,"⎛ D,E,F,M,N,P,S ⎞⎛  B,C,H,I,K,L,O,Q  ⎞⎛ G,J,R ⎞
⎝ d,e,f,m,n,p,s ⎠⎝ a,b,c,h,i,k,l,o,q ⎠⎝ g,j,r ⎠
",BCDEFGHIJKLMNOPQRS,ABCDEFGHIJKLMNOPQRS
N20A.csv,4,KQNodes,0.0005388259887695312,8.519917249679565,"⎛     B,D,E,F,G,H,J,K,L,N,O,P,Q,R,S     ⎞⎛ C ⎞⎛ I ⎞⎛ M ⎞
⎝ a,b,c,d,e,f,g,h,i,j,k,l,m,n,o,p,q,r,s ⎠⎝ ∅ ⎠⎝ ∅ ⎠⎝ ∅ ⎠
",BCDEFGHIJKLMNOPQRS,ABCDEFGHIJKLMNOPQRS
N20A.csv,4,KGeoMIP,5.514396667480469,27.049070596694946,"⎛  M  ⎞⎛ D,E,F,N,P,S ⎞⎛ B,C,H,I,K,L,O,Q ⎞⎛ G,J,R ⎞
⎝ a,m ⎠⎝ d,e,f,n,p,s ⎠⎝ b,c,h,i,k,l,o,q ⎠⎝ g,j,r ⎠
",BCDEFGHIJKLMNOPQRS,ABCDEFGHIJKLMNOPQRS
N20A.csv,5,KQNodes,0.0009202957153320312,8.505974292755127,"⎛      B,D,E,F,G,J,K,L,N,O,P,Q,R,S      ⎞⎛ C ⎞⎛ H ⎞⎛ I ⎞⎛ M ⎞
⎝ a,b,c,d,e,f,g,h,i,j,k,l,m,n,o,p,q,r,s ⎠⎝ ∅ ⎠⎝ ∅ ⎠⎝ ∅ ⎠⎝ ∅ ⎠
",BCDEFGHIJKLMNOPQRS,ABCDEFGHIJKLMNOPQRS
N20A.csv,5,KGeoMIP,5.511436462402344,26.69661045074463,"⎛  M  ⎞⎛ D,E,F,N,P,S ⎞⎛ C,H,I ⎞⎛ B,K,L,O,Q ⎞⎛ G,J,R ⎞
⎝ a,m ⎠⎝ d,e,f,n,p,s ⎠⎝ c,h,i ⎠⎝ b,k,l,o,q ⎠⎝ g,j,r ⎠
",BCDEFGHIJKLMNOPQRS,ABCDEFGHIJKLMNOPQRS
N20A.csv,2,KQNodes,0.000141143798828125,8.640231370925903,"⎛   B,C,D,E,F,H,I,J,K,L,M,N,O,P,Q,R,S   ⎞⎛ G ⎞
⎝ b,c,d,e,f,g,h,i,j,k,l,m,n,o,p,q,r,s,t ⎠⎝ ∅ ⎠
",BCDEFGHIJKLMNOPQRS,BCDEFGHIJKLMNOPQRST
N20A.csv,2,KGeoMIP,0.000141143798828125,29.796863317489624,"⎛   B,C,D,E,F,H,I,J,K,L,M,N,O,P,Q,R,S   ⎞⎛ G ⎞
⎝ b,c,d,e,f,g,h,i,j,k,l,m,n,o,p,q,r,s,t ⎠⎝ ∅ ⎠
",BCDEFGHIJKLMNOPQRS,BCDEFGHIJKLMNOPQRST
N20A.csv,3,KQNodes,0.00035381317138671875,8.626909255981445,"⎛    C,D,E,F,H,I,J,K,L,M,N,O,P,Q,R,S    ⎞⎛ B ⎞⎛ G ⎞
⎝ b,c,d,e,f,g,h,i,j,k,l,m,n,o,p,q,r,s,t ⎠⎝ ∅ ⎠⎝ ∅ ⎠
",BCDEFGHIJKLMNOPQRS,BCDEFGHIJKLMNOPQRST
N20A.csv,3,KGeoMIP,2.524087905883789,28.146140575408936,"⎛ E ⎞⎛  C,F,I,K,N,O,P  ⎞⎛ B,D,G,H,J,L,M,Q,R,S ⎞
⎝ e ⎠⎝ c,f,i,k,n,o,p,t ⎠⎝ b,d,g,h,j,l,m,q,r,s ⎠
",BCDEFGHIJKLMNOPQRS,BCDEFGHIJKLMNOPQRST
N20A.csv,4,KQNodes,0.000591278076171875,8.63801622390747,"⎛     C,D,E,F,H,I,J,K,L,M,N,P,Q,R,S     ⎞⎛ B ⎞⎛ G ⎞⎛ O ⎞
⎝ b,c,d,e,f,g,h,i,j,k,l,m,n,o,p,q,r,s,t ⎠⎝ ∅ ⎠⎝ ∅ ⎠⎝ ∅ ⎠
",BCDEFGHIJKLMNOPQRS,BCDEFGHIJKLMNOPQRST
N20A.csv,4,KGeoMIP,2.5531959533691406,27.436039686203003,"⎛ S ⎞⎛  C,F,I,K,N,O,P  ⎞⎛ B,D,E,G,H,L,R ⎞⎛ J,M,Q ⎞
⎝ s ⎠⎝ c,f,i,k,n,o,p,t ⎠⎝ b,d,e,g,h,l,r ⎠⎝ j,m,q ⎠
",BCDEFGHIJKLMNOPQRS,BCDEFGHIJKLMNOPQRST
N20A.csv,5,KQNodes,0.00083160400390625,8.64702320098877,"⎛      C,D,E,F,H,J,K,L,M,N,P,Q,R,S      ⎞⎛ B ⎞⎛ G ⎞⎛ I ⎞⎛ O ⎞
⎝ b,c,d,e,f,g,h,i,j,k,l,m,n,o,p,q,r,s,t ⎠⎝ ∅ ⎠⎝ ∅ ⎠⎝ ∅ ⎠⎝ ∅ ⎠
",BCDEFGHIJKLMNOPQRS,BCDEFGHIJKLMNOPQRST
N20A.csv,5,KGeoMIP,2.5497913360595703,27.375263690948486,"⎛ D ⎞⎛  C,F,I,K,N,O,P  ⎞⎛ B,G,H,R,S ⎞⎛ E,L ⎞⎛ J,M,Q ⎞
⎝ d ⎠⎝ c,f,i,k,n,o,p,t ⎠⎝ b,g,h,r,s ⎠⎝ e,l ⎠⎝ j,m,q ⎠
",BCDEFGHIJKLMNOPQRS,BCDEFGHIJKLMNOPQRST
N20A.csv,2,KQNodes,2.86102294921875e-05,5.516801357269287,"⎛  B,C,D,E,F,G,H,I,J,K,L,N,O,P,Q,R,S  ⎞⎛ M ⎞
⎝ b,c,d,e,f,g,h,i,j,k,l,m,n,o,p,q,r,s ⎠⎝ ∅ ⎠
",BCDEFGHIJKLMNOPQRS,BCDEFGHIJKLMNOPQRS
N20A.csv,2,KGeoMIP,2.86102294921875e-05,14.335780143737793,"⎛  B,C,D,E,F,G,H,I,J,K,L,N,O,P,Q,R,S  ⎞⎛ M ⎞
⎝ b,c,d,e,f,g,h,i,j,k,l,m,n,o,p,q,r,s ⎠⎝ ∅ ⎠
",BCDEFGHIJKLMNOPQRS,BCDEFGHIJKLMNOPQRS
N20A.csv,3,KQNodes,0.0001697540283203125,5.546244382858276,"⎛   B,C,D,E,F,H,I,J,K,L,N,O,P,Q,R,S   ⎞⎛ G ⎞⎛ M ⎞
⎝ b,c,d,e,f,g,h,i,j,k,l,m,n,o,p,q,r,s ⎠⎝ ∅ ⎠⎝ ∅ ⎠
",BCDEFGHIJKLMNOPQRS,BCDEFGHIJKLMNOPQRS
N20A.csv,3,KGeoMIP,2.438875198364258,12.638412714004517,"⎛ H ⎞⎛ B,C,D,E,F,G,I,K,L,M,N,O,P,Q,R,S ⎞⎛ J ⎞
⎝ h ⎠⎝ b,c,d,e,f,g,i,k,l,m,n,o,p,q,r,s ⎠⎝ j ⎠
",BCDEFGHIJKLMNOPQRS,BCDEFGHIJKLMNOPQRS
N20A.csv,4,KQNodes,0.0004100799560546875,5.499895095825195,"⎛    B,C,D,E,F,H,J,K,L,N,O,P,Q,R,S    ⎞⎛ G ⎞⎛ I ⎞⎛ M ⎞
⎝ b,c,d,e,f,g,h,i,j,k,l,m,n,o,p,q,r,s ⎠⎝ ∅ ⎠⎝ ∅ ⎠⎝ ∅ ⎠
",BCDEFGHIJKLMNOPQRS,BCDEFGHIJKLMNOPQRS
N20A.csv,4,KGeoMIP,2.77783203125,12.73699164390564,"⎛ E,F,I,K,M,N,S ⎞⎛ B,C,D,H,O,P,Q,R ⎞⎛ G,L ⎞⎛ J ⎞
⎝ e,f,i,k,m,n,s ⎠⎝ b,c,d,h,o,p,q,r ⎠⎝ g,l ⎠⎝ j ⎠
",BCDEFGHIJKLMNOPQRS,BCDEFGHIJKLMNOPQRS
N20A.csv,5,KQNodes,0.0007390975952148438,5.542449712753296,"⎛     B,C,D,E,F,H,J,K,L,N,O,P,Q,S     ⎞⎛ G ⎞⎛ I ⎞⎛ M ⎞⎛ R ⎞
⎝ b,c,d,e,f,g,h,i,j,k,l,m,n,o,p,q,r,s ⎠⎝ ∅ ⎠⎝ ∅ ⎠⎝ ∅ ⎠⎝ ∅ ⎠
",BCDEFGHIJKLMNOPQRS,BCDEFGHIJKLMNOPQRS
N20A.csv,5,KGeoMIP,2.7504024505615234,12.420661926269531,"⎛ F ⎞⎛ E,I,K,M,N,S ⎞⎛ B,C,D,H,O,P,Q,R ⎞⎛ G,L ⎞⎛ J ⎞
⎝ f ⎠⎝ e,i,k,m,n,s ⎠⎝ b,c,d,h,o,p,q,r ⎠⎝ g,l ⎠⎝ j ⎠
",BCDEFGHIJKLMNOPQRS,BCDEFGHIJKLMNOPQRS
N20A.csv,2,KQNodes,0.0003108978271484375,3.272127866744995,"⎛ B,C,D,F,G,H,I,J,K,L,M,N,O,P,Q,R,S ⎞⎛ E ⎞
⎝    a,b,d,e,g,h,j,k,m,n,p,q,s,t    ⎠⎝ ∅ ⎠
",BCDEFGHIJKLMNOPQRS,ABDEGHJKMNPQST
N20A.csv,2,KGeoMIP,0.0003108978271484375,1.0181751251220703,"⎛ B,C,D,F,G,H,I,J,K,L,M,N,O,P,Q,R,S ⎞⎛ E ⎞
⎝    a,b,d,e,g,h,j,k,m,n,p,q,s,t    ⎠⎝ ∅ ⎠
",BCDEFGHIJKLMNOPQRS,ABDEGHJKMNPQST
N20A.csv,3,KQNodes,0.01654815673828125,3.26522159576416,"⎛ B,C,D,F,G,H,I,J,K,L,M,N,O,Q,R,S ⎞⎛ E ⎞⎛ P ⎞
⎝   a,b,d,e,g,h,j,k,m,n,p,q,s,t   ⎠⎝ ∅ ⎠⎝ ∅ ⎠
",BCDEFGHIJKLMNOPQRS,ABDEGHJKMNPQST
N20A.csv,3,KGeoMIP,0.9958229064941406,0.9159998893737793,"⎛ Q ⎞⎛ D,E,F,H,J,K,M,N,O,P,R,S ⎞⎛ B,C,G,I,L ⎞
⎝ q ⎠⎝  a,d,e,h,j,k,m,n,p,s,t  ⎠⎝    b,g    ⎠
",BCDEFGHIJKLMNOPQRS,ABDEGHJKMNPQST
N20A.csv,4,KQNodes,0.04741668701171875,3.267611265182495,"⎛ B,C,D,F,G,I,J,K,L,M,N,O,Q,R,S ⎞⎛ E ⎞⎛ H ⎞⎛ P ⎞
⎝  a,b,d,e,g,h,j,k,m,n,p,q,s,t  ⎠⎝ ∅ ⎠⎝ ∅ ⎠⎝ ∅ ⎠
",BCDEFGHIJKLMNOPQRS,ABDEGHJKMNPQST
N20A.csv,4,KGeoMIP,1.0662040710449219,0.8969933986663818,"⎛ Q ⎞⎛ D,E,F,H,K,M,N,O,P,R,S ⎞⎛ J ⎞⎛ B,C,G,I,L ⎞
⎝ q ⎠⎝  a,d,e,h,k,m,n,p,s,t  ⎠⎝ j ⎠⎝    b,g    ⎠
",BCDEFGHIJKLMNOPQRS,ABDEGHJKMNPQST
N20A.csv,5,KQNodes,0.0783376693725586,3.248164176940918,"⎛ B,C,D,F,G,I,J,K,L,M,N,O,Q,S ⎞⎛ E ⎞⎛ H ⎞⎛ P ⎞⎛ R ⎞
⎝ a,b,d,e,g,h,j,k,m,n,p,q,s,t ⎠⎝ ∅ ⎠⎝ ∅ ⎠⎝ ∅ ⎠⎝ ∅ ⎠
",BCDEFGHIJKLMNOPQRS,ABDEGHJKMNPQST
N20A.csv,5,KGeoMIP,1.1216392517089844,0.9019989967346191,"⎛ F ⎞⎛ D,K,M,N,O,P,R,S ⎞⎛ E,H ⎞⎛ J,Q ⎞⎛ B,C,G,I,L ⎞
⎝ ∅ ⎠⎝ a,d,k,m,n,p,s,t ⎠⎝ e,h ⎠⎝ j,q ⎠⎝    b,g    ⎠
",BCDEFGHIJKLMNOPQRS,ABDEGHJKMNPQST
N20A.csv,2,KQNodes,2.86102294921875e-05,2.673542022705078,"⎛ B,C,D,E,F,G,H,I,J,K,L,N,O,P,Q,R,S ⎞⎛ M ⎞
⎝        a,c,e,g,i,k,m,o,q,s        ⎠⎝ ∅ ⎠
",BCDEFGHIJKLMNOPQRS,ACEGIKMOQS
N20A.csv,2,KGeoMIP,2.86102294921875e-05,0.7539262771606445,"⎛ B,C,D,E,F,G,H,I,J,K,L,N,O,P,Q,R,S ⎞⎛ M ⎞
⎝        a,c,e,g,i,k,m,o,q,s        ⎠⎝ ∅ ⎠
",BCDEFGHIJKLMNOPQRS,ACEGIKMOQS
N20A.csv,3,KQNodes,0.00026607513427734375,2.7291512489318848,"⎛ B,C,D,E,F,G,H,I,J,K,L,N,P,Q,R,S ⎞⎛ M ⎞⎛ O ⎞
⎝       a,c,e,g,i,k,m,o,q,s       ⎠⎝ ∅ ⎠⎝ ∅ ⎠
",BCDEFGHIJKLMNOPQRS,ACEGIKMOQS
N20A.csv,3,KGeoMIP,0.20998001098632812,0.8709914684295654,"⎛ J ⎞⎛ B,C,D,E,F,G,H,I,K,L,M,N,O,P,Q,R ⎞⎛ S ⎞
⎝ ∅ ⎠⎝        a,c,e,g,i,k,m,o,q        ⎠⎝ s ⎠
",BCDEFGHIJKLMNOPQRS,ACEGIKMOQS
N20A.csv,4,KQNodes,0.0010023117065429688,3.1252119541168213,"⎛ B,C,D,E,F,G,H,J,K,L,N,P,Q,R,S ⎞⎛ I ⎞⎛ M ⎞⎛ O ⎞
⎝      a,c,e,g,i,k,m,o,q,s      ⎠⎝ ∅ ⎠⎝ ∅ ⎠⎝ ∅ ⎠
",BCDEFGHIJKLMNOPQRS,ACEGIKMOQS
N20A.csv,4,KGeoMIP,0.2815532684326172,0.798269510269165,"⎛ D ⎞⎛ B,I,M,N,O,P,Q,R ⎞⎛ C,E,F,G,H,J,K,L ⎞⎛ S ⎞
⎝ ∅ ⎠⎝    a,i,m,o,q    ⎠⎝     c,e,g,k     ⎠⎝ s ⎠
",BCDEFGHIJKLMNOPQRS,ACEGIKMOQS
N20A.csv,5,KQNodes,0.009143829345703125,3.1793270111083984,"⎛ B,C,D,E,F,G,H,J,K,L,N,P,Q,S ⎞⎛ I ⎞⎛ M ⎞⎛ O ⎞⎛ R ⎞
⎝     a,c,e,g,i,k,m,o,q,s     ⎠⎝ ∅ ⎠⎝ ∅ ⎠⎝ ∅ ⎠⎝ ∅ ⎠
",BCDEFGHIJKLMNOPQRS,ACEGIKMOQS
N20A.csv,5,KGeoMIP,0.2789440155029297,0.9302406311035156,"⎛ O ⎞⎛ B,I,M,N,P ⎞⎛ D,Q,R ⎞⎛ C,E,F,G,H,J,K,L ⎞⎛ S ⎞
⎝ o ⎠⎝   a,i,m   ⎠⎝   q   ⎠⎝     c,e,g,k     ⎠⎝ s ⎠
",BCDEFGHIJKLMNOPQRS,ACEGIKMOQS
N20A.csv,2,KQNodes,0.1450653076171875,3.016289710998535,"⎛ C,D,G,H,I,J,K,L,M,N,P ⎞⎛ B,E,F,O,Q,R,S ⎞
⎝     b,d,h,j,l,n,r     ⎠⎝     f,p,t     ⎠
",BCDEFGHIJKLMNOPQRS,BDFHJLNPRT
N20A.csv,2,KGeoMIP,0.00051116943359375,0.8986916542053223,"⎛ B,C,D,E,G,H,I,J,K,L,M,N,O,P,Q,R,S ⎞⎛ F ⎞
⎝        b,d,f,h,j,l,n,p,r,t        ⎠⎝ ∅ ⎠
",BCDEFGHIJKLMNOPQRS,BDFHJLNPRT
N20A.csv,3,KQNodes,0.14385414123535156,3.527628183364868,"⎛ C,D,G,H,I,J,K,L,M,N,P ⎞⎛ E,F,Q ⎞⎛ B,O,R,S ⎞
⎝     b,d,h,j,l,n,r     ⎠⎝   f   ⎠⎝   p,t   ⎠
",BCDEFGHIJKLMNOPQRS,BDFHJLNPRT
N20A.csv,3,KGeoMIP,0.039356231689453125,0.7568080425262451,"⎛ S ⎞⎛ B,C,D,E,F,G,H,I,J,K,L,N,O,P,Q,R ⎞⎛ M ⎞
⎝ ∅ ⎠⎝       b,d,f,h,j,l,n,p,r,t       ⎠⎝ ∅ ⎠
",BCDEFGHIJKLMNOPQRS,BDFHJLNPRT
N20A.csv,4,KQNodes,0.1429004669189453,2.5934691429138184,"⎛ C,D,G,H,I,J,K,L,M,N,P ⎞⎛ E,F,Q ⎞⎛ O,R,S ⎞⎛ B ⎞
⎝     b,d,h,j,l,n,r     ⎠⎝   f   ⎠⎝   p   ⎠⎝ t ⎠
",BCDEFGHIJKLMNOPQRS,BDFHJLNPRT
N20A.csv,4,KGeoMIP,0.1677570343017578,0.7588601112365723,"⎛ I ⎞⎛ B,C,D,E,F,G,H,K,N,O,P,Q,R,S ⎞⎛ J,L ⎞⎛ M ⎞
⎝ ∅ ⎠⎝       b,d,f,h,n,p,r,t       ⎠⎝ j,l ⎠⎝ ∅ ⎠
",BCDEFGHIJKLMNOPQRS,BDFHJLNPRT
N20A.csv,5,KQNodes,0.14315319061279297,2.549527406692505,"⎛ C,D,G,H,I,J,K,L,M,N,P ⎞⎛ E,F ⎞⎛ O,R,S ⎞⎛ B ⎞⎛ Q ⎞
⎝     b,d,h,j,l,n,r     ⎠⎝  f  ⎠⎝   p   ⎠⎝ t ⎠⎝ ∅ ⎠
",BCDEFGHIJKLMNOPQRS,BDFHJLNPRT
N20A.csv,5,KGeoMIP,0.18224525451660156,0.8100028038024902,"⎛ D ⎞⎛ B,C,E,F,G,H,I,N,O,P,Q,R,S ⎞⎛ K ⎞⎛ J,L ⎞⎛ M ⎞
⎝ d ⎠⎝       b,f,h,n,p,r,t       ⎠⎝ ∅ ⎠⎝ j,l ⎠⎝ ∅ ⎠
",BCDEFGHIJKLMNOPQRS,BDFHJLNPRT
N20A.csv,2,KQNodes,0.4992961883544922,9.957969427108765,"⎛        A,B,D,E,G,H,J,K,M,N,P,Q,S        ⎞⎛ T ⎞
⎝ a,b,c,d,e,f,g,h,i,j,k,l,m,n,o,p,q,r,s,t ⎠⎝ ∅ ⎠
",ABDEGHJKMNPQST,ABCDEFGHIJKLMNOPQRST
N20A.csv,2,KGeoMIP,0.4992961883544922,65.98252034187317,"⎛        A,B,D,E,G,H,J,K,M,N,P,Q,S        ⎞⎛ T ⎞
⎝ a,b,c,d,e,f,g,h,i,j,k,l,m,n,o,p,q,r,s,t ⎠⎝ ∅ ⎠
",ABDEGHJKMNPQST,ABCDEFGHIJKLMNOPQRST
N20A.csv,3,KQNodes,0.9989147186279297,9.607208728790283,"⎛         A,B,D,E,G,J,K,M,N,P,Q,S         ⎞⎛ H ⎞⎛ T ⎞
⎝ a,b,c,d,e,f,g,h,i,j,k,l,m,n,o,p,q,r,s,t ⎠⎝ ∅ ⎠⎝ ∅ ⎠
",ABDEGHJKMNPQST,ABCDEFGHIJKLMNOPQRST
N20A.csv,3,KGeoMIP,6.955827713012695,56.341596364974976,"⎛ D ⎞⎛       A,B,E,H,K,N,T       ⎞⎛ G,J,M,P,Q,S ⎞
⎝ d ⎠⎝ a,b,c,e,f,h,i,k,l,n,o,r,t ⎠⎝ g,j,m,p,q,s ⎠
",ABDEGHJKMNPQST,ABCDEFGHIJKLMNOPQRST
N20A.csv,4,KQNodes,1.4986038208007812,9.577677249908447,"⎛          A,B,D,G,J,K,M,N,P,Q,S          ⎞⎛ E ⎞⎛ H ⎞⎛ T ⎞
⎝ a,b,c,d,e,f,g,h,i,j,k,l,m,n,o,p,q,r,s,t ⎠⎝ ∅ ⎠⎝ ∅ ⎠⎝ ∅ ⎠
",ABDEGHJKMNPQST,ABCDEFGHIJKLMNOPQRST
N20A.csv,4,KGeoMIP,6.959175109863281,56.184513092041016,"⎛ B ⎞⎛       A,D,E,H,K,N,T       ⎞⎛ S ⎞⎛ G,J,M,P,Q ⎞
⎝ b ⎠⎝ a,c,d,e,f,h,i,k,l,n,o,r,t ⎠⎝ s ⎠⎝ g,j,m,p,q ⎠
",ABDEGHJKMNPQST,ABCDEFGHIJKLMNOPQRST
N20A.csv,5,KQNodes,1.9988393783569336,9.574715375900269,"⎛           B,D,G,J,K,M,N,P,Q,S           ⎞⎛ A ⎞⎛ E ⎞⎛ H ⎞⎛ T ⎞
⎝ a,b,c,d,e,f,g,h,i,j,k,l,m,n,o,p,q,r,s,t ⎠⎝ ∅ ⎠⎝ ∅ ⎠⎝ ∅ ⎠⎝ ∅ ⎠
",ABDEGHJKMNPQST,ABCDEFGHIJKLMNOPQRST
N20A.csv,5,KGeoMIP,6.959102630615234,56.07225704193115,"⎛ B ⎞⎛       A,D,E,H,K,N,T       ⎞⎛ S ⎞⎛ G,J,P ⎞⎛ M,Q ⎞
⎝ b ⎠⎝ a,c,d,e,f,h,i,k,l,n,o,r,t ⎠⎝ s ⎠⎝ g,j,p ⎠⎝ m,q ⎠
",ABDEGHJKMNPQST,ABCDEFGHIJKLMNOPQRST
N20A.csv,2,KQNodes,2.86102294921875e-05,4.706007719039917,"⎛       A,B,D,E,G,H,J,K,N,P,Q,S,T       ⎞⎛ M ⎞
⎝ a,b,c,d,e,f,g,h,i,j,k,l,m,n,o,p,q,r,s ⎠⎝ ∅ ⎠
",ABDEGHJKMNPQST,ABCDEFGHIJKLMNOPQRS
N20A.csv,2,KGeoMIP,2.86102294921875e-05,28.894763946533203,"⎛       A,B,D,E,G,H,J,K,N,P,Q,S,T       ⎞⎛ M ⎞
⎝ a,b,c,d,e,f,g,h,i,j,k,l,m,n,o,p,q,r,s ⎠⎝ ∅ ⎠
",ABDEGHJKMNPQST,ABCDEFGHIJKLMNOPQRS
N20A.csv,3,KQNodes,0.00026416778564453125,4.742380380630493,"⎛        B,D,E,G,H,J,K,N,P,Q,S,T        ⎞⎛ A ⎞⎛ M ⎞
⎝ a,b,c,d,e,f,g,h,i,j,k,l,m,n,o,p,q,r,s ⎠⎝ ∅ ⎠⎝ ∅ ⎠
",ABDEGHJKMNPQST,ABCDEFGHIJKLMNOPQRS
N20A.csv,3,KGeoMIP,3.4853668212890625,26.364730834960938,"⎛       M       ⎞⎛ A,B,D,E,H,K,N,P,Q,S,T ⎞⎛ G,J ⎞
⎝ c,f,i,l,m,o,r ⎠⎝  a,b,d,e,h,k,n,p,q,s  ⎠⎝ g,j ⎠
",ABDEGHJKMNPQST,ABCDEFGHIJKLMNOPQRS
N20A.csv,4,KQNodes,0.0006456375122070312,4.705580234527588,"⎛         B,D,E,G,J,K,N,P,Q,S,T         ⎞⎛ A ⎞⎛ H ⎞⎛ M ⎞
⎝ a,b,c,d,e,f,g,h,i,j,k,l,m,n,o,p,q,r,s ⎠⎝ ∅ ⎠⎝ ∅ ⎠⎝ ∅ ⎠
",ABDEGHJKMNPQST,ABCDEFGHIJKLMNOPQRS
N20A.csv,4,KGeoMIP,3.5185699462890625,25.980791807174683,"⎛       P       ⎞⎛ D,E,M,N,S ⎞⎛ A,B,H,K,Q,T ⎞⎛ G,J ⎞
⎝ c,f,i,l,o,p,r ⎠⎝ d,e,m,n,s ⎠⎝  a,b,h,k,q  ⎠⎝ g,j ⎠
",ABDEGHJKMNPQST,ABCDEFGHIJKLMNOPQRS
N20A.csv,5,KQNodes,0.0011548995971679688,4.7896082401275635,"⎛          B,E,G,J,K,N,P,Q,S,T          ⎞⎛ A ⎞⎛ D ⎞⎛ H ⎞⎛ M ⎞
⎝ a,b,c,d,e,f,g,h,i,j,k,l,m,n,o,p,q,r,s ⎠⎝ ∅ ⎠⎝ ∅ ⎠⎝ ∅ ⎠⎝ ∅ ⎠
",ABDEGHJKMNPQST,ABCDEFGHIJKLMNOPQRS
N20A.csv,5,KGeoMIP,3.5083694458007812,26.03948712348938,"⎛       P       ⎞⎛ D,E,M,N,S ⎞⎛ A,H,T ⎞⎛ B,K,Q ⎞⎛ G,J ⎞
⎝ c,f,i,l,o,p,r ⎠⎝ d,e,m,n,s ⎠⎝  a,h  ⎠⎝ b,k,q ⎠⎝ g,j ⎠
",ABDEGHJKMNPQST,ABCDEFGHIJKLMNOPQRS
N20A.csv,2,KQNodes,0.000141143798828125,4.929564952850342,"⎛       A,B,D,E,H,J,K,M,N,P,Q,S,T       ⎞⎛ G ⎞
⎝ b,c,d,e,f,g,h,i,j,k,l,m,n,o,p,q,r,s,t ⎠⎝ ∅ ⎠
",ABDEGHJKMNPQST,BCDEFGHIJKLMNOPQRST
N20A.csv,2,KGeoMIP,0.000141143798828125,28.9401593208313,"⎛       A,B,D,E,H,J,K,M,N,P,Q,S,T       ⎞⎛ G ⎞
⎝ b,c,d,e,f,g,h,i,j,k,l,m,n,o,p,q,r,s,t ⎠⎝ ∅ ⎠
",ABDEGHJKMNPQST,BCDEFGHIJKLMNOPQRST
N20A.csv,3,KQNodes,0.00035381317138671875,4.880639314651489,"⎛        A,D,E,H,J,K,M,N,P,Q,S,T        ⎞⎛ B ⎞⎛ G ⎞
⎝ b,c,d,e,f,g,h,i,j,k,l,m,n,o,p,q,r,s,t ⎠⎝ ∅ ⎠⎝ ∅ ⎠
",ABDEGHJKMNPQST,BCDEFGHIJKLMNOPQRST
N20A.csv,3,KGeoMIP,3.07415771484375,26.72826886177063,"⎛      A,K,N,P,T      ⎞⎛ B,D,E,G,H,S ⎞⎛ J,M,Q ⎞
⎝ c,f,i,k,l,n,o,p,r,t ⎠⎝ b,d,e,g,h,s ⎠⎝ j,m,q ⎠
",ABDEGHJKMNPQST,BCDEFGHIJKLMNOPQRST
N20A.csv,4,KQNodes,0.0007352828979492188,4.919666767120361,"⎛         A,D,E,J,K,M,N,P,Q,S,T         ⎞⎛ B ⎞⎛ G ⎞⎛ H ⎞
⎝ b,c,d,e,f,g,h,i,j,k,l,m,n,o,p,q,r,s,t ⎠⎝ ∅ ⎠⎝ ∅ ⎠⎝ ∅ ⎠
",ABDEGHJKMNPQST,BCDEFGHIJKLMNOPQRST
N20A.csv,4,KGeoMIP,3.020904541015625,26.299802780151367,"⎛ A,K,N,P,T ⎞⎛      ∅      ⎞⎛ B,D,E,G,H,S ⎞⎛ J,M,Q ⎞
⎝  k,n,p,t  ⎠⎝ c,f,i,l,o,r ⎠⎝ b,d,e,g,h,s ⎠⎝ j,m,q ⎠
",ABDEGHJKMNPQST,BCDEFGHIJKLMNOPQRST
N20A.csv,5,KQNodes,0.0012340545654296875,4.914158344268799,"⎛          A,D,E,J,K,M,P,Q,S,T          ⎞⎛ B ⎞⎛ G ⎞⎛ H ⎞⎛ N ⎞
⎝ b,c,d,e,f,g,h,i,j,k,l,m,n,o,p,q,r,s,t ⎠⎝ ∅ ⎠⎝ ∅ ⎠⎝ ∅ ⎠⎝ ∅ ⎠
",ABDEGHJKMNPQST,BCDEFGHIJKLMNOPQRST
N20A.csv,5,KGeoMIP,3.0211095809936523,26.21218514442444,"⎛ K,N,P,T ⎞⎛ A ⎞⎛      ∅      ⎞⎛ B,D,E,G,H,S ⎞⎛ J,M,Q ⎞
⎝ k,n,p,t ⎠⎝ ∅ ⎠⎝ c,f,i,l,o,r ⎠⎝ b,d,e,g,h,s ⎠⎝ j,m,q ⎠
",ABDEGHJKMNPQST,BCDEFGHIJKLMNOPQRST
N20A.csv,2,KQNodes,1.4491119384765625,3.1923913955688477,"⎛        A,B,E,J,Q,S,T        ⎞⎛ D,G,H,K,M,N,P ⎞
⎝ b,c,h,i,j,k,l,m,n,o,p,q,r,s ⎠⎝    d,e,f,g    ⎠
",ABDEGHJKMNPQST,BCDEFGHIJKLMNOPQRS
N20A.csv,2,KGeoMIP,2.86102294921875e-05,13.956552028656006,"⎛      A,B,D,E,G,H,J,K,N,P,Q,S,T      ⎞⎛ M ⎞
⎝ b,c,d,e,f,g,h,i,j,k,l,m,n,o,p,q,r,s ⎠⎝ ∅ ⎠
",ABDEGHJKMNPQST,BCDEFGHIJKLMNOPQRS
N20A.csv,3,KQNodes,1.4424514770507812,3.1533937454223633,"⎛        A,B,E,J,Q,S,T        ⎞⎛  K  ⎞⎛ D,G,H,M,N,P ⎞
⎝ b,c,h,i,j,k,l,m,n,o,p,q,r,s ⎠⎝ d,g ⎠⎝     e,f     ⎠
",ABDEGHJKMNPQST,BCDEFGHIJKLMNOPQRS
N20A.csv,3,KGeoMIP,1.8138751983642578,12.795902013778687,"⎛ H ⎞⎛     A,B,D,E,G,K,M,N,P,Q,S,T     ⎞⎛ J ⎞
⎝ h ⎠⎝ b,c,d,e,f,g,i,k,l,m,n,o,p,q,r,s ⎠⎝ j ⎠
",ABDEGHJKMNPQST,BCDEFGHIJKLMNOPQRS
N20A.csv,4,KQNodes,1.4398784637451172,3.120346784591675,"⎛        A,B,E,J,Q,S,T        ⎞⎛  K  ⎞⎛ D,G,H,M ⎞⎛ N,P ⎞
⎝ b,c,h,i,j,k,l,m,n,o,p,q,r,s ⎠⎝ d,g ⎠⎝    e    ⎠⎝  f  ⎠
",ABDEGHJKMNPQST,BCDEFGHIJKLMNOPQRS
N20A.csv,4,KGeoMIP,1.9915218353271484,12.78834843635559,"⎛ A,E,K,M,N,S,T ⎞⎛       B,D,H,P,Q       ⎞⎛ G ⎞⎛ J ⎞
⎝   e,k,m,n,s   ⎠⎝ b,c,d,f,h,i,l,o,p,q,r ⎠⎝ g ⎠⎝ j ⎠
",ABDEGHJKMNPQST,BCDEFGHIJKLMNOPQRS
N20A.csv,5,KQNodes,1.439462661743164,3.1140661239624023,"⎛        A,B,E,J,Q,S,T        ⎞⎛ K ⎞⎛ D,G,H,M ⎞⎛ N,P ⎞⎛ ∅ ⎞
⎝ b,c,h,i,j,k,l,m,n,o,p,q,r,s ⎠⎝ d ⎠⎝    e    ⎠⎝  f  ⎠⎝ g ⎠
",ABDEGHJKMNPQST,BCDEFGHIJKLMNOPQRS
N20A.csv,5,KGeoMIP,2.0091304779052734,12.562259435653687,"⎛      T      ⎞⎛ A,E,K,M,N,S ⎞⎛ B,D,H,P,Q ⎞⎛ G ⎞⎛ J ⎞
⎝ c,f,i,l,o,r ⎠⎝  e,k,m,n,s  ⎠⎝ b,d,h,p,q ⎠⎝ g ⎠⎝ j ⎠
",ABDEGHJKMNPQST,BCDEFGHIJKLMNOPQRS
N20A.csv,2,KQNodes,0.0003108978271484375,1.8413581848144531,"⎛  A,B,D,G,H,J,K,M,N,P,Q,S,T  ⎞⎛ E ⎞
⎝ a,b,d,e,g,h,j,k,m,n,p,q,s,t ⎠⎝ ∅ ⎠
",ABDEGHJKMNPQST,ABDEGHJKMNPQST
N20A.csv,2,KGeoMIP,0.0003108978271484375,0.9009404182434082,"⎛  A,B,D,G,H,J,K,M,N,P,Q,S,T  ⎞⎛ E ⎞
⎝ a,b,d,e,g,h,j,k,m,n,p,q,s,t ⎠⎝ ∅ ⎠
",ABDEGHJKMNPQST,ABDEGHJKMNPQST
N20A.csv,3,KQNodes,0.01654815673828125,1.8571603298187256,"⎛   A,B,D,G,H,J,K,M,N,Q,S,T   ⎞⎛ E ⎞⎛ P ⎞
⎝ a,b,d,e,g,h,j,k,m,n,p,q,s,t ⎠⎝ ∅ ⎠⎝ ∅ ⎠
",ABDEGHJKMNPQST,ABDEGHJKMNPQST
N20A.csv,3,KGeoMIP,0.6699314117431641,0.8420045375823975,"⎛ D ⎞⎛ A,E,H,J,K,M,N,P,Q,S,T ⎞⎛ B,G ⎞
⎝ d ⎠⎝ a,e,h,j,k,m,n,p,q,s,t ⎠⎝ b,g ⎠
",ABDEGHJKMNPQST,ABDEGHJKMNPQST
N20A.csv,4,KQNodes,0.06407737731933594,1.8274075984954834,"⎛    A,B,D,G,H,J,K,M,N,Q,T    ⎞⎛ E ⎞⎛ P ⎞⎛ S ⎞
⎝ a,b,d,e,g,h,j,k,m,n,p,q,s,t ⎠⎝ ∅ ⎠⎝ ∅ ⎠⎝ ∅ ⎠
",ABDEGHJKMNPQST,ABDEGHJKMNPQST
N20A.csv,4,KGeoMIP,0.778350830078125,0.8274040222167969,"⎛ Q ⎞⎛ A,D,E,H,K,M,N,P,S ⎞⎛ J,T ⎞⎛ B,G ⎞
⎝ q ⎠⎝ a,d,e,h,k,m,n,p,s ⎠⎝ j,t ⎠⎝ b,g ⎠
",ABDEGHJKMNPQST,ABDEGHJKMNPQST
N20A.csv,5,KQNodes,0.15732860565185547,1.8339922428131104,"⎛     A,B,D,G,H,J,K,M,Q,T     ⎞⎛ E ⎞⎛ N ⎞⎛ P ⎞⎛ S ⎞
⎝ a,b,d,e,g,h,j,k,m,n,p,q,s,t ⎠⎝ ∅ ⎠⎝ ∅ ⎠⎝ ∅ ⎠⎝ ∅ ⎠
",ABDEGHJKMNPQST,ABDEGHJKMNPQST
N20A.csv,5,KGeoMIP,0.8027153015136719,0.8095629215240479,"⎛ Q ⎞⎛ A,D,K,M,N,P,S ⎞⎛ E,H ⎞⎛ J,T ⎞⎛ B,G ⎞
⎝ q ⎠⎝ a,d,k,m,n,p,s ⎠⎝ e,h ⎠⎝ j,t ⎠⎝ b,g ⎠
",ABDEGHJKMNPQST,ABDEGHJKMNPQST
N20A.csv,2,KQNodes,2.86102294921875e-05,1.5454144477844238,"⎛ A,B,D,E,G,H,J,K,N,P,Q,S,T ⎞⎛ M ⎞
⎝    a,c,e,g,i,k,m,o,q,s    ⎠⎝ ∅ ⎠
",ABDEGHJKMNPQST,ACEGIKMOQS
N20A.csv,2,KGeoMIP,2.86102294921875e-05,0.5899989604949951,"⎛ A,B,D,E,G,H,J,K,N,P,Q,S,T ⎞⎛ M ⎞
⎝    a,c,e,g,i,k,m,o,q,s    ⎠⎝ ∅ ⎠
",ABDEGHJKMNPQST,ACEGIKMOQS
N20A.csv,3,KQNodes,0.010558128356933594,1.55019211769104,"⎛ A,D,E,G,H,J,K,N,P,Q,S,T ⎞⎛ B ⎞⎛ M ⎞
⎝   a,c,e,g,i,k,m,o,q,s   ⎠⎝ ∅ ⎠⎝ ∅ ⎠
",ABDEGHJKMNPQST,ACEGIKMOQS
N20A.csv,3,KGeoMIP,0.15333938598632812,0.5850176811218262,"⎛ J ⎞⎛ A,B,D,E,G,H,K,M,N,P,Q,T ⎞⎛ S ⎞
⎝ ∅ ⎠⎝    a,c,e,g,i,k,m,o,q    ⎠⎝ s ⎠
",ABDEGHJKMNPQST,ACEGIKMOQS
N20A.csv,4,KQNodes,0.030556678771972656,1.5430943965911865,"⎛ A,E,G,H,J,K,N,P,Q,S,T ⎞⎛ B ⎞⎛ D ⎞⎛ M ⎞
⎝  a,c,e,g,i,k,m,o,q,s  ⎠⎝ ∅ ⎠⎝ ∅ ⎠⎝ ∅ ⎠
",ABDEGHJKMNPQST,ACEGIKMOQS
N20A.csv,4,KGeoMIP,0.20989418029785156,0.5780000686645508,"⎛ J ⎞⎛ A,B,D,E,H,K,M,N,P,Q ⎞⎛ G,T ⎞⎛ S ⎞
⎝ ∅ ⎠⎝   a,c,e,i,k,m,o,q   ⎠⎝  g  ⎠⎝ s ⎠
",ABDEGHJKMNPQST,ACEGIKMOQS
N20A.csv,5,KQNodes,0.06557178497314453,1.5414237976074219,"⎛ A,E,H,J,K,N,P,Q,S,T ⎞⎛ B ⎞⎛ D ⎞⎛ G ⎞⎛ M ⎞
⎝ a,c,e,g,i,k,m,o,q,s ⎠⎝ ∅ ⎠⎝ ∅ ⎠⎝ ∅ ⎠⎝ ∅ ⎠
",ABDEGHJKMNPQST,ACEGIKMOQS
N20A.csv,5,KGeoMIP,0.21536636352539062,0.5789997577667236,"⎛ K ⎞⎛ A,B,M,N,P ⎞⎛ D,Q ⎞⎛ E,G,H,J,T ⎞⎛ S ⎞
⎝ k ⎠⎝ a,c,i,m,o ⎠⎝  q  ⎠⎝    e,g    ⎠⎝ s ⎠
",ABDEGHJKMNPQST,ACEGIKMOQS
N20A.csv,2,KQNodes,0.1289215087890625,1.4654185771942139,"⎛ A,D,G,H,J,K,M,N,P,T ⎞⎛ B,E,Q,S ⎞
⎝    b,d,h,j,l,n,r    ⎠⎝  f,p,t  ⎠
",ABDEGHJKMNPQST,BDFHJLNPRT
N20A.csv,2,KGeoMIP,0.0034074783325195312,0.58919358253479,"⎛ A,B,D,E,G,H,J,K,M,P,Q,S,T ⎞⎛ N ⎞
⎝    b,d,f,h,j,l,n,p,r,t    ⎠⎝ ∅ ⎠
",ABDEGHJKMNPQST,BDFHJLNPRT
N20A.csv,3,KQNodes,0.12830352783203125,1.5382626056671143,"⎛ A,D,G,H,J,K,M,N,P,T ⎞⎛ E,Q ⎞⎛ B,S ⎞
⎝    b,d,h,j,l,n,r    ⎠⎝  f  ⎠⎝ p,t ⎠
",ABDEGHJKMNPQST,BDFHJLNPRT
N20A.csv,3,KGeoMIP,0.037316322326660156,0.5823304653167725,"⎛ A ⎞⎛ B,D,E,G,H,J,K,N,P,Q,S,T ⎞⎛ M ⎞
⎝ ∅ ⎠⎝   b,d,f,h,j,l,n,p,r,t   ⎠⎝ ∅ ⎠
",ABDEGHJKMNPQST,BDFHJLNPRT
N20A.csv,4,KQNodes,0.12839508056640625,1.4639456272125244,"⎛ A,D,G,H,J,K,M,N,P,T ⎞⎛ E,Q ⎞⎛ S ⎞⎛ B ⎞
⎝    b,d,h,j,l,n,r    ⎠⎝  f  ⎠⎝ p ⎠⎝ t ⎠
",ABDEGHJKMNPQST,BDFHJLNPRT
N20A.csv,4,KGeoMIP,0.1311349868774414,0.582740306854248,"⎛ A ⎞⎛ B,D,E,G,H,K,N,P,Q,S,T ⎞⎛ J ⎞⎛ M ⎞
⎝ ∅ ⎠⎝   b,d,f,h,l,n,p,r,t   ⎠⎝ j ⎠⎝ ∅ ⎠
",ABDEGHJKMNPQST,BDFHJLNPRT
N20A.csv,5,KQNodes,0.1286478042602539,1.4459989070892334,"⎛ A,D,G,H,J,K,M,N,P,T ⎞⎛ E ⎞⎛ S ⎞⎛ B ⎞⎛ Q ⎞
⎝    b,d,h,j,l,n,r    ⎠⎝ f ⎠⎝ p ⎠⎝ t ⎠⎝ ∅ ⎠
",ABDEGHJKMNPQST,BDFHJLNPRT
N20A.csv,5,KGeoMIP,0.14466476440429688,0.58455491065979,"⎛ D ⎞⎛ B,E,G,H,N,P,Q,S,T ⎞⎛ K ⎞⎛ A,J ⎞⎛ M ⎞
⎝ d ⎠⎝  b,f,h,l,n,p,r,t  ⎠⎝ ∅ ⎠⎝  j  ⎠⎝ ∅ ⎠
",ABDEGHJKMNPQST,BDFHJLNPRT
N20A.csv,2,KQNodes,0.4996156692504883,11.48482894897461,"⎛            A,C,E,G,I,K,M,O,S            ⎞⎛ Q ⎞
⎝ a,b,c,d,e,f,g,h,i,j,k,l,m,n,o,p,q,r,s,t ⎠⎝ ∅ ⎠
",ACEGIKMOQS,ABCDEFGHIJKLMNOPQRST
N20A.csv,2,KGeoMIP,0.4993171691894531,61.92794060707092,"⎛           C,E,G,I,K,M,O,Q,S           ⎞⎛ A ⎞
⎝ a,c,d,e,f,g,h,i,j,k,l,m,n,o,p,q,r,s,t ⎠⎝ b ⎠
",ACEGIKMOQS,ABCDEFGHIJKLMNOPQRST
N20A.csv,3,KQNodes,1.0003652572631836,11.476531267166138,"⎛             A,C,E,G,I,M,O,S             ⎞⎛ K ⎞⎛ Q ⎞
⎝ a,b,c,d,e,f,g,h,i,j,k,l,m,n,o,p,q,r,s,t ⎠⎝ ∅ ⎠⎝ ∅ ⎠
",ACEGIKMOQS,ABCDEFGHIJKLMNOPQRST
N20A.csv,3,KGeoMIP,5.001617431640625,55.45331120491028,"⎛ A,C,E,K ⎞⎛          ∅          ⎞⎛ G,I,M,O,Q,S ⎞
⎝ a,c,e,k ⎠⎝ b,d,f,h,j,l,n,p,r,t ⎠⎝ g,i,m,o,q,s ⎠
",ACEGIKMOQS,ABCDEFGHIJKLMNOPQRST
N20A.csv,4,KQNodes,2.0003652572631836,11.471439599990845,"⎛            A,C,E,G,I,M,O,S            ⎞⎛ ∅ ⎞⎛ K ⎞⎛ Q ⎞
⎝ a,b,c,d,e,f,g,h,i,k,l,m,n,o,p,q,r,s,t ⎠⎝ j ⎠⎝ ∅ ⎠⎝ ∅ ⎠
",ACEGIKMOQS,ABCDEFGHIJKLMNOPQRST
N20A.csv,4,KGeoMIP,4.999317169189453,55.25242877006531,"⎛ C,E ⎞⎛ A,K ⎞⎛          ∅          ⎞⎛ G,I,M,O,Q,S ⎞
⎝ c,e ⎠⎝ a,k ⎠⎝ b,d,f,h,j,l,n,p,r,t ⎠⎝ g,i,m,o,q,s ⎠
",ACEGIKMOQS,ABCDEFGHIJKLMNOPQRST
N20A.csv,5,KQNodes,2.2503652572631836,11.425534009933472,"⎛           A,C,E,G,I,M,O,S           ⎞⎛ ∅ ⎞⎛ ∅ ⎞⎛ K ⎞⎛ Q ⎞
⎝ a,b,c,d,e,f,g,h,k,l,m,n,o,p,q,r,s,t ⎠⎝ i ⎠⎝ j ⎠⎝ ∅ ⎠⎝ ∅ ⎠
",ACEGIKMOQS,ABCDEFGHIJKLMNOPQRST
N20A.csv,5,KGeoMIP,5.007484436035156,55.04081630706787,"⎛ C,E ⎞⎛ A,K ⎞⎛          ∅          ⎞⎛ G,I,O,S ⎞⎛ M,Q ⎞
⎝ c,e ⎠⎝ a,k ⎠⎝ b,d,f,h,j,l,n,p,r,t ⎠⎝ g,i,o,s ⎠⎝ m,q ⎠
",ACEGIKMOQS,ABCDEFGHIJKLMNOPQRST
N20A.csv,2,KQNodes,2.86102294921875e-05,3.43717885017395,"⎛           A,C,E,G,I,K,O,Q,S           ⎞⎛ M ⎞
⎝ a,b,c,d,e,f,g,h,i,j,k,l,m,n,o,p,q,r,s ⎠⎝ ∅ ⎠
",ACEGIKMOQS,ABCDEFGHIJKLMNOPQRS
N20A.csv,2,KGeoMIP,2.86102294921875e-05,28.29607605934143,"⎛           A,C,E,G,I,K,O,Q,S           ⎞⎛ M ⎞
⎝ a,b,c,d,e,f,g,h,i,j,k,l,m,n,o,p,q,r,s ⎠⎝ ∅ ⎠
",ACEGIKMOQS,ABCDEFGHIJKLMNOPQRS
N20A.csv,3,KQNodes,0.00026416778564453125,3.400599956512451,"⎛            C,E,G,I,K,O,Q,S            ⎞⎛ A ⎞⎛ M ⎞
⎝ a,b,c,d,e,f,g,h,i,j,k,l,m,n,o,p,q,r,s ⎠⎝ ∅ ⎠⎝ ∅ ⎠
",ACEGIKMOQS,ABCDEFGHIJKLMNOPQRS
N20A.csv,3,KGeoMIP,2.1256580352783203,26.231607913970947,"⎛ I ⎞⎛          A,C,E,K,M,O,Q,S          ⎞⎛ G ⎞
⎝ i ⎠⎝ a,b,c,d,e,f,h,j,k,l,m,n,o,p,q,r,s ⎠⎝ g ⎠
",ACEGIKMOQS,ABCDEFGHIJKLMNOPQRS
N20A.csv,4,KQNodes,0.0005044937133789062,3.415720224380493,"⎛             C,E,G,K,O,Q,S             ⎞⎛ A ⎞⎛ I ⎞⎛ M ⎞
⎝ a,b,c,d,e,f,g,h,i,j,k,l,m,n,o,p,q,r,s ⎠⎝ ∅ ⎠⎝ ∅ ⎠⎝ ∅ ⎠
",ACEGIKMOQS,ABCDEFGHIJKLMNOPQRS
N20A.csv,4,KGeoMIP,2.508840560913086,26.126182794570923,"⎛          S          ⎞⎛ E,M ⎞⎛ A,C,I,K,O,Q ⎞⎛ G ⎞
⎝ b,d,f,h,j,l,n,p,r,s ⎠⎝ e,m ⎠⎝ a,c,i,k,o,q ⎠⎝ g ⎠
",ACEGIKMOQS,ABCDEFGHIJKLMNOPQRS
N20A.csv,5,KQNodes,0.000774383544921875,3.398083209991455,"⎛              E,G,K,O,Q,S              ⎞⎛ A ⎞⎛ C ⎞⎛ I ⎞⎛ M ⎞
⎝ a,b,c,d,e,f,g,h,i,j,k,l,m,n,o,p,q,r,s ⎠⎝ ∅ ⎠⎝ ∅ ⎠⎝ ∅ ⎠⎝ ∅ ⎠
",ACEGIKMOQS,ABCDEFGHIJKLMNOPQRS
N20A.csv,5,KGeoMIP,2.5096702575683594,26.16584086418152,"⎛ M,S ⎞⎛ E ⎞⎛         ∅         ⎞⎛ A,C,I,K,O,Q ⎞⎛ G ⎞
⎝ m,s ⎠⎝ e ⎠⎝ b,d,f,h,j,l,n,p,r ⎠⎝ a,c,i,k,o,q ⎠⎝ g ⎠
",ACEGIKMOQS,ABCDEFGHIJKLMNOPQRS
N20A.csv,2,KQNodes,0.000141143798828125,3.4395203590393066,"⎛           A,C,E,I,K,M,O,Q,S           ⎞⎛ G ⎞
⎝ b,c,d,e,f,g,h,i,j,k,l,m,n,o,p,q,r,s,t ⎠⎝ ∅ ⎠
",ACEGIKMOQS,BCDEFGHIJKLMNOPQRST
N20A.csv,2,KGeoMIP,0.000141143798828125,28.500766038894653,"⎛           A,C,E,I,K,M,O,Q,S           ⎞⎛ G ⎞
⎝ b,c,d,e,f,g,h,i,j,k,l,m,n,o,p,q,r,s,t ⎠⎝ ∅ ⎠
",ACEGIKMOQS,BCDEFGHIJKLMNOPQRST
N20A.csv,3,KQNodes,0.00037860870361328125,3.4287772178649902,"⎛            A,C,E,I,K,M,Q,S            ⎞⎛ G ⎞⎛ O ⎞
⎝ b,c,d,e,f,g,h,i,j,k,l,m,n,o,p,q,r,s,t ⎠⎝ ∅ ⎠⎝ ∅ ⎠
",ACEGIKMOQS,BCDEFGHIJKLMNOPQRST
N20A.csv,3,KGeoMIP,2.024127960205078,26.612956047058105,"⎛           I           ⎞⎛ A,C,E,G,K,O,S ⎞⎛ M,Q ⎞
⎝ b,d,f,h,i,j,l,n,p,r,t ⎠⎝  c,e,g,k,o,s  ⎠⎝ m,q ⎠
",ACEGIKMOQS,BCDEFGHIJKLMNOPQRST
N20A.csv,4,KQNodes,0.0006189346313476562,3.8788256645202637,"⎛             A,C,E,K,M,Q,S             ⎞⎛ G ⎞⎛ I ⎞⎛ O ⎞
⎝ b,c,d,e,f,g,h,i,j,k,l,m,n,o,p,q,r,s,t ⎠⎝ ∅ ⎠⎝ ∅ ⎠⎝ ∅ ⎠
",ACEGIKMOQS,BCDEFGHIJKLMNOPQRST
N20A.csv,4,KGeoMIP,2.008037567138672,27.01846742630005,"⎛           I           ⎞⎛ A,C,K,O ⎞⎛ E,G,S ⎞⎛ M,Q ⎞
⎝ b,d,f,h,i,j,l,n,p,r,t ⎠⎝  c,k,o  ⎠⎝ e,g,s ⎠⎝ m,q ⎠
",ACEGIKMOQS,BCDEFGHIJKLMNOPQRST
N20A.csv,5,KQNodes,0.000888824462890625,3.391390800476074,"⎛              A,E,K,M,Q,S              ⎞⎛ C ⎞⎛ G ⎞⎛ I ⎞⎛ O ⎞
⎝ b,c,d,e,f,g,h,i,j,k,l,m,n,o,p,q,r,s,t ⎠⎝ ∅ ⎠⎝ ∅ ⎠⎝ ∅ ⎠⎝ ∅ ⎠
",ACEGIKMOQS,BCDEFGHIJKLMNOPQRST
N20A.csv,5,KGeoMIP,2.007136344909668,25.804582357406616,"⎛ C,I,K,O ⎞⎛ A ⎞⎛          ∅          ⎞⎛ E,G,S ⎞⎛ M,Q ⎞
⎝ c,i,k,o ⎠⎝ ∅ ⎠⎝ b,d,f,h,j,l,n,p,r,t ⎠⎝ e,g,s ⎠⎝ m,q ⎠
",ACEGIKMOQS,BCDEFGHIJKLMNOPQRST
N20A.csv,2,KQNodes,2.86102294921875e-05,2.394479513168335,"⎛          A,C,E,G,I,K,O,Q,S          ⎞⎛ M ⎞
⎝ b,c,d,e,f,g,h,i,j,k,l,m,n,o,p,q,r,s ⎠⎝ ∅ ⎠
",ACEGIKMOQS,BCDEFGHIJKLMNOPQRS
N20A.csv,2,KGeoMIP,2.86102294921875e-05,13.483373165130615,"⎛          A,C,E,G,I,K,O,Q,S          ⎞⎛ M ⎞
⎝ b,c,d,e,f,g,h,i,j,k,l,m,n,o,p,q,r,s ⎠⎝ ∅ ⎠
",ACEGIKMOQS,BCDEFGHIJKLMNOPQRS
N20A.csv,3,KQNodes,0.0001697540283203125,2.430405855178833,"⎛           A,C,E,I,K,O,Q,S           ⎞⎛ G ⎞⎛ M ⎞
⎝ b,c,d,e,f,g,h,i,j,k,l,m,n,o,p,q,r,s ⎠⎝ ∅ ⎠⎝ ∅ ⎠
",ACEGIKMOQS,BCDEFGHIJKLMNOPQRS
N20A.csv,3,KGeoMIP,1.5057220458984375,12.197581768035889,"⎛          K          ⎞⎛ A,E,I,M,S ⎞⎛ C,G,O,Q ⎞
⎝ b,d,f,h,j,k,l,n,p,r ⎠⎝  e,i,m,s  ⎠⎝ c,g,o,q ⎠
",ACEGIKMOQS,BCDEFGHIJKLMNOPQRS
N20A.csv,4,KQNodes,0.0004100799560546875,2.388542652130127,"⎛            A,C,E,K,O,Q,S            ⎞⎛ G ⎞⎛ I ⎞⎛ M ⎞
⎝ b,c,d,e,f,g,h,i,j,k,l,m,n,o,p,q,r,s ⎠⎝ ∅ ⎠⎝ ∅ ⎠⎝ ∅ ⎠
",ACEGIKMOQS,BCDEFGHIJKLMNOPQRS
N20A.csv,4,KGeoMIP,1.5010662078857422,12.192679405212402,"⎛ A,E,I,K,M,S ⎞⎛         ∅         ⎞⎛ C,O,Q ⎞⎛ G ⎞
⎝  e,i,k,m,s  ⎠⎝ b,d,f,h,j,l,n,p,r ⎠⎝ c,o,q ⎠⎝ g ⎠
",ACEGIKMOQS,BCDEFGHIJKLMNOPQRS
N20A.csv,5,KQNodes,0.00115966796875,2.3948493003845215,"⎛             A,C,E,O,Q,S             ⎞⎛ G ⎞⎛ I ⎞⎛ K ⎞⎛ M ⎞
⎝ b,c,d,e,f,g,h,i,j,k,l,m,n,o,p,q,r,s ⎠⎝ ∅ ⎠⎝ ∅ ⎠⎝ ∅ ⎠⎝ ∅ ⎠
",ACEGIKMOQS,BCDEFGHIJKLMNOPQRS
N20A.csv,5,KGeoMIP,1.5028133392333984,12.270835638046265,"⎛ I,K,M ⎞⎛ A,E,S ⎞⎛         ∅         ⎞⎛ C,O,Q ⎞⎛ G ⎞
⎝ i,k,m ⎠⎝  e,s  ⎠⎝ b,d,f,h,j,l,n,p,r ⎠⎝ c,o,q ⎠⎝ g ⎠
",ACEGIKMOQS,BCDEFGHIJKLMNOPQRS
N20A.csv,2,KQNodes,0.0003108978271484375,0.9780893325805664,"⎛      A,C,G,I,K,M,O,Q,S      ⎞⎛ E ⎞
⎝ a,b,d,e,g,h,j,k,m,n,p,q,s,t ⎠⎝ ∅ ⎠
",ACEGIKMOQS,ABDEGHJKMNPQST
N20A.csv,2,KGeoMIP,0.0003108978271484375,0.8133013248443604,"⎛      A,C,G,I,K,M,O,Q,S      ⎞⎛ E ⎞
⎝ a,b,d,e,g,h,j,k,m,n,p,q,s,t ⎠⎝ ∅ ⎠
",ACEGIKMOQS,ABDEGHJKMNPQST
N20A.csv,3,KQNodes,0.031798362731933594,0.9690110683441162,"⎛       A,C,G,I,K,M,Q,S       ⎞⎛ E ⎞⎛ O ⎞
⎝ a,b,d,e,g,h,j,k,m,n,p,q,s,t ⎠⎝ ∅ ⎠⎝ ∅ ⎠
",ACEGIKMOQS,ABDEGHJKMNPQST
N20A.csv,3,KGeoMIP,0.498809814453125,0.731095552444458,"⎛ I ⎞⎛       A,E,K,M,O,Q,S       ⎞⎛ C,G ⎞
⎝ ∅ ⎠⎝ a,b,d,e,h,j,k,m,n,p,q,s,t ⎠⎝  g  ⎠
",ACEGIKMOQS,ABDEGHJKMNPQST
N20A.csv,4,KQNodes,0.3599233627319336,0.9779198169708252,"⎛      A,C,G,I,K,M,Q,S      ⎞⎛ ∅ ⎞⎛ E ⎞⎛ O ⎞
⎝ a,b,d,e,g,h,j,k,m,n,p,s,t ⎠⎝ q ⎠⎝ ∅ ⎠⎝ ∅ ⎠
",ACEGIKMOQS,ABDEGHJKMNPQST
N20A.csv,4,KGeoMIP,0.5813131332397461,0.7259998321533203,"⎛ O ⎞⎛        K,M,S        ⎞⎛ A,E,Q ⎞⎛ C,G,I ⎞
⎝ ∅ ⎠⎝ b,d,h,j,k,m,n,p,s,t ⎠⎝ a,e,q ⎠⎝   g   ⎠
",ACEGIKMOQS,ABDEGHJKMNPQST
N20A.csv,5,KQNodes,0.3794546127319336,0.9745635986328125,"⎛     A,C,G,I,K,M,Q,S     ⎞⎛ ∅ ⎞⎛ ∅ ⎞⎛ E ⎞⎛ O ⎞
⎝ a,b,d,e,g,h,j,k,n,p,s,t ⎠⎝ m ⎠⎝ q ⎠⎝ ∅ ⎠⎝ ∅ ⎠
",ACEGIKMOQS,ABDEGHJKMNPQST
N20A.csv,5,KGeoMIP,0.5808944702148438,0.7149322032928467,"⎛ S ⎞⎛        K,M        ⎞⎛ A,O ⎞⎛ E,Q ⎞⎛ C,G,I ⎞
⎝ s ⎠⎝ b,d,h,j,k,m,n,p,t ⎠⎝  a  ⎠⎝ e,q ⎠⎝   g   ⎠
",ACEGIKMOQS,ABDEGHJKMNPQST
N20A.csv,2,KQNodes,2.86102294921875e-05,0.8380031585693359,"⎛  A,C,E,G,I,K,O,Q,S  ⎞⎛ M ⎞
⎝ a,c,e,g,i,k,m,o,q,s ⎠⎝ ∅ ⎠
",ACEGIKMOQS,ACEGIKMOQS
N20A.csv,2,KGeoMIP,2.86102294921875e-05,0.430739164352417,"⎛  A,C,E,G,I,K,O,Q,S  ⎞⎛ M ⎞
⎝ a,c,e,g,i,k,m,o,q,s ⎠⎝ ∅ ⎠
",ACEGIKMOQS,ACEGIKMOQS
N20A.csv,3,KQNodes,0.00026607513427734375,0.8440060615539551,"⎛   A,C,E,G,I,K,Q,S   ⎞⎛ M ⎞⎛ O ⎞
⎝ a,c,e,g,i,k,m,o,q,s ⎠⎝ ∅ ⎠⎝ ∅ ⎠
",ACEGIKMOQS,ACEGIKMOQS
N20A.csv,3,KGeoMIP,0.1425323486328125,0.4190659523010254,"⎛ A ⎞⎛ C,E,G,I,K,M,O,Q ⎞⎛ S ⎞
⎝ a ⎠⎝ c,e,g,i,k,m,o,q ⎠⎝ s ⎠
",ACEGIKMOQS,ACEGIKMOQS
N20A.csv,4,KQNodes,0.0010023117065429688,0.8321423530578613,"⎛    A,C,E,G,K,Q,S    ⎞⎛ I ⎞⎛ M ⎞⎛ O ⎞
⎝ a,c,e,g,i,k,m,o,q,s ⎠⎝ ∅ ⎠⎝ ∅ ⎠⎝ ∅ ⎠
",ACEGIKMOQS,ACEGIKMOQS
N20A.csv,4,KGeoMIP,0.1510486602783203,0.4139983654022217,"⎛ C ⎞⎛ A,E,I,K,M,O,Q ⎞⎛ G ⎞⎛ S ⎞
⎝ c ⎠⎝ a,e,i,k,m,o,q ⎠⎝ g ⎠⎝ s ⎠
",ACEGIKMOQS,ACEGIKMOQS
N20A.csv,5,KQNodes,0.021737098693847656,0.823002815246582,"⎛     A,C,E,G,Q,S     ⎞⎛ I ⎞⎛ K ⎞⎛ M ⎞⎛ O ⎞
⎝ a,c,e,g,i,k,m,o,q,s ⎠⎝ ∅ ⎠⎝ ∅ ⎠⎝ ∅ ⎠⎝ ∅ ⎠
",ACEGIKMOQS,ACEGIKMOQS
N20A.csv,5,KGeoMIP,0.1560516357421875,0.42093682289123535,"⎛ M ⎞⎛ A,I,O,Q ⎞⎛ C,E,K ⎞⎛ G ⎞⎛ S ⎞
⎝ m ⎠⎝ a,i,o,q ⎠⎝ c,e,k ⎠⎝ g ⎠⎝ s ⎠
",ACEGIKMOQS,ACEGIKMOQS
N20A.csv,2,KQNodes,0.09076309204101562,0.8174750804901123,"⎛  A,C,G,I,K,M,O,S  ⎞⎛ E,Q ⎞
⎝ b,d,h,j,l,n,p,r,t ⎠⎝  f  ⎠
",ACEGIKMOQS,BDFHJLNPRT
N20A.csv,2,KGeoMIP,0.0012140274047851562,0.4299337863922119,"⎛  A,C,E,G,I,K,M,Q,S  ⎞⎛ O ⎞
⎝ b,d,f,h,j,l,n,p,r,t ⎠⎝ ∅ ⎠
",ACEGIKMOQS,BDFHJLNPRT
N20A.csv,3,KQNodes,0.09141921997070312,0.807992696762085,"⎛  A,C,G,I,K,M  ⎞⎛ E,Q ⎞⎛ O,S ⎞
⎝ b,d,h,j,l,n,r ⎠⎝  f  ⎠⎝ p,t ⎠
",ACEGIKMOQS,BDFHJLNPRT
N20A.csv,3,KGeoMIP,0.037316322326660156,0.4192168712615967,"⎛   C,E,G,I,K,O,Q,S   ⎞⎛ A ⎞⎛ M ⎞
⎝ b,d,f,h,j,l,n,p,r,t ⎠⎝ ∅ ⎠⎝ ∅ ⎠
",ACEGIKMOQS,BDFHJLNPRT
N20A.csv,4,KQNodes,0.09137344360351562,0.8050684928894043,"⎛  A,C,G,I,K,M  ⎞⎛ E,Q ⎞⎛ O,S ⎞⎛ ∅ ⎞
⎝ b,d,h,j,l,n,r ⎠⎝  f  ⎠⎝  p  ⎠⎝ t ⎠
",ACEGIKMOQS,BDFHJLNPRT
N20A.csv,4,KGeoMIP,0.04545116424560547,0.40906596183776855,"⎛ S ⎞⎛    C,E,G,I,K,O,Q    ⎞⎛ A ⎞⎛ M ⎞
⎝ ∅ ⎠⎝ b,d,f,h,j,l,n,p,r,t ⎠⎝ ∅ ⎠⎝ ∅ ⎠
",ACEGIKMOQS,BDFHJLNPRT
N20A.csv,5,KQNodes,0.09162616729736328,0.8062968254089355,"⎛  A,C,G,I,K,M  ⎞⎛ E ⎞⎛ O,S ⎞⎛ ∅ ⎞⎛ Q ⎞
⎝ b,d,h,j,l,n,r ⎠⎝ f ⎠⎝  p  ⎠⎝ t ⎠⎝ ∅ ⎠
",ACEGIKMOQS,BDFHJLNPRT
N20A.csv,5,KGeoMIP,0.056420326232910156,0.4139997959136963,"⎛ S ⎞⎛     C,E,G,I,O,Q     ⎞⎛ K ⎞⎛ A ⎞⎛ M ⎞
⎝ ∅ ⎠⎝ b,d,f,h,j,l,n,p,r,t ⎠⎝ ∅ ⎠⎝ ∅ ⎠⎝ ∅ ⎠
",ACEGIKMOQS,BDFHJLNPRT
N20A.csv,2,KQNodes,0.4992961883544922,7.128480672836304,"⎛            B,D,F,H,J,L,N,P,R            ⎞⎛ T ⎞
⎝ a,b,c,d,e,f,g,h,i,j,k,l,m,n,o,p,q,r,s,t ⎠⎝ ∅ ⎠
",BDFHJLNPRT,ABCDEFGHIJKLMNOPQRST
N20A.csv,2,KGeoMIP,0.4992961883544922,61.74081349372864,"⎛            B,D,F,H,J,L,N,P,R            ⎞⎛ T ⎞
⎝ a,b,c,d,e,f,g,h,i,j,k,l,m,n,o,p,q,r,s,t ⎠⎝ ∅ ⎠
",BDFHJLNPRT,ABCDEFGHIJKLMNOPQRST
N20A.csv,3,KQNodes,0.9989147186279297,7.097134828567505,"⎛             B,D,F,J,L,N,P,R             ⎞⎛ H ⎞⎛ T ⎞
⎝ a,b,c,d,e,f,g,h,i,j,k,l,m,n,o,p,q,r,s,t ⎠⎝ ∅ ⎠⎝ ∅ ⎠
",BDFHJLNPRT,ABCDEFGHIJKLMNOPQRST
N20A.csv,3,KGeoMIP,4.936288833618164,55.94598603248596,"⎛ D ⎞⎛           B,F,H,L,N,T           ⎞⎛ J,P,R ⎞
⎝ d ⎠⎝ a,b,c,e,f,g,h,i,k,l,m,n,o,q,s,t ⎠⎝ j,p,r ⎠
",BDFHJLNPRT,ABCDEFGHIJKLMNOPQRST
N20A.csv,4,KQNodes,1.4985857009887695,7.081425905227661,"⎛              B,D,F,J,L,N,P              ⎞⎛ H ⎞⎛ R ⎞⎛ T ⎞
⎝ a,b,c,d,e,f,g,h,i,j,k,l,m,n,o,p,q,r,s,t ⎠⎝ ∅ ⎠⎝ ∅ ⎠⎝ ∅ ⎠
",BDFHJLNPRT,ABCDEFGHIJKLMNOPQRST
N20A.csv,4,KGeoMIP,4.93646240234375,55.69080972671509,"⎛ D ⎞⎛           B,F,H,L,N,T           ⎞⎛ J,P ⎞⎛ R ⎞
⎝ d ⎠⎝ a,b,c,e,f,g,h,i,k,l,m,n,o,q,s,t ⎠⎝ j,p ⎠⎝ r ⎠
",BDFHJLNPRT,ABCDEFGHIJKLMNOPQRST
N20A.csv,5,KQNodes,1.9983711242675781,7.14456033706665,"⎛               B,D,F,J,N,P               ⎞⎛ H ⎞⎛ L ⎞⎛ R ⎞⎛ T ⎞
⎝ a,b,c,d,e,f,g,h,i,j,k,l,m,n,o,p,q,r,s,t ⎠⎝ ∅ ⎠⎝ ∅ ⎠⎝ ∅ ⎠⎝ ∅ ⎠
",BDFHJLNPRT,ABCDEFGHIJKLMNOPQRST
N20A.csv,5,KGeoMIP,4.9965972900390625,60.538273096084595,"⎛ D ⎞⎛           F,N,T           ⎞⎛ B,H,L ⎞⎛ J,P ⎞⎛ R ⎞
⎝ d ⎠⎝ a,c,e,f,g,i,k,m,n,o,q,s,t ⎠⎝ b,h,l ⎠⎝ j,p ⎠⎝ r ⎠
",BDFHJLNPRT,ABCDEFGHIJKLMNOPQRST
N20A.csv,2,KQNodes,0.0003814697265625,6.062980651855469,"⎛           B,D,F,J,L,N,P,R,T           ⎞⎛ H ⎞
⎝ a,b,c,d,e,f,g,h,i,j,k,l,m,n,o,p,q,r,s ⎠⎝ ∅ ⎠
",BDFHJLNPRT,ABCDEFGHIJKLMNOPQRS
N20A.csv,2,KGeoMIP,0.0003814697265625,28.06923198699951,"⎛           B,D,F,J,L,N,P,R,T           ⎞⎛ H ⎞
⎝ a,b,c,d,e,f,g,h,i,j,k,l,m,n,o,p,q,r,s ⎠⎝ ∅ ⎠
",BDFHJLNPRT,ABCDEFGHIJKLMNOPQRS
N20A.csv,3,KQNodes,0.0008907318115234375,5.94953727722168,"⎛            B,F,J,L,N,P,R,T            ⎞⎛ D ⎞⎛ H ⎞
⎝ a,b,c,d,e,f,g,h,i,j,k,l,m,n,o,p,q,r,s ⎠⎝ ∅ ⎠⎝ ∅ ⎠
",BDFHJLNPRT,ABCDEFGHIJKLMNOPQRS
N20A.csv,3,KGeoMIP,2.950603485107422,26.462357997894287,"⎛ D,F,N,P ⎞⎛          B,H,L,T          ⎞⎛ J,R ⎞
⎝ d,f,n,p ⎠⎝ a,b,c,e,g,h,i,k,l,m,o,q,s ⎠⎝ j,r ⎠
",BDFHJLNPRT,ABCDEFGHIJKLMNOPQRS
N20A.csv,4,KQNodes,0.00150299072265625,5.994543075561523,"⎛             B,F,J,L,N,R,T             ⎞⎛ D ⎞⎛ H ⎞⎛ P ⎞
⎝ a,b,c,d,e,f,g,h,i,j,k,l,m,n,o,p,q,r,s ⎠⎝ ∅ ⎠⎝ ∅ ⎠⎝ ∅ ⎠
",BDFHJLNPRT,ABCDEFGHIJKLMNOPQRS
N20A.csv,4,KGeoMIP,3.0039405822753906,26.204729557037354,"⎛ D,F,N,P ⎞⎛          ∅          ⎞⎛ B,H,L,T ⎞⎛ J,R ⎞
⎝ d,f,n,p ⎠⎝ a,c,e,g,i,k,m,o,q,s ⎠⎝  b,h,l  ⎠⎝ j,r ⎠
",BDFHJLNPRT,ABCDEFGHIJKLMNOPQRS
N20A.csv,5,KQNodes,0.0022068023681640625,6.32708477973938,"⎛              B,F,J,L,N,R              ⎞⎛ D ⎞⎛ H ⎞⎛ P ⎞⎛ T ⎞
⎝ a,b,c,d,e,f,g,h,i,j,k,l,m,n,o,p,q,r,s ⎠⎝ ∅ ⎠⎝ ∅ ⎠⎝ ∅ ⎠⎝ ∅ ⎠
",BDFHJLNPRT,ABCDEFGHIJKLMNOPQRS
N20A.csv,5,KGeoMIP,3.0043487548828125,26.86119246482849,"⎛ D,P ⎞⎛ F,N ⎞⎛          ∅          ⎞⎛ B,H,L,T ⎞⎛ J,R ⎞
⎝ d,p ⎠⎝ f,n ⎠⎝ a,c,e,g,i,k,m,o,q,s ⎠⎝  b,h,l  ⎠⎝ j,r ⎠
",BDFHJLNPRT,ABCDEFGHIJKLMNOPQRS
N20A.csv,2,KQNodes,0.00021266937255859375,2.9194436073303223,"⎛           D,F,H,J,L,N,P,R,T           ⎞⎛ B ⎞
⎝ b,c,d,e,f,g,h,i,j,k,l,m,n,o,p,q,r,s,t ⎠⎝ ∅ ⎠
",BDFHJLNPRT,BCDEFGHIJKLMNOPQRST
N20A.csv,2,KGeoMIP,0.00021266937255859375,31.06037402153015,"⎛           D,F,H,J,L,N,P,R,T           ⎞⎛ B ⎞
⎝ b,c,d,e,f,g,h,i,j,k,l,m,n,o,p,q,r,s,t ⎠⎝ ∅ ⎠
",BDFHJLNPRT,BCDEFGHIJKLMNOPQRST
N20A.csv,3,KQNodes,0.00054168701171875,2.609276294708252,"⎛            D,F,H,J,L,N,P,T            ⎞⎛ B ⎞⎛ R ⎞
⎝ b,c,d,e,f,g,h,i,j,k,l,m,n,o,p,q,r,s,t ⎠⎝ ∅ ⎠⎝ ∅ ⎠
",BDFHJLNPRT,BCDEFGHIJKLMNOPQRST
N20A.csv,3,KGeoMIP,1.5138473510742188,27.42941451072693,"⎛          F          ⎞⎛ B,D,H,L,N,P,R,T ⎞⎛ J ⎞
⎝ c,e,f,g,i,k,m,o,q,s ⎠⎝ b,d,h,l,n,p,r,t ⎠⎝ j ⎠
",BDFHJLNPRT,BCDEFGHIJKLMNOPQRST
N20A.csv,4,KQNodes,0.00092315673828125,2.367251396179199,"⎛             D,F,J,L,N,P,T             ⎞⎛ B ⎞⎛ H ⎞⎛ R ⎞
⎝ b,c,d,e,f,g,h,i,j,k,l,m,n,o,p,q,r,s,t ⎠⎝ ∅ ⎠⎝ ∅ ⎠⎝ ∅ ⎠
",BDFHJLNPRT,BCDEFGHIJKLMNOPQRST
N20A.csv,4,KGeoMIP,1.5144577026367188,25.68207812309265,"⎛ F,N,P,T ⎞⎛         ∅         ⎞⎛ B,D,H,L,R ⎞⎛ J ⎞
⎝ f,n,p,t ⎠⎝ c,e,g,i,k,m,o,q,s ⎠⎝ b,d,h,l,r ⎠⎝ j ⎠
",BDFHJLNPRT,BCDEFGHIJKLMNOPQRST
N20A.csv,5,KQNodes,0.0013885498046875,2.402942657470703,"⎛              D,J,L,N,P,T              ⎞⎛ B ⎞⎛ F ⎞⎛ H ⎞⎛ R ⎞
⎝ b,c,d,e,f,g,h,i,j,k,l,m,n,o,p,q,r,s,t ⎠⎝ ∅ ⎠⎝ ∅ ⎠⎝ ∅ ⎠⎝ ∅ ⎠
",BDFHJLNPRT,BCDEFGHIJKLMNOPQRST
N20A.csv,5,KGeoMIP,1.510385513305664,25.74836778640747,"⎛ F,N,P,T ⎞⎛         ∅         ⎞⎛ B,D,H,R ⎞⎛ L ⎞⎛ J ⎞
⎝ f,n,p,t ⎠⎝ c,e,g,i,k,m,o,q,s ⎠⎝ b,d,h,r ⎠⎝ l ⎠⎝ j ⎠
",BDFHJLNPRT,BCDEFGHIJKLMNOPQRST
N20A.csv,2,KQNodes,0.00032901763916015625,2.2626774311065674,"⎛          B,D,F,H,J,L,N,P,T          ⎞⎛ R ⎞
⎝ b,c,d,e,f,g,h,i,j,k,l,m,n,o,p,q,r,s ⎠⎝ ∅ ⎠
",BDFHJLNPRT,BCDEFGHIJKLMNOPQRS
N20A.csv,2,KGeoMIP,0.00032901763916015625,13.40652847290039,"⎛          B,D,F,H,J,L,N,P,T          ⎞⎛ R ⎞
⎝ b,c,d,e,f,g,h,i,j,k,l,m,n,o,p,q,r,s ⎠⎝ ∅ ⎠
",BDFHJLNPRT,BCDEFGHIJKLMNOPQRS
N20A.csv,3,KQNodes,0.0007104873657226562,2.274200677871704,"⎛           B,D,F,J,L,N,P,T           ⎞⎛ H ⎞⎛ R ⎞
⎝ b,c,d,e,f,g,h,i,j,k,l,m,n,o,p,q,r,s ⎠⎝ ∅ ⎠⎝ ∅ ⎠
",BDFHJLNPRT,BCDEFGHIJKLMNOPQRS
N20A.csv,3,KGeoMIP,1.6888751983642578,12.138376951217651,"⎛ H ⎞⎛         B,D,F,L,N,P,R,T         ⎞⎛ J ⎞
⎝ h ⎠⎝ b,c,d,e,f,g,i,k,l,m,n,o,p,q,r,s ⎠⎝ j ⎠
",BDFHJLNPRT,BCDEFGHIJKLMNOPQRS
N20A.csv,4,KQNodes,0.001209259033203125,2.250026226043701,"⎛            B,D,F,J,L,P,T            ⎞⎛ H ⎞⎛ N ⎞⎛ R ⎞
⎝ b,c,d,e,f,g,h,i,j,k,l,m,n,o,p,q,r,s ⎠⎝ ∅ ⎠⎝ ∅ ⎠⎝ ∅ ⎠
",BDFHJLNPRT,BCDEFGHIJKLMNOPQRS
N20A.csv,4,KGeoMIP,1.7736148834228516,12.187346458435059,"⎛          F          ⎞⎛ B,D,H,N,P,R,T ⎞⎛ L ⎞⎛ J ⎞
⎝ c,e,f,g,i,k,m,o,q,s ⎠⎝  b,d,h,n,p,r  ⎠⎝ l ⎠⎝ j ⎠
",BDFHJLNPRT,BCDEFGHIJKLMNOPQRS
N20A.csv,5,KQNodes,0.0017185211181640625,2.2663779258728027,"⎛             B,F,J,L,P,T             ⎞⎛ D ⎞⎛ H ⎞⎛ N ⎞⎛ R ⎞
⎝ b,c,d,e,f,g,h,i,j,k,l,m,n,o,p,q,r,s ⎠⎝ ∅ ⎠⎝ ∅ ⎠⎝ ∅ ⎠⎝ ∅ ⎠
",BDFHJLNPRT,BCDEFGHIJKLMNOPQRS
N20A.csv,5,KGeoMIP,1.7594585418701172,12.07746434211731,"⎛         T         ⎞⎛ F,N ⎞⎛ B,D,H,P,R ⎞⎛ L ⎞⎛ J ⎞
⎝ c,e,g,i,k,m,o,q,s ⎠⎝ f,n ⎠⎝ b,d,h,p,r ⎠⎝ l ⎠⎝ j ⎠
",BDFHJLNPRT,BCDEFGHIJKLMNOPQRS
N20A.csv,2,KQNodes,0.016237258911132812,0.9304111003875732,"⎛      B,D,F,H,J,L,N,R,T      ⎞⎛ P ⎞
⎝ a,b,d,e,g,h,j,k,m,n,p,q,s,t ⎠⎝ ∅ ⎠
",BDFHJLNPRT,ABDEGHJKMNPQST
N20A.csv,2,KGeoMIP,0.016237258911132812,0.8032870292663574,"⎛      B,D,F,H,J,L,N,R,T      ⎞⎛ P ⎞
⎝ a,b,d,e,g,h,j,k,m,n,p,q,s,t ⎠⎝ ∅ ⎠
",BDFHJLNPRT,ABDEGHJKMNPQST
N20A.csv,3,KQNodes,0.06362152099609375,0.940847635269165,"⎛       B,F,H,J,L,N,R,T       ⎞⎛ D ⎞⎛ P ⎞
⎝ a,b,d,e,g,h,j,k,m,n,p,q,s,t ⎠⎝ ∅ ⎠⎝ ∅ ⎠
",BDFHJLNPRT,ABDEGHJKMNPQST
N20A.csv,3,KGeoMIP,0.48336315155029297,0.7071740627288818,"⎛      D,F,H,J,N,P,R,T      ⎞⎛ B ⎞⎛ L ⎞
⎝ a,d,e,g,h,j,k,m,n,p,q,s,t ⎠⎝ b ⎠⎝ ∅ ⎠
",BDFHJLNPRT,ABDEGHJKMNPQST
N20A.csv,4,KQNodes,0.15687274932861328,0.9371564388275146,"⎛        B,F,H,J,L,R,T        ⎞⎛ D ⎞⎛ N ⎞⎛ P ⎞
⎝ a,b,d,e,g,h,j,k,m,n,p,q,s,t ⎠⎝ ∅ ⎠⎝ ∅ ⎠⎝ ∅ ⎠
",BDFHJLNPRT,ABDEGHJKMNPQST
N20A.csv,4,KGeoMIP,0.6122541427612305,0.7382073402404785,"⎛ T ⎞⎛      D,F,H,J,N,P,R      ⎞⎛ B ⎞⎛ L ⎞
⎝ t ⎠⎝ a,d,e,g,h,j,k,m,n,p,q,s ⎠⎝ b ⎠⎝ ∅ ⎠
",BDFHJLNPRT,ABDEGHJKMNPQST
N20A.csv,5,KQNodes,0.3678102493286133,0.9356226921081543,"⎛       B,F,H,J,L,R,T       ⎞⎛ ∅ ⎞⎛ D ⎞⎛ N ⎞⎛ P ⎞
⎝ a,b,d,e,g,h,j,k,m,n,p,s,t ⎠⎝ q ⎠⎝ ∅ ⎠⎝ ∅ ⎠⎝ ∅ ⎠
",BDFHJLNPRT,ABDEGHJKMNPQST
N20A.csv,5,KGeoMIP,0.6290502548217773,0.7150464057922363,"⎛ F ⎞⎛       D,H,N,P,R       ⎞⎛ J,T ⎞⎛ B ⎞⎛ L ⎞
⎝ ∅ ⎠⎝ a,d,e,g,h,k,m,n,p,q,s ⎠⎝ j,t ⎠⎝ b ⎠⎝ ∅ ⎠
",BDFHJLNPRT,ABDEGHJKMNPQST
N20A.csv,2,KQNodes,0.11908531188964844,0.8234586715698242,"⎛   B,D,F,H,J,N,P   ⎞⎛ L,R,T ⎞
⎝ a,c,e,g,i,m,o,q,s ⎠⎝   k   ⎠
",BDFHJLNPRT,ACEGIKMOQS
N20A.csv,2,KGeoMIP,0.005381584167480469,0.413562536239624,"⎛  B,D,F,H,J,L,P,R,T  ⎞⎛ N ⎞
⎝ a,c,e,g,i,k,m,o,q,s ⎠⎝ ∅ ⎠
",BDFHJLNPRT,ACEGIKMOQS
N20A.csv,3,KQNodes,0.11770439147949219,0.8210394382476807,"⎛  N,P  ⎞⎛  B,D,F,H,J  ⎞⎛ L,R,T ⎞
⎝ a,e,m ⎠⎝ c,g,i,o,q,s ⎠⎝   k   ⎠
",BDFHJLNPRT,ACEGIKMOQS
N20A.csv,3,KGeoMIP,0.027452468872070312,0.40271949768066406,"⎛ H ⎞⎛   B,D,F,J,L,N,P,R   ⎞⎛ T ⎞
⎝ ∅ ⎠⎝ a,c,e,g,i,k,m,o,q,s ⎠⎝ ∅ ⎠
",BDFHJLNPRT,ACEGIKMOQS
N20A.csv,4,KQNodes,0.11697196960449219,0.8140320777893066,"⎛  N,P  ⎞⎛  B,D,F,H,J  ⎞⎛ T ⎞⎛ L,R ⎞
⎝ a,e,m ⎠⎝ c,g,i,o,q,s ⎠⎝ k ⎠⎝  ∅  ⎠
",BDFHJLNPRT,ACEGIKMOQS
N20A.csv,4,KGeoMIP,0.08248233795166016,0.42373132705688477,"⎛ F ⎞⎛      B,D,N,P,R      ⎞⎛ H,J,L ⎞⎛ T ⎞
⎝ ∅ ⎠⎝ a,c,e,g,i,k,m,o,q,s ⎠⎝   ∅   ⎠⎝ ∅ ⎠
",BDFHJLNPRT,ACEGIKMOQS
N20A.csv,5,KQNodes,0.11697196960449219,0.827111005783081,"⎛  N,P  ⎞⎛  B,D,F,H,J  ⎞⎛ T ⎞⎛ L ⎞⎛ R ⎞
⎝ a,e,m ⎠⎝ c,g,i,o,q,s ⎠⎝ k ⎠⎝ ∅ ⎠⎝ ∅ ⎠
",BDFHJLNPRT,ACEGIKMOQS
N20A.csv,5,KGeoMIP,0.11062240600585938,0.4136064052581787,"⎛        B,N,P        ⎞⎛ D,R ⎞⎛ H,L ⎞⎛ F,J ⎞⎛ T ⎞
⎝ a,c,e,g,i,k,m,o,q,s ⎠⎝  ∅  ⎠⎝  ∅  ⎠⎝  ∅  ⎠⎝ ∅ ⎠
",BDFHJLNPRT,ACEGIKMOQS
N20A.csv,2,KQNodes,0.00051116943359375,0.8114840984344482,"⎛  B,D,H,J,L,N,P,R,T  ⎞⎛ F ⎞
⎝ b,d,f,h,j,l,n,p,r,t ⎠⎝ ∅ ⎠
",BDFHJLNPRT,BDFHJLNPRT
N20A.csv,2,KGeoMIP,0.00051116943359375,0.44445013999938965,"⎛  B,D,H,J,L,N,P,R,T  ⎞⎛ F ⎞
⎝ b,d,f,h,j,l,n,p,r,t ⎠⎝ ∅ ⎠
",BDFHJLNPRT,BDFHJLNPRT
N20A.csv,3,KQNodes,0.0021352767944335938,0.8251931667327881,"⎛   B,D,H,J,L,N,P,T   ⎞⎛ F ⎞⎛ R ⎞
⎝ b,d,f,h,j,l,n,p,r,t ⎠⎝ ∅ ⎠⎝ ∅ ⎠
",BDFHJLNPRT,BDFHJLNPRT
N20A.csv,3,KGeoMIP,0.08101272583007812,0.4114096164703369,"⎛ P ⎞⎛ B,D,F,H,N,R,T ⎞⎛ J,L ⎞
⎝ p ⎠⎝ b,d,f,h,n,r,t ⎠⎝ j,l ⎠
",BDFHJLNPRT,BDFHJLNPRT
N20A.csv,4,KQNodes,0.005542755126953125,0.8006889820098877,"⎛    B,D,H,J,L,P,T    ⎞⎛ F ⎞⎛ N ⎞⎛ R ⎞
⎝ b,d,f,h,j,l,n,p,r,t ⎠⎝ ∅ ⎠⎝ ∅ ⎠⎝ ∅ ⎠
",BDFHJLNPRT,BDFHJLNPRT
N20A.csv,4,KGeoMIP,0.09073448181152344,0.41284966468811035,"⎛ N ⎞⎛ B,F,H,P,R,T ⎞⎛ D ⎞⎛ J,L ⎞
⎝ n ⎠⎝ b,f,h,p,r,t ⎠⎝ d ⎠⎝ j,l ⎠
",BDFHJLNPRT,BDFHJLNPRT
N20A.csv,5,KQNodes,0.052906036376953125,0.8071439266204834,"⎛   B,D,H,J,L,P,T   ⎞⎛ ∅ ⎞⎛ F ⎞⎛ N ⎞⎛ R ⎞
⎝ b,d,f,h,j,l,n,r,t ⎠⎝ p ⎠⎝ ∅ ⎠⎝ ∅ ⎠⎝ ∅ ⎠
",BDFHJLNPRT,BDFHJLNPRT
N20A.csv,5,KGeoMIP,0.10229110717773438,0.40761852264404297,"⎛ T ⎞⎛ R ⎞⎛ B,F,H,N,P ⎞⎛ D ⎞⎛ J,L ⎞
⎝ t ⎠⎝ r ⎠⎝ b,f,h,n,p ⎠⎝ d ⎠⎝ j,l ⎠
",BDFHJLNPRT,BDFHJLNPRT
N20A.csv,2,KQNodes,0.015483856201171875,1.3418238162994385,"⎛    B,C,D,E,F,J,K,L,M,N,O    ⎞⎛ G ⎞
⎝ b,c,d,e,f,g,h,i,j,k,l,m,n,o ⎠⎝ ∅ ⎠
",BCDEFGJKLMNO,BCDEFGHIJKLMNO
N20A.csv,2,KGeoMIP,0.015126228332519531,0.7806093692779541,"⎛    B,C,D,E,F,G,J,K,L,M,O    ⎞⎛ N ⎞
⎝ b,c,d,e,f,g,h,i,j,k,l,m,n,o ⎠⎝ ∅ ⎠
",BCDEFGJKLMNO,BCDEFGHIJKLMNO
N20A.csv,3,KQNodes,0.031378746032714844,1.3665623664855957,"⎛     B,D,E,F,J,K,L,M,N,O     ⎞⎛ C ⎞⎛ G ⎞
⎝ b,c,d,e,f,g,h,i,j,k,l,m,n,o ⎠⎝ ∅ ⎠⎝ ∅ ⎠
",BCDEFGJKLMNO,BCDEFGHIJKLMNO
N20A.csv,3,KGeoMIP,0.4162864685058594,0.6829171180725098,"⎛ L ⎞⎛   B,C,D,E,G,J,K,M,N,O   ⎞⎛ F ⎞
⎝ l ⎠⎝ b,c,d,e,g,h,i,j,k,m,n,o ⎠⎝ f ⎠
",BCDEFGJKLMNO,BCDEFGHIJKLMNO
N20A.csv,4,KQNodes,0.0779428482055664,1.3486974239349365,"⎛      B,D,F,J,K,L,M,N,O      ⎞⎛ C ⎞⎛ E ⎞⎛ G ⎞
⎝ b,c,d,e,f,g,h,i,j,k,l,m,n,o ⎠⎝ ∅ ⎠⎝ ∅ ⎠⎝ ∅ ⎠
",BCDEFGJKLMNO,BCDEFGHIJKLMNO
N20A.csv,4,KGeoMIP,0.4447307586669922,0.6998128890991211,"⎛ D ⎞⎛   C,E,G,K,M,N,O   ⎞⎛ J ⎞⎛ B,F,L ⎞
⎝ d ⎠⎝ c,e,g,h,i,k,m,n,o ⎠⎝ j ⎠⎝ b,f,l ⎠
",BCDEFGJKLMNO,BCDEFGHIJKLMNO
N20A.csv,5,KQNodes,0.140655517578125,1.3707692623138428,"⎛       D,F,J,K,L,M,N,O       ⎞⎛ B ⎞⎛ C ⎞⎛ E ⎞⎛ G ⎞
⎝ b,c,d,e,f,g,h,i,j,k,l,m,n,o ⎠⎝ ∅ ⎠⎝ ∅ ⎠⎝ ∅ ⎠⎝ ∅ ⎠
",BCDEFGJKLMNO,BCDEFGHIJKLMNO
N20A.csv,5,KGeoMIP,0.4456825256347656,0.6825411319732666,"⎛ D ⎞⎛   C,E,G,K,M,N,O   ⎞⎛ J ⎞⎛ B,L ⎞⎛ F ⎞
⎝ d ⎠⎝ c,e,g,h,i,k,m,n,o ⎠⎝ j ⎠⎝ b,l ⎠⎝ f ⎠
",BCDEFGJKLMNO,BCDEFGHIJKLMNO
N22A.csv,2,KQNodes,0.49979329109191895,69.44455146789551,"⎛  A,B,C,D,E,F,G,H,I,J,K,L,M,N,P,Q,R,S,T,U,V  ⎞⎛ O ⎞
⎝ a,b,c,d,e,f,g,h,i,j,k,l,m,n,o,p,q,r,s,t,u,v ⎠⎝ ∅ ⎠
",ABCDEFGHIJKLMNOPQRSTUV,ABCDEFGHIJKLMNOPQRSTUV
N22A.csv,2,KGeoMIP,0.4996371269226074,301.7763822078705,"⎛  A,B,C,D,E,F,G,H,I,J,K,L,M,N,O,P,Q,R,T,U,V  ⎞⎛ S ⎞
⎝ a,b,c,d,e,f,g,h,i,j,k,l,m,n,o,p,q,r,s,t,u,v ⎠⎝ ∅ ⎠
",ABCDEFGHIJKLMNOPQRSTUV,ABCDEFGHIJKLMNOPQRSTUV
N22A.csv,3,KQNodes,0.9996538162231445,68.80448937416077,"⎛   A,B,C,D,E,F,G,H,J,K,L,M,N,P,Q,R,S,T,U,V   ⎞⎛ I ⎞⎛ O ⎞
⎝ a,b,c,d,e,f,g,h,i,j,k,l,m,n,o,p,q,r,s,t,u,v ⎠⎝ ∅ ⎠⎝ ∅ ⎠
",ABCDEFGHIJKLMNOPQRSTUV,ABCDEFGHIJKLMNOPQRSTUV
N22A.csv,3,KGeoMIP,10.983409881591797,270.14914417266846,"⎛ B ⎞⎛ A,E,H,I,K,L,N,O,R,S,V ⎞⎛ C,D,F,G,J,M,P,Q,T,U ⎞
⎝ b ⎠⎝ a,e,h,i,k,l,n,o,r,s,v ⎠⎝ c,d,f,g,j,m,p,q,t,u ⎠
",ABCDEFGHIJKLMNOPQRSTUV,ABCDEFGHIJKLMNOPQRSTUV
N22A.csv,4,KQNodes,1.4997766017913818,69.48339772224426,"⎛    A,B,C,D,E,F,G,H,J,K,L,M,P,Q,R,S,T,U,V    ⎞⎛ I ⎞⎛ N ⎞⎛ O ⎞
⎝ a,b,c,d,e,f,g,h,i,j,k,l,m,n,o,p,q,r,s,t,u,v ⎠⎝ ∅ ⎠⎝ ∅ ⎠⎝ ∅ ⎠
",ABCDEFGHIJKLMNOPQRSTUV,ABCDEFGHIJKLMNOPQRSTUV
N22A.csv,4,KGeoMIP,10.99694538116455,278.05027770996094,"⎛ A ⎞⎛ E,H,I,K,L,N,O,R,S,V ⎞⎛ P,U ⎞⎛ B,C,D,F,G,J,M,Q,T ⎞
⎝ a ⎠⎝ e,h,i,k,l,n,o,r,s,v ⎠⎝ p,u ⎠⎝ b,c,d,f,g,j,m,q,t ⎠
",ABCDEFGHIJKLMNOPQRSTUV,ABCDEFGHIJKLMNOPQRSTUV
N22A.csv,5,KQNodes,1.9999067783355713,68.07122826576233,"⎛     A,B,C,D,E,F,G,H,J,K,L,M,P,R,S,T,U,V     ⎞⎛ I ⎞⎛ N ⎞⎛ O ⎞⎛ Q ⎞
⎝ a,b,c,d,e,f,g,h,i,j,k,l,m,n,o,p,q,r,s,t,u,v ⎠⎝ ∅ ⎠⎝ ∅ ⎠⎝ ∅ ⎠⎝ ∅ ⎠
",ABCDEFGHIJKLMNOPQRSTUV,ABCDEFGHIJKLMNOPQRSTUV
N22A.csv,5,KGeoMIP,11.003893852233887,262.9199573993683,"⎛ A ⎞⎛ E,H,I,K,L,R,S ⎞⎛ N,O,V ⎞⎛ P,U ⎞⎛ B,C,D,F,G,J,M,Q,T ⎞
⎝ a ⎠⎝ e,h,i,k,l,r,s ⎠⎝ n,o,v ⎠⎝ p,u ⎠⎝ b,c,d,f,g,j,m,q,t ⎠
",ABCDEFGHIJKLMNOPQRSTUV,ABCDEFGHIJKLMNOPQRSTUV
N22A.csv,2,KQNodes,3.7670135498046875e-05,20.501056432724,"⎛ A,B,D,E,F,G,H,I,J,K,L,M,N,O,P,Q,R,S,T,U,V ⎞⎛ C ⎞
⎝ a,b,c,d,e,f,g,h,i,j,k,l,m,n,o,p,q,r,s,t,u ⎠⎝ ∅ ⎠
",ABCDEFGHIJKLMNOPQRSTUV,ABCDEFGHIJKLMNOPQRSTU
N22A.csv,2,KGeoMIP,3.7670135498046875e-05,136.4775528907776,"⎛ A,B,D,E,F,G,H,I,J,K,L,M,N,O,P,Q,R,S,T,U,V ⎞⎛ C ⎞
⎝ a,b,c,d,e,f,g,h,i,j,k,l,m,n,o,p,q,r,s,t,u ⎠⎝ ∅ ⎠
",ABCDEFGHIJKLMNOPQRSTUV,ABCDEFGHIJKLMNOPQRSTU
N22A.csv,3,KQNodes,0.00010347366333007812,20.48332452774048,"⎛  A,D,E,F,G,H,I,J,K,L,M,N,O,P,Q,R,S,T,U,V  ⎞⎛ B ⎞⎛ C ⎞
⎝ a,b,c,d,e,f,g,h,i,j,k,l,m,n,o,p,q,r,s,t,u ⎠⎝ ∅ ⎠⎝ ∅ ⎠
",ABCDEFGHIJKLMNOPQRSTUV,ABCDEFGHIJKLMNOPQRSTU
N22A.csv,3,KGeoMIP,5.967790603637695,122.22156381607056,"⎛ B ⎞⎛ A,C,D,E,F,H,I,K,L,M,N,O,P,Q,R,S,U,V ⎞⎛ G,J,T ⎞
⎝ b ⎠⎝  a,c,d,e,f,h,i,k,l,m,n,o,p,q,r,s,u  ⎠⎝ g,j,t ⎠
",ABCDEFGHIJKLMNOPQRSTUV,ABCDEFGHIJKLMNOPQRSTU
N22A.csv,4,KQNodes,0.00018262863159179688,20.496403217315674,"⎛   A,D,E,F,G,H,I,J,K,L,M,N,O,P,Q,R,S,T,U   ⎞⎛ B ⎞⎛ C ⎞⎛ V ⎞
⎝ a,b,c,d,e,f,g,h,i,j,k,l,m,n,o,p,q,r,s,t,u ⎠⎝ ∅ ⎠⎝ ∅ ⎠⎝ ∅ ⎠
",ABCDEFGHIJKLMNOPQRSTUV,ABCDEFGHIJKLMNOPQRSTU
N22A.csv,4,KGeoMIP,6.008643627166748,127.62662506103516,"⎛ F ⎞⎛ B,E,I,K,L,N,O,Q,V ⎞⎛ A,C,D,H,M,P,R,S,U ⎞⎛ G,J,T ⎞
⎝ f ⎠⎝  b,e,i,k,l,n,o,q  ⎠⎝ a,c,d,h,m,p,r,s,u ⎠⎝ g,j,t ⎠
",ABCDEFGHIJKLMNOPQRSTUV,ABCDEFGHIJKLMNOPQRSTU
N22A.csv,5,KQNodes,0.00030541419982910156,21.216261863708496,"⎛    A,D,E,F,G,H,I,J,K,L,M,O,P,Q,R,S,T,U    ⎞⎛ B ⎞⎛ C ⎞⎛ N ⎞⎛ V ⎞
⎝ a,b,c,d,e,f,g,h,i,j,k,l,m,n,o,p,q,r,s,t,u ⎠⎝ ∅ ⎠⎝ ∅ ⎠⎝ ∅ ⎠⎝ ∅ ⎠
",ABCDEFGHIJKLMNOPQRSTUV,ABCDEFGHIJKLMNOPQRSTU
N22A.csv,5,KGeoMIP,6.0007429122924805,126.48065948486328,"⎛ N ⎞⎛ B,F,I,L,O,Q,V ⎞⎛ E,K ⎞⎛ A,C,D,H,M,P,R,S,U ⎞⎛ G,J,T ⎞
⎝ n ⎠⎝  b,f,i,l,o,q  ⎠⎝ e,k ⎠⎝ a,c,d,h,m,p,r,s,u ⎠⎝ g,j,t ⎠
",ABCDEFGHIJKLMNOPQRSTUV,ABCDEFGHIJKLMNOPQRSTU
N22A.csv,2,KQNodes,3.7670135498046875e-05,22.28551745414734,"⎛ A,B,D,E,F,G,H,I,J,K,L,M,N,O,P,Q,R,S,T,U,V ⎞⎛ C ⎞
⎝ b,c,d,e,f,g,h,i,j,k,l,m,n,o,p,q,r,s,t,u,v ⎠⎝ ∅ ⎠
",ABCDEFGHIJKLMNOPQRSTUV,BCDEFGHIJKLMNOPQRSTUV
N22A.csv,2,KGeoMIP,3.7670135498046875e-05,136.17460131645203,"⎛ A,B,D,E,F,G,H,I,J,K,L,M,N,O,P,Q,R,S,T,U,V ⎞⎛ C ⎞
⎝ b,c,d,e,f,g,h,i,j,k,l,m,n,o,p,q,r,s,t,u,v ⎠⎝ ∅ ⎠
",ABCDEFGHIJKLMNOPQRSTUV,BCDEFGHIJKLMNOPQRSTUV
N22A.csv,3,KQNodes,0.00010347366333007812,22.01498055458069,"⎛  A,D,E,F,G,H,I,J,K,L,M,N,O,P,Q,R,S,T,U,V  ⎞⎛ B ⎞⎛ C ⎞
⎝ b,c,d,e,f,g,h,i,j,k,l,m,n,o,p,q,r,s,t,u,v ⎠⎝ ∅ ⎠⎝ ∅ ⎠
",ABCDEFGHIJKLMNOPQRSTUV,BCDEFGHIJKLMNOPQRSTUV
N22A.csv,3,KGeoMIP,5.3615875244140625,122.6583731174469,"⎛ A ⎞⎛ B,E,J,K,N,O ⎞⎛ C,D,F,G,H,I,L,M,P,Q,R,S,T,U,V ⎞
⎝ ∅ ⎠⎝ b,e,j,k,n,o ⎠⎝ c,d,f,g,h,i,l,m,p,q,r,s,t,u,v ⎠
",ABCDEFGHIJKLMNOPQRSTUV,BCDEFGHIJKLMNOPQRSTUV
N22A.csv,4,KQNodes,0.0002262592315673828,22.046984910964966,"⎛   A,D,E,F,G,H,I,J,K,L,M,O,P,Q,R,S,T,U,V   ⎞⎛ B ⎞⎛ C ⎞⎛ N ⎞
⎝ b,c,d,e,f,g,h,i,j,k,l,m,n,o,p,q,r,s,t,u,v ⎠⎝ ∅ ⎠⎝ ∅ ⎠⎝ ∅ ⎠
",ABCDEFGHIJKLMNOPQRSTUV,BCDEFGHIJKLMNOPQRSTUV
N22A.csv,4,KGeoMIP,5.509633541107178,126.0883846282959,"⎛ P ⎞⎛ A,B,E,J,K,N,O ⎞⎛ C,D,H,I,L,Q,R,S,V ⎞⎛ F,G,M,T,U ⎞
⎝ p ⎠⎝  b,e,j,k,n,o  ⎠⎝ c,d,h,i,l,q,r,s,v ⎠⎝ f,g,m,t,u ⎠
",ABCDEFGHIJKLMNOPQRSTUV,BCDEFGHIJKLMNOPQRSTUV
N22A.csv,5,KQNodes,0.0003657341003417969,24.283785820007324,"⎛    A,D,E,F,G,H,J,K,L,M,O,P,Q,R,S,T,U,V    ⎞⎛ B ⎞⎛ C ⎞⎛ I ⎞⎛ N ⎞
⎝ b,c,d,e,f,g,h,i,j,k,l,m,n,o,p,q,r,s,t,u,v ⎠⎝ ∅ ⎠⎝ ∅ ⎠⎝ ∅ ⎠⎝ ∅ ⎠
",ABCDEFGHIJKLMNOPQRSTUV,BCDEFGHIJKLMNOPQRSTUV
N22A.csv,5,KGeoMIP,5.508886337280273,125.5023124217987,"⎛ P ⎞⎛ B,E,J,K,N,O ⎞⎛ A ⎞⎛ C,D,H,I,L,Q,R,S,V ⎞⎛ F,G,M,T,U ⎞
⎝ p ⎠⎝ b,e,j,k,n,o ⎠⎝ ∅ ⎠⎝ c,d,h,i,l,q,r,s,v ⎠⎝ f,g,m,t,u ⎠
",ABCDEFGHIJKLMNOPQRSTUV,BCDEFGHIJKLMNOPQRSTUV
N22A.csv,2,KQNodes,3.7670135498046875e-05,18.725223302841187,"⎛ A,B,D,E,F,G,H,I,J,K,L,M,N,O,P,Q,R,S,T,U,V ⎞⎛ C ⎞
⎝  b,c,d,e,f,g,h,i,j,k,l,m,n,o,p,q,r,s,t,u  ⎠⎝ ∅ ⎠
",ABCDEFGHIJKLMNOPQRSTUV,BCDEFGHIJKLMNOPQRSTU
N22A.csv,2,KGeoMIP,3.7670135498046875e-05,68.00287437438965,"⎛ A,B,D,E,F,G,H,I,J,K,L,M,N,O,P,Q,R,S,T,U,V ⎞⎛ C ⎞
⎝  b,c,d,e,f,g,h,i,j,k,l,m,n,o,p,q,r,s,t,u  ⎠⎝ ∅ ⎠
",ABCDEFGHIJKLMNOPQRSTUV,BCDEFGHIJKLMNOPQRSTU
N22A.csv,3,KQNodes,0.00016045570373535156,16.630373239517212,"⎛ A,B,D,E,F,G,H,I,J,K,L,M,O,P,Q,R,S,T,U,V ⎞⎛ C ⎞⎛ N ⎞
⎝ b,c,d,e,f,g,h,i,j,k,l,m,n,o,p,q,r,s,t,u ⎠⎝ ∅ ⎠⎝ ∅ ⎠
",ABCDEFGHIJKLMNOPQRSTUV,BCDEFGHIJKLMNOPQRSTU
N22A.csv,3,KGeoMIP,3.6250038146972656,58.55838418006897,"⎛ V ⎞⎛ A,B,C,D,E,F,H,I,J,K,L,M,N,O,P,Q,R,S,T,U ⎞⎛ G ⎞
⎝ ∅ ⎠⎝  b,c,d,e,f,h,i,j,k,l,m,n,o,p,q,r,s,t,u  ⎠⎝ g ⎠
",ABCDEFGHIJKLMNOPQRSTUV,BCDEFGHIJKLMNOPQRSTU
N22A.csv,4,KQNodes,0.0003070831298828125,16.509268283843994,"⎛  A,B,D,F,G,H,I,J,K,L,M,O,P,Q,R,S,T,U,V  ⎞⎛ C ⎞⎛ E ⎞⎛ N ⎞
⎝ b,c,d,e,f,g,h,i,j,k,l,m,n,o,p,q,r,s,t,u ⎠⎝ ∅ ⎠⎝ ∅ ⎠⎝ ∅ ⎠
",ABCDEFGHIJKLMNOPQRSTUV,BCDEFGHIJKLMNOPQRSTU
N22A.csv,4,KGeoMIP,4.562633037567139,58.01561212539673,"⎛ R ⎞⎛ A,B,C,D,E,F,H,I,J,K,L,M,N,O,P,Q,S,U,V ⎞⎛ T ⎞⎛ G ⎞
⎝ r ⎠⎝   b,c,d,e,f,h,i,j,k,l,m,n,o,p,q,s,u   ⎠⎝ t ⎠⎝ g ⎠
",ABCDEFGHIJKLMNOPQRSTUV,BCDEFGHIJKLMNOPQRSTU
N22A.csv,5,KQNodes,0.00046825408935546875,17.011244535446167,"⎛   A,B,D,F,G,H,I,J,K,L,M,O,Q,R,S,T,U,V   ⎞⎛ C ⎞⎛ E ⎞⎛ N ⎞⎛ P ⎞
⎝ b,c,d,e,f,g,h,i,j,k,l,m,n,o,p,q,r,s,t,u ⎠⎝ ∅ ⎠⎝ ∅ ⎠⎝ ∅ ⎠⎝ ∅ ⎠
",ABCDEFGHIJKLMNOPQRSTUV,BCDEFGHIJKLMNOPQRSTU
N22A.csv,5,KGeoMIP,4.942141056060791,58.438921213150024,"⎛ O ⎞⎛ A,C,D,E,I,J,K,L,N,P,Q,R,S,V ⎞⎛ B,F,H,M,U ⎞⎛ T ⎞⎛ G ⎞
⎝ o ⎠⎝   c,d,e,i,j,k,l,n,p,q,r,s   ⎠⎝ b,f,h,m,u ⎠⎝ t ⎠⎝ g ⎠
",ABCDEFGHIJKLMNOPQRSTUV,BCDEFGHIJKLMNOPQRSTU
N22A.csv,2,KQNodes,0.00018334388732910156,7.0235373973846436,"⎛ A,B,C,D,E,F,G,H,I,J,K,L,N,O,P,Q,R,S,T,U,V ⎞⎛ M ⎞
⎝       a,b,d,e,g,h,j,k,m,n,p,q,s,t,v       ⎠⎝ ∅ ⎠
",ABCDEFGHIJKLMNOPQRSTUV,ABDEGHJKMNPQSTV
N22A.csv,2,KGeoMIP,0.00018334388732910156,3.0193397998809814,"⎛ A,B,C,D,E,F,G,H,I,J,K,L,N,O,P,Q,R,S,T,U,V ⎞⎛ M ⎞
⎝       a,b,d,e,g,h,j,k,m,n,p,q,s,t,v       ⎠⎝ ∅ ⎠
",ABCDEFGHIJKLMNOPQRSTUV,ABDEGHJKMNPQSTV
N22A.csv,3,KQNodes,0.0004911422729492188,7.1907689571380615,"⎛ A,B,C,D,E,F,G,H,I,J,K,N,O,P,Q,R,S,T,U,V ⎞⎛ L ⎞⎛ M ⎞
⎝      a,b,d,e,g,h,j,k,m,n,p,q,s,t,v      ⎠⎝ ∅ ⎠⎝ ∅ ⎠
",ABCDEFGHIJKLMNOPQRSTUV,ABDEGHJKMNPQSTV
N22A.csv,3,KGeoMIP,0.6852965354919434,2.921283006668091,"⎛ S ⎞⎛ A,B,C,D,E,F,G,I,J,K,L,M,N,O,P,Q,T,U,V ⎞⎛ H,R ⎞
⎝ s ⎠⎝       a,b,d,e,g,j,k,m,n,p,q,t,v       ⎠⎝  h  ⎠
",ABCDEFGHIJKLMNOPQRSTUV,ABDEGHJKMNPQSTV
N22A.csv,4,KQNodes,0.00832676887512207,7.270515441894531,"⎛ A,B,C,D,E,F,H,I,J,K,N,O,P,Q,R,S,T,U,V ⎞⎛ G ⎞⎛ L ⎞⎛ M ⎞
⎝     a,b,d,e,g,h,j,k,m,n,p,q,s,t,v     ⎠⎝ ∅ ⎠⎝ ∅ ⎠⎝ ∅ ⎠
",ABCDEFGHIJKLMNOPQRSTUV,ABDEGHJKMNPQSTV
N22A.csv,4,KGeoMIP,0.6851727962493896,2.8420586585998535,"⎛ S ⎞⎛ A,B,C,D,E,F,G,I,J,K,L,M,N,O,P,Q,T,U,V ⎞⎛ H ⎞⎛ R ⎞
⎝ s ⎠⎝       a,b,d,e,g,j,k,m,n,p,q,t,v       ⎠⎝ h ⎠⎝ ∅ ⎠
",ABCDEFGHIJKLMNOPQRSTUV,ABDEGHJKMNPQSTV
N22A.csv,5,KQNodes,0.024081945419311523,7.0994789600372314,"⎛ A,B,C,D,E,F,H,I,J,K,N,O,P,R,S,T,U,V ⎞⎛ G ⎞⎛ L ⎞⎛ M ⎞⎛ Q ⎞
⎝    a,b,d,e,g,h,j,k,m,n,p,q,s,t,v    ⎠⎝ ∅ ⎠⎝ ∅ ⎠⎝ ∅ ⎠⎝ ∅ ⎠
",ABCDEFGHIJKLMNOPQRSTUV,ABDEGHJKMNPQSTV
N22A.csv,5,KGeoMIP,0.7515251636505127,2.84870982170105,"⎛ M ⎞⎛ K ⎞⎛ A,B,C,D,E,F,G,I,J,L,N,O,P,Q,S,T,U,V ⎞⎛ H ⎞⎛ R ⎞
⎝ m ⎠⎝ k ⎠⎝       a,b,d,e,g,j,n,p,q,s,t,v       ⎠⎝ h ⎠⎝ ∅ ⎠
",ABCDEFGHIJKLMNOPQRSTUV,ABDEGHJKMNPQSTV
N22A.csv,2,KQNodes,0.0006349086761474609,7.203991651535034,"⎛ A,B,C,D,F,G,H,I,J,K,L,M,N,O,P,Q,R,S,T,U,V ⎞⎛ E ⎞
⎝           a,c,e,g,i,k,m,o,q,s,u           ⎠⎝ ∅ ⎠
",ABCDEFGHIJKLMNOPQRSTUV,ACEGIKMOQSU
N22A.csv,2,KGeoMIP,0.0006349086761474609,3.677161931991577,"⎛ A,B,C,D,F,G,H,I,J,K,L,M,N,O,P,Q,R,S,T,U,V ⎞⎛ E ⎞
⎝           a,c,e,g,i,k,m,o,q,s,u           ⎠⎝ ∅ ⎠
",ABCDEFGHIJKLMNOPQRSTUV,ACEGIKMOQSU
N22A.csv,3,KQNodes,0.0012748241424560547,7.155060291290283,"⎛ A,B,C,D,G,H,I,J,K,L,M,N,O,P,Q,R,S,T,U,V ⎞⎛ E ⎞⎛ F ⎞
⎝          a,c,e,g,i,k,m,o,q,s,u          ⎠⎝ ∅ ⎠⎝ ∅ ⎠
",ABCDEFGHIJKLMNOPQRSTUV,ACEGIKMOQSU
N22A.csv,3,KGeoMIP,0.1789703369140625,3.670470714569092,"⎛ Q ⎞⎛ A,B,C,E,F,G,H,J,K,L,P,R,T,U ⎞⎛ D,I,M,N,O,S,V ⎞
⎝ q ⎠⎝         a,c,e,g,k,u         ⎠⎝    i,m,o,s    ⎠
",ABCDEFGHIJKLMNOPQRSTUV,ACEGIKMOQSU
N22A.csv,4,KQNodes,0.002412557601928711,7.192847967147827,"⎛ A,B,C,D,G,H,I,J,K,L,M,N,O,Q,R,S,T,U,V ⎞⎛ E ⎞⎛ F ⎞⎛ P ⎞
⎝         a,c,e,g,i,k,m,o,q,s,u         ⎠⎝ ∅ ⎠⎝ ∅ ⎠⎝ ∅ ⎠
",ABCDEFGHIJKLMNOPQRSTUV,ACEGIKMOQSU
N22A.csv,4,KGeoMIP,0.18160057067871094,3.6752240657806396,"⎛ Q ⎞⎛ A,C,E,F,G,H,L,P,R,U ⎞⎛ B,J,K,T ⎞⎛ D,I,M,N,O,S,V ⎞
⎝ q ⎠⎝      a,c,e,g,u      ⎠⎝    k    ⎠⎝    i,m,o,s    ⎠
",ABCDEFGHIJKLMNOPQRSTUV,ACEGIKMOQSU
N22A.csv,5,KQNodes,0.0036134719848632812,7.1672139167785645,"⎛ A,B,C,D,G,H,I,J,K,L,M,N,O,Q,R,S,U,V ⎞⎛ E ⎞⎛ F ⎞⎛ P ⎞⎛ T ⎞
⎝        a,c,e,g,i,k,m,o,q,s,u        ⎠⎝ ∅ ⎠⎝ ∅ ⎠⎝ ∅ ⎠⎝ ∅ ⎠
",ABCDEFGHIJKLMNOPQRSTUV,ACEGIKMOQSU
N22A.csv,5,KGeoMIP,0.18189430236816406,3.7156996726989746,"⎛ Q ⎞⎛ A,C,E,F,G,H,L,P,R,U ⎞⎛ B,J,K,T ⎞⎛ M,O ⎞⎛ D,I,N,S,V ⎞
⎝ q ⎠⎝      a,c,e,g,u      ⎠⎝    k    ⎠⎝ m,o ⎠⎝    i,s    ⎠
",ABCDEFGHIJKLMNOPQRSTUV,ACEGIKMOQSU
N22A.csv,2,KQNodes,0.00030493736267089844,7.445704221725464,"⎛ A,B,C,D,E,F,G,H,I,J,K,L,N,O,P,Q,R,S,T,U,V ⎞⎛ M ⎞
⎝           b,d,f,h,j,l,n,p,r,t,v           ⎠⎝ ∅ ⎠
",ABCDEFGHIJKLMNOPQRSTUV,BDFHJLNPRTV
N22A.csv,2,KGeoMIP,0.00030493736267089844,3.875483274459839,"⎛ A,B,C,D,E,F,G,H,I,J,K,L,N,O,P,Q,R,S,T,U,V ⎞⎛ M ⎞
⎝           b,d,f,h,j,l,n,p,r,t,v           ⎠⎝ ∅ ⎠
",ABCDEFGHIJKLMNOPQRSTUV,BDFHJLNPRTV
N22A.csv,3,KQNodes,0.0008895397186279297,7.548980951309204,"⎛ A,B,C,E,F,G,H,I,J,K,L,N,O,P,Q,R,S,T,U,V ⎞⎛ D ⎞⎛ M ⎞
⎝          b,d,f,h,j,l,n,p,r,t,v          ⎠⎝ ∅ ⎠⎝ ∅ ⎠
",ABCDEFGHIJKLMNOPQRSTUV,BDFHJLNPRTV
N22A.csv,3,KGeoMIP,0.0157928466796875,3.702542304992676,"⎛ M ⎞⎛ B,C,D,E,F,G,H,I,J,K,L,N,O,P,Q,R,S,T,U,V ⎞⎛ A ⎞
⎝ ∅ ⎠⎝          b,d,f,h,j,l,n,p,r,t,v          ⎠⎝ ∅ ⎠
",ABCDEFGHIJKLMNOPQRSTUV,BDFHJLNPRTV
N22A.csv,4,KQNodes,0.0016846656799316406,7.297160863876343,"⎛ A,B,C,E,F,G,H,I,J,L,N,O,P,Q,R,S,T,U,V ⎞⎛ D ⎞⎛ K ⎞⎛ M ⎞
⎝         b,d,f,h,j,l,n,p,r,t,v         ⎠⎝ ∅ ⎠⎝ ∅ ⎠⎝ ∅ ⎠
",ABCDEFGHIJKLMNOPQRSTUV,BDFHJLNPRTV
N22A.csv,4,KGeoMIP,0.13652300834655762,3.701455593109131,"⎛ F ⎞⎛ J,M,P,T ⎞⎛ B,C,D,E,G,H,I,K,L,N,O,Q,R,S,U,V ⎞⎛ A ⎞
⎝ f ⎠⎝  j,p,t  ⎠⎝          b,d,h,l,n,r,v          ⎠⎝ ∅ ⎠
",ABCDEFGHIJKLMNOPQRSTUV,BDFHJLNPRTV
N22A.csv,5,KQNodes,0.003968954086303711,7.270303249359131,"⎛ A,B,C,E,F,G,I,J,L,N,O,P,Q,R,S,T,U,V ⎞⎛ D ⎞⎛ H ⎞⎛ K ⎞⎛ M ⎞
⎝        b,d,f,h,j,l,n,p,r,t,v        ⎠⎝ ∅ ⎠⎝ ∅ ⎠⎝ ∅ ⎠⎝ ∅ ⎠
",ABCDEFGHIJKLMNOPQRSTUV,BDFHJLNPRTV
N22A.csv,5,KGeoMIP,0.15576791763305664,3.7056524753570557,"⎛ U ⎞⎛ F,J,M,P,T ⎞⎛ B,C,D,E,H,I,K,L,N,O,Q,S,V ⎞⎛ G,R ⎞⎛ A ⎞
⎝ ∅ ⎠⎝  f,j,p,t  ⎠⎝        b,d,h,l,n,v        ⎠⎝  r  ⎠⎝ ∅ ⎠
",ABCDEFGHIJKLMNOPQRSTUV,BDFHJLNPRTV
N22A.csv,2,KQNodes,0.49979329109191895,66.31997680664062,"⎛   A,B,C,D,E,F,G,H,I,J,K,L,M,N,P,Q,R,S,T,U   ⎞⎛ O ⎞
⎝ a,b,c,d,e,f,g,h,i,j,k,l,m,n,o,p,q,r,s,t,u,v ⎠⎝ ∅ ⎠
",ABCDEFGHIJKLMNOPQRSTU,ABCDEFGHIJKLMNOPQRSTUV
N22A.csv,2,KGeoMIP,0.4996371269226074,293.0539536476135,"⎛   A,B,C,D,E,F,G,H,I,J,K,L,M,N,O,P,Q,R,T,U   ⎞⎛ S ⎞
⎝ a,b,c,d,e,f,g,h,i,j,k,l,m,n,o,p,q,r,s,t,u,v ⎠⎝ ∅ ⎠
",ABCDEFGHIJKLMNOPQRSTU,ABCDEFGHIJKLMNOPQRSTUV
N22A.csv,3,KQNodes,0.9996538162231445,65.5417788028717,"⎛    A,B,C,D,E,F,G,H,J,K,L,M,N,P,Q,R,S,T,U    ⎞⎛ I ⎞⎛ O ⎞
⎝ a,b,c,d,e,f,g,h,i,j,k,l,m,n,o,p,q,r,s,t,u,v ⎠⎝ ∅ ⎠⎝ ∅ ⎠
",ABCDEFGHIJKLMNOPQRSTU,ABCDEFGHIJKLMNOPQRSTUV
N22A.csv,3,KGeoMIP,10.477574348449707,267.0066080093384,"⎛  A  ⎞⎛ E,H,I,K,L,N,O,R,S ⎞⎛ B,C,D,F,G,J,M,P,Q,T,U ⎞
⎝ a,v ⎠⎝ e,h,i,k,l,n,o,r,s ⎠⎝ b,c,d,f,g,j,m,p,q,t,u ⎠
",ABCDEFGHIJKLMNOPQRSTU,ABCDEFGHIJKLMNOPQRSTUV
N22A.csv,4,KQNodes,1.4997766017913818,65.88277864456177,"⎛     A,B,C,D,E,F,G,H,J,K,L,M,P,Q,R,S,T,U     ⎞⎛ I ⎞⎛ N ⎞⎛ O ⎞
⎝ a,b,c,d,e,f,g,h,i,j,k,l,m,n,o,p,q,r,s,t,u,v ⎠⎝ ∅ ⎠⎝ ∅ ⎠⎝ ∅ ⎠
",ABCDEFGHIJKLMNOPQRSTU,ABCDEFGHIJKLMNOPQRSTUV
N22A.csv,4,KGeoMIP,10.4824800491333,263.01031494140625,"⎛ B ⎞⎛  A,E,H,I,K,L,R,S  ⎞⎛ N,O ⎞⎛ C,D,F,G,J,M,P,Q,T,U ⎞
⎝ b ⎠⎝ a,e,h,i,k,l,r,s,v ⎠⎝ n,o ⎠⎝ c,d,f,g,j,m,p,q,t,u ⎠
",ABCDEFGHIJKLMNOPQRSTU,ABCDEFGHIJKLMNOPQRSTUV
N22A.csv,5,KQNodes,1.9999067783355713,66.2676477432251,"⎛      A,B,C,D,E,F,G,H,J,K,L,M,P,R,S,T,U      ⎞⎛ I ⎞⎛ N ⎞⎛ O ⎞⎛ Q ⎞
⎝ a,b,c,d,e,f,g,h,i,j,k,l,m,n,o,p,q,r,s,t,u,v ⎠⎝ ∅ ⎠⎝ ∅ ⎠⎝ ∅ ⎠⎝ ∅ ⎠
",ABCDEFGHIJKLMNOPQRSTU,ABCDEFGHIJKLMNOPQRSTUV
N22A.csv,5,KGeoMIP,10.505230903625488,262.02904057502747,"⎛ J ⎞⎛  A,E,H,I,K,L,R,S  ⎞⎛ N,O ⎞⎛ P,U ⎞⎛ B,C,D,F,G,M,Q,T ⎞
⎝ j ⎠⎝ a,e,h,i,k,l,r,s,v ⎠⎝ n,o ⎠⎝ p,u ⎠⎝ b,c,d,f,g,m,q,t ⎠
",ABCDEFGHIJKLMNOPQRSTU,ABCDEFGHIJKLMNOPQRSTUV
N22A.csv,2,KQNodes,3.7670135498046875e-05,19.378879070281982,"⎛  A,B,D,E,F,G,H,I,J,K,L,M,N,O,P,Q,R,S,T,U  ⎞⎛ C ⎞
⎝ a,b,c,d,e,f,g,h,i,j,k,l,m,n,o,p,q,r,s,t,u ⎠⎝ ∅ ⎠
",ABCDEFGHIJKLMNOPQRSTU,ABCDEFGHIJKLMNOPQRSTU
N22A.csv,2,KGeoMIP,3.7670135498046875e-05,134.7967472076416,"⎛  A,B,D,E,F,G,H,I,J,K,L,M,N,O,P,Q,R,S,T,U  ⎞⎛ C ⎞
⎝ a,b,c,d,e,f,g,h,i,j,k,l,m,n,o,p,q,r,s,t,u ⎠⎝ ∅ ⎠
",ABCDEFGHIJKLMNOPQRSTU,ABCDEFGHIJKLMNOPQRSTU
N22A.csv,3,KQNodes,0.00010347366333007812,19.400440454483032,"⎛   A,D,E,F,G,H,I,J,K,L,M,N,O,P,Q,R,S,T,U   ⎞⎛ B ⎞⎛ C ⎞
⎝ a,b,c,d,e,f,g,h,i,j,k,l,m,n,o,p,q,r,s,t,u ⎠⎝ ∅ ⎠⎝ ∅ ⎠
",ABCDEFGHIJKLMNOPQRSTU,ABCDEFGHIJKLMNOPQRSTU
N22A.csv,3,KGeoMIP,5.874040603637695,121.58678960800171,"⎛ B ⎞⎛ A,C,D,E,F,H,I,K,L,M,N,O,P,Q,R,S,U ⎞⎛ G,J,T ⎞
⎝ b ⎠⎝ a,c,d,e,f,h,i,k,l,m,n,o,p,q,r,s,u ⎠⎝ g,j,t ⎠
",ABCDEFGHIJKLMNOPQRSTU,ABCDEFGHIJKLMNOPQRSTU
N22A.csv,4,KQNodes,0.0002262592315673828,19.323139667510986,"⎛    A,D,E,F,G,H,I,J,K,L,M,O,P,Q,R,S,T,U    ⎞⎛ B ⎞⎛ C ⎞⎛ N ⎞
⎝ a,b,c,d,e,f,g,h,i,j,k,l,m,n,o,p,q,r,s,t,u ⎠⎝ ∅ ⎠⎝ ∅ ⎠⎝ ∅ ⎠
",ABCDEFGHIJKLMNOPQRSTU,ABCDEFGHIJKLMNOPQRSTU
N22A.csv,4,KGeoMIP,6.005228042602539,126.38749504089355,"⎛ Q ⎞⎛ B,E,F,I,K,L,N,O ⎞⎛ A,C,D,H,M,P,R,S,U ⎞⎛ G,J,T ⎞
⎝ q ⎠⎝ b,e,f,i,k,l,n,o ⎠⎝ a,c,d,h,m,p,r,s,u ⎠⎝ g,j,t ⎠
",ABCDEFGHIJKLMNOPQRSTU,ABCDEFGHIJKLMNOPQRSTU
N22A.csv,5,KQNodes,0.00035643577575683594,19.33025813102722,"⎛     A,D,E,F,G,H,I,J,K,L,M,O,P,R,S,T,U     ⎞⎛ B ⎞⎛ C ⎞⎛ N ⎞⎛ Q ⎞
⎝ a,b,c,d,e,f,g,h,i,j,k,l,m,n,o,p,q,r,s,t,u ⎠⎝ ∅ ⎠⎝ ∅ ⎠⎝ ∅ ⎠⎝ ∅ ⎠
",ABCDEFGHIJKLMNOPQRSTU,ABCDEFGHIJKLMNOPQRSTU
N22A.csv,5,KGeoMIP,5.999619960784912,123.74259972572327,"⎛ F ⎞⎛ B,I,L,N,O,Q ⎞⎛ E,K ⎞⎛ A,C,D,H,M,P,R,S,U ⎞⎛ G,J,T ⎞
⎝ f ⎠⎝ b,i,l,n,o,q ⎠⎝ e,k ⎠⎝ a,c,d,h,m,p,r,s,u ⎠⎝ g,j,t ⎠
",ABCDEFGHIJKLMNOPQRSTU,ABCDEFGHIJKLMNOPQRSTU
N22A.csv,2,KQNodes,3.7670135498046875e-05,20.79346203804016,"⎛  A,B,D,E,F,G,H,I,J,K,L,M,N,O,P,Q,R,S,T,U  ⎞⎛ C ⎞
⎝ b,c,d,e,f,g,h,i,j,k,l,m,n,o,p,q,r,s,t,u,v ⎠⎝ ∅ ⎠
",ABCDEFGHIJKLMNOPQRSTU,BCDEFGHIJKLMNOPQRSTUV
N22A.csv,2,KGeoMIP,3.7670135498046875e-05,134.4513123035431,"⎛  A,B,D,E,F,G,H,I,J,K,L,M,N,O,P,Q,R,S,T,U  ⎞⎛ C ⎞
⎝ b,c,d,e,f,g,h,i,j,k,l,m,n,o,p,q,r,s,t,u,v ⎠⎝ ∅ ⎠
",ABCDEFGHIJKLMNOPQRSTU,BCDEFGHIJKLMNOPQRSTUV
N22A.csv,3,KQNodes,0.00010347366333007812,20.8677396774292,"⎛   A,D,E,F,G,H,I,J,K,L,M,N,O,P,Q,R,S,T,U   ⎞⎛ B ⎞⎛ C ⎞
⎝ b,c,d,e,f,g,h,i,j,k,l,m,n,o,p,q,r,s,t,u,v ⎠⎝ ∅ ⎠⎝ ∅ ⎠
",ABCDEFGHIJKLMNOPQRSTU,BCDEFGHIJKLMNOPQRSTUV
N22A.csv,3,KGeoMIP,4.8978729248046875,121.62209677696228,"⎛ A ⎞⎛  B,E,J,K,N,O  ⎞⎛ C,D,F,G,H,I,L,M,P,Q,R,S,T,U ⎞
⎝ ∅ ⎠⎝ b,e,j,k,n,o,v ⎠⎝ c,d,f,g,h,i,l,m,p,q,r,s,t,u ⎠
",ABCDEFGHIJKLMNOPQRSTU,BCDEFGHIJKLMNOPQRSTUV
N22A.csv,4,KQNodes,0.0002262592315673828,20.97818922996521,"⎛    A,D,E,F,G,H,I,J,K,L,M,O,P,Q,R,S,T,U    ⎞⎛ B ⎞⎛ C ⎞⎛ N ⎞
⎝ b,c,d,e,f,g,h,i,j,k,l,m,n,o,p,q,r,s,t,u,v ⎠⎝ ∅ ⎠⎝ ∅ ⎠⎝ ∅ ⎠
",ABCDEFGHIJKLMNOPQRSTU,BCDEFGHIJKLMNOPQRSTUV
N22A.csv,4,KGeoMIP,5.011769771575928,121.66385793685913,"⎛ P ⎞⎛ A,B,E,J,K,N,O ⎞⎛ C,D,H,I,L,Q,R,S ⎞⎛ F,G,M,T,U ⎞
⎝ p ⎠⎝ b,e,j,k,n,o,v ⎠⎝ c,d,h,i,l,q,r,s ⎠⎝ f,g,m,t,u ⎠
",ABCDEFGHIJKLMNOPQRSTU,BCDEFGHIJKLMNOPQRSTUV
N22A.csv,5,KQNodes,0.0003657341003417969,20.892154216766357,"⎛     A,D,E,F,G,H,J,K,L,M,O,P,Q,R,S,T,U     ⎞⎛ B ⎞⎛ C ⎞⎛ I ⎞⎛ N ⎞
⎝ b,c,d,e,f,g,h,i,j,k,l,m,n,o,p,q,r,s,t,u,v ⎠⎝ ∅ ⎠⎝ ∅ ⎠⎝ ∅ ⎠⎝ ∅ ⎠
",ABCDEFGHIJKLMNOPQRSTU,BCDEFGHIJKLMNOPQRSTUV
N22A.csv,5,KGeoMIP,5.013433456420898,121.47120380401611,"⎛ P ⎞⎛  B,E,J,K,N,O  ⎞⎛ A ⎞⎛ C,D,H,I,L,Q,R,S ⎞⎛ F,G,M,T,U ⎞
⎝ p ⎠⎝ b,e,j,k,n,o,v ⎠⎝ ∅ ⎠⎝ c,d,h,i,l,q,r,s ⎠⎝ f,g,m,t,u ⎠
",ABCDEFGHIJKLMNOPQRSTU,BCDEFGHIJKLMNOPQRSTUV
N22A.csv,2,KQNodes,3.7670135498046875e-05,15.4616219997406,"⎛ A,B,D,E,F,G,H,I,J,K,L,M,N,O,P,Q,R,S,T,U ⎞⎛ C ⎞
⎝ b,c,d,e,f,g,h,i,j,k,l,m,n,o,p,q,r,s,t,u ⎠⎝ ∅ ⎠
",ABCDEFGHIJKLMNOPQRSTU,BCDEFGHIJKLMNOPQRSTU
N22A.csv,2,KGeoMIP,3.7670135498046875e-05,64.81728529930115,"⎛ A,B,D,E,F,G,H,I,J,K,L,M,N,O,P,Q,R,S,T,U ⎞⎛ C ⎞
⎝ b,c,d,e,f,g,h,i,j,k,l,m,n,o,p,q,r,s,t,u ⎠⎝ ∅ ⎠
",ABCDEFGHIJKLMNOPQRSTU,BCDEFGHIJKLMNOPQRSTU
N22A.csv,3,KQNodes,0.00016045570373535156,15.439292669296265,"⎛  A,B,D,E,F,G,H,I,J,K,L,M,O,P,Q,R,S,T,U  ⎞⎛ C ⎞⎛ N ⎞
⎝ b,c,d,e,f,g,h,i,j,k,l,m,n,o,p,q,r,s,t,u ⎠⎝ ∅ ⎠⎝ ∅ ⎠
",ABCDEFGHIJKLMNOPQRSTU,BCDEFGHIJKLMNOPQRSTU
N22A.csv,3,KGeoMIP,3.3752758502960205,59.840338706970215,"⎛ A ⎞⎛ B,C,D,E,F,H,I,J,K,L,M,N,O,P,Q,R,S,T,U ⎞⎛ G ⎞
⎝ ∅ ⎠⎝ b,c,d,e,f,h,i,j,k,l,m,n,o,p,q,r,s,t,u ⎠⎝ g ⎠
",ABCDEFGHIJKLMNOPQRSTU,BCDEFGHIJKLMNOPQRSTU
N22A.csv,4,KQNodes,0.0003070831298828125,16.180437088012695,"⎛   A,B,D,F,G,H,I,J,K,L,M,O,P,Q,R,S,T,U   ⎞⎛ C ⎞⎛ E ⎞⎛ N ⎞
⎝ b,c,d,e,f,g,h,i,j,k,l,m,n,o,p,q,r,s,t,u ⎠⎝ ∅ ⎠⎝ ∅ ⎠⎝ ∅ ⎠
",ABCDEFGHIJKLMNOPQRSTU,BCDEFGHIJKLMNOPQRSTU
N22A.csv,4,KGeoMIP,4.343883037567139,57.2433340549469,"⎛ R ⎞⎛ A,B,C,D,E,F,H,I,J,K,L,M,N,O,P,Q,S,U ⎞⎛ T ⎞⎛ G ⎞
⎝ r ⎠⎝  b,c,d,e,f,h,i,j,k,l,m,n,o,p,q,s,u  ⎠⎝ t ⎠⎝ g ⎠
",ABCDEFGHIJKLMNOPQRSTU,BCDEFGHIJKLMNOPQRSTU
N22A.csv,5,KQNodes,0.00046825408935546875,15.419564008712769,"⎛    A,B,D,F,G,H,I,J,K,L,M,O,Q,R,S,T,U    ⎞⎛ C ⎞⎛ E ⎞⎛ N ⎞⎛ P ⎞
⎝ b,c,d,e,f,g,h,i,j,k,l,m,n,o,p,q,r,s,t,u ⎠⎝ ∅ ⎠⎝ ∅ ⎠⎝ ∅ ⎠⎝ ∅ ⎠
",ABCDEFGHIJKLMNOPQRSTU,BCDEFGHIJKLMNOPQRSTU
N22A.csv,5,KGeoMIP,4.689211368560791,58.0897114276886,"⎛ O ⎞⎛ A,C,D,E,I,J,K,L,N,P,Q,R,S ⎞⎛ B,F,H,M,U ⎞⎛ T ⎞⎛ G ⎞
⎝ o ⎠⎝  c,d,e,i,j,k,l,n,p,q,r,s  ⎠⎝ b,f,h,m,u ⎠⎝ t ⎠⎝ g ⎠
",ABCDEFGHIJKLMNOPQRSTU,BCDEFGHIJKLMNOPQRSTU
N22A.csv,2,KQNodes,0.00018334388732910156,6.3933796882629395,"⎛ A,B,C,D,E,F,G,H,I,J,K,L,N,O,P,Q,R,S,T,U ⎞⎛ M ⎞
⎝      a,b,d,e,g,h,j,k,m,n,p,q,s,t,v      ⎠⎝ ∅ ⎠
",ABCDEFGHIJKLMNOPQRSTU,ABDEGHJKMNPQSTV
N22A.csv,2,KGeoMIP,0.00018334388732910156,2.991231918334961,"⎛ A,B,C,D,E,F,G,H,I,J,K,L,N,O,P,Q,R,S,T,U ⎞⎛ M ⎞
⎝      a,b,d,e,g,h,j,k,m,n,p,q,s,t,v      ⎠⎝ ∅ ⎠
",ABCDEFGHIJKLMNOPQRSTU,ABDEGHJKMNPQSTV
N22A.csv,3,KQNodes,0.0004911422729492188,6.399999380111694,"⎛ A,B,C,D,E,F,G,H,I,J,K,N,O,P,Q,R,S,T,U ⎞⎛ L ⎞⎛ M ⎞
⎝     a,b,d,e,g,h,j,k,m,n,p,q,s,t,v     ⎠⎝ ∅ ⎠⎝ ∅ ⎠
",ABCDEFGHIJKLMNOPQRSTU,ABDEGHJKMNPQSTV
N22A.csv,3,KGeoMIP,0.6677184104919434,2.7424542903900146,"⎛ S ⎞⎛ A,B,C,D,E,F,G,I,J,K,L,M,N,O,P,Q,T,U ⎞⎛ H,R ⎞
⎝ s ⎠⎝      a,b,d,e,g,j,k,m,n,p,q,t,v      ⎠⎝  h  ⎠
",ABCDEFGHIJKLMNOPQRSTU,ABDEGHJKMNPQSTV
N22A.csv,4,KQNodes,0.00832676887512207,6.44683837890625,"⎛ A,B,C,D,E,F,H,I,J,K,N,O,P,Q,R,S,T,U ⎞⎛ G ⎞⎛ L ⎞⎛ M ⎞
⎝    a,b,d,e,g,h,j,k,m,n,p,q,s,t,v    ⎠⎝ ∅ ⎠⎝ ∅ ⎠⎝ ∅ ⎠
",ABCDEFGHIJKLMNOPQRSTU,ABDEGHJKMNPQSTV
N22A.csv,4,KGeoMIP,0.6675946712493896,2.7513463497161865,"⎛ S ⎞⎛ A,B,C,D,E,F,G,I,J,K,L,M,N,O,P,Q,T,U ⎞⎛ H ⎞⎛ R ⎞
⎝ s ⎠⎝      a,b,d,e,g,j,k,m,n,p,q,t,v      ⎠⎝ h ⎠⎝ ∅ ⎠
",ABCDEFGHIJKLMNOPQRSTU,ABDEGHJKMNPQSTV
N22A.csv,5,KQNodes,0.024081945419311523,6.3853325843811035,"⎛ A,B,C,D,E,F,H,I,J,K,N,O,P,R,S,T,U ⎞⎛ G ⎞⎛ L ⎞⎛ M ⎞⎛ Q ⎞
⎝   a,b,d,e,g,h,j,k,m,n,p,q,s,t,v   ⎠⎝ ∅ ⎠⎝ ∅ ⎠⎝ ∅ ⎠⎝ ∅ ⎠
",ABCDEFGHIJKLMNOPQRSTU,ABDEGHJKMNPQSTV
N22A.csv,5,KGeoMIP,0.7324011325836182,2.7425835132598877,"⎛ M ⎞⎛  K  ⎞⎛ A,B,C,D,E,F,G,I,J,L,N,O,P,Q,S,T,U ⎞⎛ H ⎞⎛ R ⎞
⎝ m ⎠⎝ k,v ⎠⎝       a,b,d,e,g,j,n,p,q,s,t       ⎠⎝ h ⎠⎝ ∅ ⎠
",ABCDEFGHIJKLMNOPQRSTU,ABDEGHJKMNPQSTV
N22A.csv,2,KQNodes,0.1079416275024414,6.510892152786255,"⎛ A,C,F,G,H,I,K,N,Q,R,S ⎞⎛ B,D,E,J,L,M,O,P,T,U ⎞
⎝   a,c,e,i,m,o,q,s,u   ⎠⎝         g,k         ⎠
",ABCDEFGHIJKLMNOPQRSTU,ACEGIKMOQSU
N22A.csv,2,KGeoMIP,0.0006349086761474609,3.519681453704834,"⎛ A,B,C,D,F,G,H,I,J,K,L,M,N,O,P,Q,R,S,T,U ⎞⎛ E ⎞
⎝          a,c,e,g,i,k,m,o,q,s,u          ⎠⎝ ∅ ⎠
",ABCDEFGHIJKLMNOPQRSTU,ACEGIKMOQSU
N22A.csv,3,KQNodes,0.10737371444702148,6.558912754058838,"⎛ A,C,F,G,H,I,K,N,Q,R,S ⎞⎛ D,M,P,U ⎞⎛ B,E,J,L,O,T ⎞
⎝   a,c,e,i,m,o,q,s,u   ⎠⎝    g    ⎠⎝      k      ⎠
",ABCDEFGHIJKLMNOPQRSTU,ACEGIKMOQSU
N22A.csv,3,KGeoMIP,0.15202713012695312,3.515794277191162,"⎛ Q ⎞⎛ A,B,C,E,F,G,H,J,K,L,P,R,T,U ⎞⎛ D,I,M,N,O,S ⎞
⎝ q ⎠⎝         a,c,e,g,k,u         ⎠⎝   i,m,o,s   ⎠
",ABCDEFGHIJKLMNOPQRSTU,ACEGIKMOQSU
N22A.csv,4,KQNodes,0.10725903511047363,6.562522888183594,"⎛ A,C,F,G,H,I,K,N,Q,R,S ⎞⎛ D,M,P,U ⎞⎛ B,E,L,O,T ⎞⎛ J ⎞
⎝   a,c,e,i,m,o,q,s,u   ⎠⎝    g    ⎠⎝     k     ⎠⎝ ∅ ⎠
",ABCDEFGHIJKLMNOPQRSTU,ACEGIKMOQSU
N22A.csv,4,KGeoMIP,0.15465736389160156,3.502650022506714,"⎛ Q ⎞⎛ A,C,E,F,G,H,L,P,R,U ⎞⎛ B,J,K,T ⎞⎛ D,I,M,N,O,S ⎞
⎝ q ⎠⎝      a,c,e,g,u      ⎠⎝    k    ⎠⎝   i,m,o,s   ⎠
",ABCDEFGHIJKLMNOPQRSTU,ACEGIKMOQSU
N22A.csv,5,KQNodes,0.10729742050170898,6.54546046257019,"⎛ A,C,F,G,H,I,K,N,Q,R,S ⎞⎛ D,M,P,U ⎞⎛ B,L,O,T ⎞⎛ E ⎞⎛ J ⎞
⎝   a,c,e,i,m,o,q,s,u   ⎠⎝    g    ⎠⎝    k    ⎠⎝ ∅ ⎠⎝ ∅ ⎠
",ABCDEFGHIJKLMNOPQRSTU,ACEGIKMOQSU
N22A.csv,5,KGeoMIP,0.15381813049316406,3.512894630432129,"⎛ Q ⎞⎛ A,C,E,F,G,H,L,P,R,U ⎞⎛ B,J,K,T ⎞⎛ M,O ⎞⎛ D,I,N,S ⎞
⎝ q ⎠⎝      a,c,e,g,u      ⎠⎝    k    ⎠⎝ m,o ⎠⎝   i,s   ⎠
",ABCDEFGHIJKLMNOPQRSTU,ACEGIKMOQSU
N22A.csv,2,KQNodes,0.00030493736267089844,6.717031002044678,"⎛ A,B,C,D,E,F,G,H,I,J,K,L,N,O,P,Q,R,S,T,U ⎞⎛ M ⎞
⎝          b,d,f,h,j,l,n,p,r,t,v          ⎠⎝ ∅ ⎠
",ABCDEFGHIJKLMNOPQRSTU,BDFHJLNPRTV
N22A.csv,2,KGeoMIP,0.00030493736267089844,3.550816297531128,"⎛ A,B,C,D,E,F,G,H,I,J,K,L,N,O,P,Q,R,S,T,U ⎞⎛ M ⎞
⎝          b,d,f,h,j,l,n,p,r,t,v          ⎠⎝ ∅ ⎠
",ABCDEFGHIJKLMNOPQRSTU,BDFHJLNPRTV
N22A.csv,3,KQNodes,0.0008895397186279297,6.620049953460693,"⎛ A,B,C,E,F,G,H,I,J,K,L,N,O,P,Q,R,S,T,U ⎞⎛ D ⎞⎛ M ⎞
⎝         b,d,f,h,j,l,n,p,r,t,v         ⎠⎝ ∅ ⎠⎝ ∅ ⎠
",ABCDEFGHIJKLMNOPQRSTU,BDFHJLNPRTV
N22A.csv,3,KGeoMIP,0.01731562614440918,3.547553062438965,"⎛ S ⎞⎛ B,C,D,E,F,G,H,I,J,K,L,M,N,O,P,Q,R,T,U ⎞⎛ A ⎞
⎝ ∅ ⎠⎝         b,d,f,h,j,l,n,p,r,t,v         ⎠⎝ ∅ ⎠
",ABCDEFGHIJKLMNOPQRSTU,BDFHJLNPRTV
N22A.csv,4,KQNodes,0.0016846656799316406,6.647199630737305,"⎛ A,B,C,E,F,G,H,I,J,L,N,O,P,Q,R,S,T,U ⎞⎛ D ⎞⎛ K ⎞⎛ M ⎞
⎝        b,d,f,h,j,l,n,p,r,t,v        ⎠⎝ ∅ ⎠⎝ ∅ ⎠⎝ ∅ ⎠
",ABCDEFGHIJKLMNOPQRSTU,BDFHJLNPRTV
N22A.csv,4,KGeoMIP,0.13517355918884277,3.592433452606201,"⎛ M ⎞⎛ B,C,D,E,F,H,I,J,K,L,N,O,P,Q,S,T,U ⎞⎛ G,R ⎞⎛ A ⎞
⎝ v ⎠⎝         b,d,f,h,j,l,n,p,t         ⎠⎝  r  ⎠⎝ ∅ ⎠
",ABCDEFGHIJKLMNOPQRSTU,BDFHJLNPRTV
N22A.csv,5,KQNodes,0.003968954086303711,6.646123886108398,"⎛ A,B,C,E,F,G,I,J,L,N,O,P,Q,R,S,T,U ⎞⎛ D ⎞⎛ H ⎞⎛ K ⎞⎛ M ⎞
⎝       b,d,f,h,j,l,n,p,r,t,v       ⎠⎝ ∅ ⎠⎝ ∅ ⎠⎝ ∅ ⎠⎝ ∅ ⎠
",ABCDEFGHIJKLMNOPQRSTU,BDFHJLNPRTV
N22A.csv,5,KGeoMIP,0.1553668975830078,3.510154962539673,"⎛ F,J,M,P,T ⎞⎛ B,C,D,E,H,I,K,L,N,O,Q,S,U ⎞⎛ R ⎞⎛ G ⎞⎛ A ⎞
⎝  f,j,p,t  ⎠⎝        b,d,h,l,n,v        ⎠⎝ r ⎠⎝ ∅ ⎠⎝ ∅ ⎠
",ABCDEFGHIJKLMNOPQRSTU,BDFHJLNPRTV
N22A.csv,2,KQNodes,0.49979329109191895,68.03525519371033,"⎛   B,C,D,E,F,G,H,I,J,K,L,M,N,P,Q,R,S,T,U,V   ⎞⎛ O ⎞
⎝ a,b,c,d,e,f,g,h,i,j,k,l,m,n,o,p,q,r,s,t,u,v ⎠⎝ ∅ ⎠
",BCDEFGHIJKLMNOPQRSTUV,ABCDEFGHIJKLMNOPQRSTUV
N22A.csv,2,KGeoMIP,0.4996371269226074,296.53498101234436,"⎛   B,C,D,E,F,G,H,I,J,K,L,M,N,O,P,Q,R,T,U,V   ⎞⎛ S ⎞
⎝ a,b,c,d,e,f,g,h,i,j,k,l,m,n,o,p,q,r,s,t,u,v ⎠⎝ ∅ ⎠
",BCDEFGHIJKLMNOPQRSTUV,ABCDEFGHIJKLMNOPQRSTUV
N22A.csv,3,KQNodes,0.9996538162231445,66.26801180839539,"⎛    B,C,D,E,F,G,H,J,K,L,M,N,P,Q,R,S,T,U,V    ⎞⎛ I ⎞⎛ O ⎞
⎝ a,b,c,d,e,f,g,h,i,j,k,l,m,n,o,p,q,r,s,t,u,v ⎠⎝ ∅ ⎠⎝ ∅ ⎠
",BCDEFGHIJKLMNOPQRSTUV,ABCDEFGHIJKLMNOPQRSTUV
N22A.csv,3,KGeoMIP,10.48529052734375,263.49820280075073,"⎛  S  ⎞⎛ E,H,I,K,L,N,O,R,V ⎞⎛ B,C,D,F,G,J,M,P,Q,T,U ⎞
⎝ a,s ⎠⎝ e,h,i,k,l,n,o,r,v ⎠⎝ b,c,d,f,g,j,m,p,q,t,u ⎠
",BCDEFGHIJKLMNOPQRSTUV,ABCDEFGHIJKLMNOPQRSTUV
N22A.csv,4,KQNodes,1.4997766017913818,66.31713199615479,"⎛     B,C,D,E,F,G,H,J,K,L,M,P,Q,R,S,T,U,V     ⎞⎛ I ⎞⎛ N ⎞⎛ O ⎞
⎝ a,b,c,d,e,f,g,h,i,j,k,l,m,n,o,p,q,r,s,t,u,v ⎠⎝ ∅ ⎠⎝ ∅ ⎠⎝ ∅ ⎠
",BCDEFGHIJKLMNOPQRSTUV,ABCDEFGHIJKLMNOPQRSTUV
N22A.csv,4,KGeoMIP,10.496070861816406,261.207501411438,"⎛  S  ⎞⎛ E,H,I,K,L,N,O,R,V ⎞⎛ P,U ⎞⎛ B,C,D,F,G,J,M,Q,T ⎞
⎝ a,s ⎠⎝ e,h,i,k,l,n,o,r,v ⎠⎝ p,u ⎠⎝ b,c,d,f,g,j,m,q,t ⎠
",BCDEFGHIJKLMNOPQRSTUV,ABCDEFGHIJKLMNOPQRSTUV
N22A.csv,5,KQNodes,1.9999067783355713,66.29371166229248,"⎛      B,C,D,E,F,G,H,J,K,L,M,P,R,S,T,U,V      ⎞⎛ I ⎞⎛ N ⎞⎛ O ⎞⎛ Q ⎞
⎝ a,b,c,d,e,f,g,h,i,j,k,l,m,n,o,p,q,r,s,t,u,v ⎠⎝ ∅ ⎠⎝ ∅ ⎠⎝ ∅ ⎠⎝ ∅ ⎠
",BCDEFGHIJKLMNOPQRSTUV,ABCDEFGHIJKLMNOPQRSTUV
N22A.csv,5,KGeoMIP,10.500628471374512,261.2153697013855,"⎛ J ⎞⎛  E,H,I,K,L,R,S  ⎞⎛ N,O,V ⎞⎛ P,U ⎞⎛ B,C,D,F,G,M,Q,T ⎞
⎝ j ⎠⎝ a,e,h,i,k,l,r,s ⎠⎝ n,o,v ⎠⎝ p,u ⎠⎝ b,c,d,f,g,m,q,t ⎠
",BCDEFGHIJKLMNOPQRSTUV,ABCDEFGHIJKLMNOPQRSTUV
N22A.csv,2,KQNodes,3.7670135498046875e-05,19.49380588531494,"⎛  B,D,E,F,G,H,I,J,K,L,M,N,O,P,Q,R,S,T,U,V  ⎞⎛ C ⎞
⎝ a,b,c,d,e,f,g,h,i,j,k,l,m,n,o,p,q,r,s,t,u ⎠⎝ ∅ ⎠
",BCDEFGHIJKLMNOPQRSTUV,ABCDEFGHIJKLMNOPQRSTU
N22A.csv,2,KGeoMIP,3.7670135498046875e-05,136.01676321029663,"⎛  B,D,E,F,G,H,I,J,K,L,M,N,O,P,Q,R,S,T,U,V  ⎞⎛ C ⎞
⎝ a,b,c,d,e,f,g,h,i,j,k,l,m,n,o,p,q,r,s,t,u ⎠⎝ ∅ ⎠
",BCDEFGHIJKLMNOPQRSTUV,ABCDEFGHIJKLMNOPQRSTU
N22A.csv,3,KQNodes,0.00010347366333007812,19.453016996383667,"⎛   D,E,F,G,H,I,J,K,L,M,N,O,P,Q,R,S,T,U,V   ⎞⎛ B ⎞⎛ C ⎞
⎝ a,b,c,d,e,f,g,h,i,j,k,l,m,n,o,p,q,r,s,t,u ⎠⎝ ∅ ⎠⎝ ∅ ⎠
",BCDEFGHIJKLMNOPQRSTUV,ABCDEFGHIJKLMNOPQRSTU
N22A.csv,3,KGeoMIP,5.264636993408203,122.47534537315369,"⎛  B  ⎞⎛ C,D,E,F,H,I,K,L,M,N,O,P,Q,R,S,U,V ⎞⎛ G,J,T ⎞
⎝ a,b ⎠⎝  c,d,e,f,h,i,k,l,m,n,o,p,q,r,s,u  ⎠⎝ g,j,t ⎠
",BCDEFGHIJKLMNOPQRSTUV,ABCDEFGHIJKLMNOPQRSTU
N22A.csv,4,KQNodes,0.00018262863159179688,19.455137968063354,"⎛    D,E,F,G,H,I,J,K,L,M,N,O,P,Q,R,S,T,U    ⎞⎛ B ⎞⎛ C ⎞⎛ V ⎞
⎝ a,b,c,d,e,f,g,h,i,j,k,l,m,n,o,p,q,r,s,t,u ⎠⎝ ∅ ⎠⎝ ∅ ⎠⎝ ∅ ⎠
",BCDEFGHIJKLMNOPQRSTUV,ABCDEFGHIJKLMNOPQRSTU
N22A.csv,4,KGeoMIP,5.504167556762695,123.8008074760437,"⎛  Q  ⎞⎛ B,E,F,I,K,L,N,O,V ⎞⎛ C,D,H,M,P,R,S,U ⎞⎛ G,J,T ⎞
⎝ a,q ⎠⎝  b,e,f,i,k,l,n,o  ⎠⎝ c,d,h,m,p,r,s,u ⎠⎝ g,j,t ⎠
",BCDEFGHIJKLMNOPQRSTUV,ABCDEFGHIJKLMNOPQRSTU
N22A.csv,5,KQNodes,0.00030541419982910156,19.426376581192017,"⎛     D,E,F,G,H,I,J,K,L,M,O,P,Q,R,S,T,U     ⎞⎛ B ⎞⎛ C ⎞⎛ N ⎞⎛ V ⎞
⎝ a,b,c,d,e,f,g,h,i,j,k,l,m,n,o,p,q,r,s,t,u ⎠⎝ ∅ ⎠⎝ ∅ ⎠⎝ ∅ ⎠⎝ ∅ ⎠
",BCDEFGHIJKLMNOPQRSTUV,ABCDEFGHIJKLMNOPQRSTU
N22A.csv,5,KGeoMIP,5.497572898864746,121.78440046310425,"⎛  F  ⎞⎛ B,I,L,N,O,Q,V ⎞⎛ E,K ⎞⎛ C,D,H,M,P,R,S,U ⎞⎛ G,J,T ⎞
⎝ a,f ⎠⎝  b,i,l,n,o,q  ⎠⎝ e,k ⎠⎝ c,d,h,m,p,r,s,u ⎠⎝ g,j,t ⎠
",BCDEFGHIJKLMNOPQRSTUV,ABCDEFGHIJKLMNOPQRSTU
N22A.csv,2,KQNodes,3.7670135498046875e-05,20.922273635864258,"⎛  B,D,E,F,G,H,I,J,K,L,M,N,O,P,Q,R,S,T,U,V  ⎞⎛ C ⎞
⎝ b,c,d,e,f,g,h,i,j,k,l,m,n,o,p,q,r,s,t,u,v ⎠⎝ ∅ ⎠
",BCDEFGHIJKLMNOPQRSTUV,BCDEFGHIJKLMNOPQRSTUV
N22A.csv,2,KGeoMIP,3.7670135498046875e-05,135.08812928199768,"⎛  B,D,E,F,G,H,I,J,K,L,M,N,O,P,Q,R,S,T,U,V  ⎞⎛ C ⎞
⎝ b,c,d,e,f,g,h,i,j,k,l,m,n,o,p,q,r,s,t,u,v ⎠⎝ ∅ ⎠
",BCDEFGHIJKLMNOPQRSTUV,BCDEFGHIJKLMNOPQRSTUV
N22A.csv,3,KQNodes,0.00010347366333007812,20.8301842212677,"⎛   D,E,F,G,H,I,J,K,L,M,N,O,P,Q,R,S,T,U,V   ⎞⎛ B ⎞⎛ C ⎞
⎝ b,c,d,e,f,g,h,i,j,k,l,m,n,o,p,q,r,s,t,u,v ⎠⎝ ∅ ⎠⎝ ∅ ⎠
",BCDEFGHIJKLMNOPQRSTUV,BCDEFGHIJKLMNOPQRSTUV
N22A.csv,3,KGeoMIP,4.82614278793335,125.44348549842834,"⎛ R ⎞⎛ B,E,J,K,N,O ⎞⎛ C,D,F,G,H,I,L,M,P,Q,S,T,U,V ⎞
⎝ r ⎠⎝ b,e,j,k,n,o ⎠⎝ c,d,f,g,h,i,l,m,p,q,s,t,u,v ⎠
",BCDEFGHIJKLMNOPQRSTUV,BCDEFGHIJKLMNOPQRSTUV
N22A.csv,4,KQNodes,0.0002262592315673828,20.891364097595215,"⎛    D,E,F,G,H,I,J,K,L,M,O,P,Q,R,S,T,U,V    ⎞⎛ B ⎞⎛ C ⎞⎛ N ⎞
⎝ b,c,d,e,f,g,h,i,j,k,l,m,n,o,p,q,r,s,t,u,v ⎠⎝ ∅ ⎠⎝ ∅ ⎠⎝ ∅ ⎠
",BCDEFGHIJKLMNOPQRSTUV,BCDEFGHIJKLMNOPQRSTUV
N22A.csv,4,KGeoMIP,5.008534908294678,123.70509243011475,"⎛ P ⎞⎛ B,E,J,K,N,O ⎞⎛ C,D,H,I,L,Q,R,S,V ⎞⎛ F,G,M,T,U ⎞
⎝ p ⎠⎝ b,e,j,k,n,o ⎠⎝ c,d,h,i,l,q,r,s,v ⎠⎝ f,g,m,t,u ⎠
",BCDEFGHIJKLMNOPQRSTUV,BCDEFGHIJKLMNOPQRSTUV
N22A.csv,5,KQNodes,0.0003657341003417969,21.269646167755127,"⎛     D,E,F,G,H,J,K,L,M,O,P,Q,R,S,T,U,V     ⎞⎛ B ⎞⎛ C ⎞⎛ I ⎞⎛ N ⎞
⎝ b,c,d,e,f,g,h,i,j,k,l,m,n,o,p,q,r,s,t,u,v ⎠⎝ ∅ ⎠⎝ ∅ ⎠⎝ ∅ ⎠⎝ ∅ ⎠
",BCDEFGHIJKLMNOPQRSTUV,BCDEFGHIJKLMNOPQRSTUV
N22A.csv,5,KGeoMIP,5.009907245635986,123.19238901138306,"⎛ J ⎞⎛ B,E,K,N,O ⎞⎛ C,I,P,R,S ⎞⎛ D,H,L,Q,V ⎞⎛ F,G,M,T,U ⎞
⎝ j ⎠⎝ b,e,k,n,o ⎠⎝ c,i,p,r,s ⎠⎝ d,h,l,q,v ⎠⎝ f,g,m,t,u ⎠
",BCDEFGHIJKLMNOPQRSTUV,BCDEFGHIJKLMNOPQRSTUV
N22A.csv,2,KQNodes,3.7670135498046875e-05,15.834483623504639,"⎛ B,D,E,F,G,H,I,J,K,L,M,N,O,P,Q,R,S,T,U,V ⎞⎛ C ⎞
⎝ b,c,d,e,f,g,h,i,j,k,l,m,n,o,p,q,r,s,t,u ⎠⎝ ∅ ⎠
",BCDEFGHIJKLMNOPQRSTUV,BCDEFGHIJKLMNOPQRSTU
N22A.csv,2,KGeoMIP,3.7670135498046875e-05,66.29885268211365,"⎛ B,D,E,F,G,H,I,J,K,L,M,N,O,P,Q,R,S,T,U,V ⎞⎛ C ⎞
⎝ b,c,d,e,f,g,h,i,j,k,l,m,n,o,p,q,r,s,t,u ⎠⎝ ∅ ⎠
",BCDEFGHIJKLMNOPQRSTUV,BCDEFGHIJKLMNOPQRSTU
N22A.csv,3,KQNodes,0.00016045570373535156,15.689457654953003,"⎛  B,D,E,F,G,H,I,J,K,L,M,O,P,Q,R,S,T,U,V  ⎞⎛ C ⎞⎛ N ⎞
⎝ b,c,d,e,f,g,h,i,j,k,l,m,n,o,p,q,r,s,t,u ⎠⎝ ∅ ⎠⎝ ∅ ⎠
",BCDEFGHIJKLMNOPQRSTUV,BCDEFGHIJKLMNOPQRSTU
N22A.csv,3,KGeoMIP,3.3750038146972656,58.57433843612671,"⎛ V ⎞⎛ B,C,D,E,F,H,I,J,K,L,M,N,O,P,Q,R,S,T,U ⎞⎛ G ⎞
⎝ ∅ ⎠⎝ b,c,d,e,f,h,i,j,k,l,m,n,o,p,q,r,s,t,u ⎠⎝ g ⎠
",BCDEFGHIJKLMNOPQRSTUV,BCDEFGHIJKLMNOPQRSTU
N22A.csv,4,KQNodes,0.0003070831298828125,15.748602151870728,"⎛   B,D,F,G,H,I,J,K,L,M,O,P,Q,R,S,T,U,V   ⎞⎛ C ⎞⎛ E ⎞⎛ N ⎞
⎝ b,c,d,e,f,g,h,i,j,k,l,m,n,o,p,q,r,s,t,u ⎠⎝ ∅ ⎠⎝ ∅ ⎠⎝ ∅ ⎠
",BCDEFGHIJKLMNOPQRSTUV,BCDEFGHIJKLMNOPQRSTU
N22A.csv,4,KGeoMIP,4.281383037567139,59.480727672576904,"⎛ R ⎞⎛ B,C,D,E,F,H,I,J,K,L,M,N,O,P,Q,S,U,V ⎞⎛ T ⎞⎛ G ⎞
⎝ r ⎠⎝  b,c,d,e,f,h,i,j,k,l,m,n,o,p,q,s,u  ⎠⎝ t ⎠⎝ g ⎠
",BCDEFGHIJKLMNOPQRSTUV,BCDEFGHIJKLMNOPQRSTU
N22A.csv,5,KQNodes,0.00046825408935546875,15.713377952575684,"⎛    B,D,F,G,H,I,J,K,L,M,O,Q,R,S,T,U,V    ⎞⎛ C ⎞⎛ E ⎞⎛ N ⎞⎛ P ⎞
⎝ b,c,d,e,f,g,h,i,j,k,l,m,n,o,p,q,r,s,t,u ⎠⎝ ∅ ⎠⎝ ∅ ⎠⎝ ∅ ⎠⎝ ∅ ⎠
",BCDEFGHIJKLMNOPQRSTUV,BCDEFGHIJKLMNOPQRSTU
N22A.csv,5,KGeoMIP,4.712648868560791,58.93323254585266,"⎛ O ⎞⎛ C,D,E,I,J,K,L,N,P,Q,R,S,V ⎞⎛ B,F,H,M,U ⎞⎛ T ⎞⎛ G ⎞
⎝ o ⎠⎝  c,d,e,i,j,k,l,n,p,q,r,s  ⎠⎝ b,f,h,m,u ⎠⎝ t ⎠⎝ g ⎠
",BCDEFGHIJKLMNOPQRSTUV,BCDEFGHIJKLMNOPQRSTU
N22A.csv,2,KQNodes,0.00018334388732910156,6.431702613830566,"⎛ B,C,D,E,F,G,H,I,J,K,L,N,O,P,Q,R,S,T,U,V ⎞⎛ M ⎞
⎝      a,b,d,e,g,h,j,k,m,n,p,q,s,t,v      ⎠⎝ ∅ ⎠
",BCDEFGHIJKLMNOPQRSTUV,ABDEGHJKMNPQSTV
N22A.csv,2,KGeoMIP,0.00018334388732910156,3.0320370197296143,"⎛ B,C,D,E,F,G,H,I,J,K,L,N,O,P,Q,R,S,T,U,V ⎞⎛ M ⎞
⎝      a,b,d,e,g,h,j,k,m,n,p,q,s,t,v      ⎠⎝ ∅ ⎠
",BCDEFGHIJKLMNOPQRSTUV,ABDEGHJKMNPQSTV
N22A.csv,3,KQNodes,0.0004911422729492188,6.5127482414245605,"⎛ B,C,D,E,F,G,H,I,J,K,N,O,P,Q,R,S,T,U,V ⎞⎛ L ⎞⎛ M ⎞
⎝     a,b,d,e,g,h,j,k,m,n,p,q,s,t,v     ⎠⎝ ∅ ⎠⎝ ∅ ⎠
",BCDEFGHIJKLMNOPQRSTUV,ABDEGHJKMNPQSTV
N22A.csv,3,KGeoMIP,0.6833434104919434,2.8387677669525146,"⎛ S ⎞⎛ B,C,D,E,F,G,I,J,K,L,M,N,O,P,Q,T,U,V ⎞⎛ H,R ⎞
⎝ s ⎠⎝      a,b,d,e,g,j,k,m,n,p,q,t,v      ⎠⎝  h  ⎠
",BCDEFGHIJKLMNOPQRSTUV,ABDEGHJKMNPQSTV
N22A.csv,4,KQNodes,0.00832676887512207,6.4897620677948,"⎛ B,C,D,E,F,H,I,J,K,N,O,P,Q,R,S,T,U,V ⎞⎛ G ⎞⎛ L ⎞⎛ M ⎞
⎝    a,b,d,e,g,h,j,k,m,n,p,q,s,t,v    ⎠⎝ ∅ ⎠⎝ ∅ ⎠⎝ ∅ ⎠
",BCDEFGHIJKLMNOPQRSTUV,ABDEGHJKMNPQSTV
N22A.csv,4,KGeoMIP,0.6832196712493896,2.840712547302246,"⎛ S ⎞⎛ B,C,D,E,F,G,I,J,K,L,M,N,O,P,Q,T,U,V ⎞⎛ H ⎞⎛ R ⎞
⎝ s ⎠⎝      a,b,d,e,g,j,k,m,n,p,q,t,v      ⎠⎝ h ⎠⎝ ∅ ⎠
",BCDEFGHIJKLMNOPQRSTUV,ABDEGHJKMNPQSTV
N22A.csv,5,KQNodes,0.024081945419311523,6.473796606063843,"⎛ B,C,D,E,F,H,I,J,K,N,O,P,R,S,T,U,V ⎞⎛ G ⎞⎛ L ⎞⎛ M ⎞⎛ Q ⎞
⎝   a,b,d,e,g,h,j,k,m,n,p,q,s,t,v   ⎠⎝ ∅ ⎠⎝ ∅ ⎠⎝ ∅ ⎠⎝ ∅ ⎠
",BCDEFGHIJKLMNOPQRSTUV,ABDEGHJKMNPQSTV
N22A.csv,5,KGeoMIP,0.7545835971832275,2.808314085006714,"⎛ M ⎞⎛ E,F,G,J,K,N,P,Q,V ⎞⎛ B,C,D,I,L,O,S,T,U ⎞⎛ H ⎞⎛ R ⎞
⎝ m ⎠⎝ a,e,g,j,k,n,p,q,v ⎠⎝      b,d,s,t      ⎠⎝ h ⎠⎝ ∅ ⎠
",BCDEFGHIJKLMNOPQRSTUV,ABDEGHJKMNPQSTV
N22A.csv,2,KQNodes,0.0006349086761474609,6.626893758773804,"⎛ B,C,D,F,G,H,I,J,K,L,M,N,O,P,Q,R,S,T,U,V ⎞⎛ E ⎞
⎝          a,c,e,g,i,k,m,o,q,s,u          ⎠⎝ ∅ ⎠
",BCDEFGHIJKLMNOPQRSTUV,ACEGIKMOQSU
N22A.csv,2,KGeoMIP,0.0006349086761474609,3.5654351711273193,"⎛ B,C,D,F,G,H,I,J,K,L,M,N,O,P,Q,R,S,T,U,V ⎞⎛ E ⎞
⎝          a,c,e,g,i,k,m,o,q,s,u          ⎠⎝ ∅ ⎠
",BCDEFGHIJKLMNOPQRSTUV,ACEGIKMOQSU
N22A.csv,3,KQNodes,0.0012748241424560547,6.600353717803955,"⎛ B,C,D,G,H,I,J,K,L,M,N,O,P,Q,R,S,T,U,V ⎞⎛ E ⎞⎛ F ⎞
⎝         a,c,e,g,i,k,m,o,q,s,u         ⎠⎝ ∅ ⎠⎝ ∅ ⎠
",BCDEFGHIJKLMNOPQRSTUV,ACEGIKMOQSU
N22A.csv,3,KGeoMIP,0.172637939453125,3.5895936489105225,"⎛ Q ⎞⎛ B,C,E,F,G,H,J,K,L,P,R,T,U ⎞⎛ D,I,M,N,O,S,V ⎞
⎝ q ⎠⎝        a,c,e,g,k,u        ⎠⎝    i,m,o,s    ⎠
",BCDEFGHIJKLMNOPQRSTUV,ACEGIKMOQSU
N22A.csv,4,KQNodes,0.002412557601928711,6.679887533187866,"⎛ B,C,D,G,H,I,J,K,L,M,N,O,Q,R,S,T,U,V ⎞⎛ E ⎞⎛ F ⎞⎛ P ⎞
⎝        a,c,e,g,i,k,m,o,q,s,u        ⎠⎝ ∅ ⎠⎝ ∅ ⎠⎝ ∅ ⎠
",BCDEFGHIJKLMNOPQRSTUV,ACEGIKMOQSU
N22A.csv,4,KGeoMIP,0.17351722717285156,3.558340549468994,"⎛  E  ⎞⎛ C,F,G,H,L,P,Q,R,U ⎞⎛ B,J,K,T ⎞⎛ D,I,M,N,O,S,V ⎞
⎝ a,e ⎠⎝      c,g,q,u      ⎠⎝    k    ⎠⎝    i,m,o,s    ⎠
",BCDEFGHIJKLMNOPQRSTUV,ACEGIKMOQSU
N22A.csv,5,KQNodes,0.0036134719848632812,6.572817802429199,"⎛ B,C,D,G,H,I,J,K,L,M,N,O,Q,R,S,U,V ⎞⎛ E ⎞⎛ F ⎞⎛ P ⎞⎛ T ⎞
⎝       a,c,e,g,i,k,m,o,q,s,u       ⎠⎝ ∅ ⎠⎝ ∅ ⎠⎝ ∅ ⎠⎝ ∅ ⎠
",BCDEFGHIJKLMNOPQRSTUV,ACEGIKMOQSU
N22A.csv,5,KGeoMIP,0.17691993713378906,3.5371925830841064,"⎛ Q ⎞⎛ E,G,L ⎞⎛ C,F,H,P,R,U ⎞⎛ B,J,K,T ⎞⎛ D,I,M,N,O,S,V ⎞
⎝ q ⎠⎝ a,e,g ⎠⎝     c,u     ⎠⎝    k    ⎠⎝    i,m,o,s    ⎠
",BCDEFGHIJKLMNOPQRSTUV,ACEGIKMOQSU
N22A.csv,2,KQNodes,0.00030493736267089844,6.742645502090454,"⎛ B,C,D,E,F,G,H,I,J,K,L,N,O,P,Q,R,S,T,U,V ⎞⎛ M ⎞
⎝          b,d,f,h,j,l,n,p,r,t,v          ⎠⎝ ∅ ⎠
",BCDEFGHIJKLMNOPQRSTUV,BDFHJLNPRTV
N22A.csv,2,KGeoMIP,0.00030493736267089844,3.5804288387298584,"⎛ B,C,D,E,F,G,H,I,J,K,L,N,O,P,Q,R,S,T,U,V ⎞⎛ M ⎞
⎝          b,d,f,h,j,l,n,p,r,t,v          ⎠⎝ ∅ ⎠
",BCDEFGHIJKLMNOPQRSTUV,BDFHJLNPRTV
N22A.csv,3,KQNodes,0.0008895397186279297,6.7627692222595215,"⎛ B,C,E,F,G,H,I,J,K,L,N,O,P,Q,R,S,T,U,V ⎞⎛ D ⎞⎛ M ⎞
⎝         b,d,f,h,j,l,n,p,r,t,v         ⎠⎝ ∅ ⎠⎝ ∅ ⎠
",BCDEFGHIJKLMNOPQRSTUV,BDFHJLNPRTV
N22A.csv,3,KGeoMIP,0.12103509902954102,3.5939323902130127,"⎛ F ⎞⎛ J,M,P,T ⎞⎛ B,C,D,E,G,H,I,K,L,N,O,Q,R,S,U,V ⎞
⎝ f ⎠⎝  j,p,t  ⎠⎝          b,d,h,l,n,r,v          ⎠
",BCDEFGHIJKLMNOPQRSTUV,BDFHJLNPRTV
N22A.csv,4,KQNodes,0.0016846656799316406,6.720910310745239,"⎛ B,C,E,F,G,H,I,J,L,N,O,P,Q,R,S,T,U,V ⎞⎛ D ⎞⎛ K ⎞⎛ M ⎞
⎝        b,d,f,h,j,l,n,p,r,t,v        ⎠⎝ ∅ ⎠⎝ ∅ ⎠⎝ ∅ ⎠
",BCDEFGHIJKLMNOPQRSTUV,BDFHJLNPRTV
N22A.csv,4,KGeoMIP,0.14028000831604004,3.583855628967285,"⎛ U ⎞⎛ F,J,M,P,T ⎞⎛ B,C,D,E,H,I,K,L,N,O,Q,S,V ⎞⎛ G,R ⎞
⎝ ∅ ⎠⎝  f,j,p,t  ⎠⎝        b,d,h,l,n,v        ⎠⎝  r  ⎠
",BCDEFGHIJKLMNOPQRSTUV,BDFHJLNPRTV
N22A.csv,5,KQNodes,0.003968954086303711,6.729729175567627,"⎛ B,C,E,F,G,I,J,L,N,O,P,Q,R,S,T,U,V ⎞⎛ D ⎞⎛ H ⎞⎛ K ⎞⎛ M ⎞
⎝       b,d,f,h,j,l,n,p,r,t,v       ⎠⎝ ∅ ⎠⎝ ∅ ⎠⎝ ∅ ⎠⎝ ∅ ⎠
",BCDEFGHIJKLMNOPQRSTUV,BDFHJLNPRTV
N22A.csv,5,KGeoMIP,0.14136075973510742,3.642446994781494,"⎛ K ⎞⎛ F,J,M,P,T ⎞⎛ B,C,D,E,H,I,L,N,O,Q,S,U,V ⎞⎛ R ⎞⎛ G ⎞
⎝ ∅ ⎠⎝  f,j,p,t  ⎠⎝        b,d,h,l,n,v        ⎠⎝ r ⎠⎝ ∅ ⎠
",BCDEFGHIJKLMNOPQRSTUV,BDFHJLNPRTV
N22A.csv,2,KQNodes,0.49979329109191895,66.39155888557434,"⎛    B,C,D,E,F,G,H,I,J,K,L,M,N,P,Q,R,S,T,U    ⎞⎛ O ⎞
⎝ a,b,c,d,e,f,g,h,i,j,k,l,m,n,o,p,q,r,s,t,u,v ⎠⎝ ∅ ⎠
",BCDEFGHIJKLMNOPQRSTU,ABCDEFGHIJKLMNOPQRSTUV
N22A.csv,2,KGeoMIP,0.4996371269226074,296.0692083835602,"⎛    B,C,D,E,F,G,H,I,J,K,L,M,N,O,P,Q,R,T,U    ⎞⎛ S ⎞
⎝ a,b,c,d,e,f,g,h,i,j,k,l,m,n,o,p,q,r,s,t,u,v ⎠⎝ ∅ ⎠
",BCDEFGHIJKLMNOPQRSTU,ABCDEFGHIJKLMNOPQRSTUV
N22A.csv,3,KQNodes,0.9996538162231445,66.28009843826294,"⎛     B,C,D,E,F,G,H,J,K,L,M,N,P,Q,R,S,T,U     ⎞⎛ I ⎞⎛ O ⎞
⎝ a,b,c,d,e,f,g,h,i,j,k,l,m,n,o,p,q,r,s,t,u,v ⎠⎝ ∅ ⎠⎝ ∅ ⎠
",BCDEFGHIJKLMNOPQRSTU,ABCDEFGHIJKLMNOPQRSTUV
N22A.csv,3,KGeoMIP,9.9779052734375,267.2730975151062,"⎛ E,H,I,K,L,N,O,R,S ⎞⎛  ∅  ⎞⎛ B,C,D,F,G,J,M,P,Q,T,U ⎞
⎝ e,h,i,k,l,n,o,r,s ⎠⎝ a,v ⎠⎝ b,c,d,f,g,j,m,p,q,t,u ⎠
",BCDEFGHIJKLMNOPQRSTU,ABCDEFGHIJKLMNOPQRSTUV
N22A.csv,4,KQNodes,1.4997766017913818,66.54539585113525,"⎛      B,C,D,E,F,G,H,J,K,L,M,P,Q,R,S,T,U      ⎞⎛ I ⎞⎛ N ⎞⎛ O ⎞
⎝ a,b,c,d,e,f,g,h,i,j,k,l,m,n,o,p,q,r,s,t,u,v ⎠⎝ ∅ ⎠⎝ ∅ ⎠⎝ ∅ ⎠
",BCDEFGHIJKLMNOPQRSTU,ABCDEFGHIJKLMNOPQRSTUV
N22A.csv,4,KGeoMIP,9.9861421585083,261.0949833393097,"⎛ B ⎞⎛   E,H,I,K,L,R,S   ⎞⎛ N,O ⎞⎛ C,D,F,G,J,M,P,Q,T,U ⎞
⎝ b ⎠⎝ a,e,h,i,k,l,r,s,v ⎠⎝ n,o ⎠⎝ c,d,f,g,j,m,p,q,t,u ⎠
",BCDEFGHIJKLMNOPQRSTU,ABCDEFGHIJKLMNOPQRSTUV
N22A.csv,5,KQNodes,1.9999067783355713,64.30905222892761,"⎛       B,C,D,E,F,G,H,J,K,L,M,P,R,S,T,U       ⎞⎛ I ⎞⎛ N ⎞⎛ O ⎞⎛ Q ⎞
⎝ a,b,c,d,e,f,g,h,i,j,k,l,m,n,o,p,q,r,s,t,u,v ⎠⎝ ∅ ⎠⎝ ∅ ⎠⎝ ∅ ⎠⎝ ∅ ⎠
",BCDEFGHIJKLMNOPQRSTU,ABCDEFGHIJKLMNOPQRSTUV
N22A.csv,5,KGeoMIP,10.004387855529785,257.905730009079,"⎛ E,H,I,K,L,R,S ⎞⎛ N,O ⎞⎛  ∅  ⎞⎛ P,U ⎞⎛ B,C,D,F,G,J,M,Q,T ⎞
⎝ e,h,i,k,l,r,s ⎠⎝ n,o ⎠⎝ a,v ⎠⎝ p,u ⎠⎝ b,c,d,f,g,j,m,q,t ⎠
",BCDEFGHIJKLMNOPQRSTU,ABCDEFGHIJKLMNOPQRSTUV
N22A.csv,2,KQNodes,3.7670135498046875e-05,18.266432523727417,"⎛   B,D,E,F,G,H,I,J,K,L,M,N,O,P,Q,R,S,T,U   ⎞⎛ C ⎞
⎝ a,b,c,d,e,f,g,h,i,j,k,l,m,n,o,p,q,r,s,t,u ⎠⎝ ∅ ⎠
",BCDEFGHIJKLMNOPQRSTU,ABCDEFGHIJKLMNOPQRSTU
N22A.csv,2,KGeoMIP,3.7670135498046875e-05,134.21182703971863,"⎛   B,D,E,F,G,H,I,J,K,L,M,N,O,P,Q,R,S,T,U   ⎞⎛ C ⎞
⎝ a,b,c,d,e,f,g,h,i,j,k,l,m,n,o,p,q,r,s,t,u ⎠⎝ ∅ ⎠
",BCDEFGHIJKLMNOPQRSTU,ABCDEFGHIJKLMNOPQRSTU
N22A.csv,3,KQNodes,0.00010347366333007812,18.235801458358765,"⎛    D,E,F,G,H,I,J,K,L,M,N,O,P,Q,R,S,T,U    ⎞⎛ B ⎞⎛ C ⎞
⎝ a,b,c,d,e,f,g,h,i,j,k,l,m,n,o,p,q,r,s,t,u ⎠⎝ ∅ ⎠⎝ ∅ ⎠
",BCDEFGHIJKLMNOPQRSTU,ABCDEFGHIJKLMNOPQRSTU
N22A.csv,3,KGeoMIP,5.186511993408203,121.65876269340515,"⎛  B  ⎞⎛ C,D,E,F,H,I,K,L,M,N,O,P,Q,R,S,U ⎞⎛ G,J,T ⎞
⎝ a,b ⎠⎝ c,d,e,f,h,i,k,l,m,n,o,p,q,r,s,u ⎠⎝ g,j,t ⎠
",BCDEFGHIJKLMNOPQRSTU,ABCDEFGHIJKLMNOPQRSTU
N22A.csv,4,KQNodes,0.0002262592315673828,18.30738663673401,"⎛     D,E,F,G,H,I,J,K,L,M,O,P,Q,R,S,T,U     ⎞⎛ B ⎞⎛ C ⎞⎛ N ⎞
⎝ a,b,c,d,e,f,g,h,i,j,k,l,m,n,o,p,q,r,s,t,u ⎠⎝ ∅ ⎠⎝ ∅ ⎠⎝ ∅ ⎠
",BCDEFGHIJKLMNOPQRSTU,ABCDEFGHIJKLMNOPQRSTU
N22A.csv,4,KGeoMIP,5.500627517700195,122.76110768318176,"⎛  Q  ⎞⎛ B,E,F,I,K,L,N,O ⎞⎛ C,D,H,M,P,R,S,U ⎞⎛ G,J,T ⎞
⎝ a,q ⎠⎝ b,e,f,i,k,l,n,o ⎠⎝ c,d,h,m,p,r,s,u ⎠⎝ g,j,t ⎠
",BCDEFGHIJKLMNOPQRSTU,ABCDEFGHIJKLMNOPQRSTU
N22A.csv,5,KQNodes,0.00035643577575683594,18.290813207626343,"⎛      D,E,F,G,H,I,J,K,L,M,O,P,R,S,T,U      ⎞⎛ B ⎞⎛ C ⎞⎛ N ⎞⎛ Q ⎞
⎝ a,b,c,d,e,f,g,h,i,j,k,l,m,n,o,p,q,r,s,t,u ⎠⎝ ∅ ⎠⎝ ∅ ⎠⎝ ∅ ⎠⎝ ∅ ⎠
",BCDEFGHIJKLMNOPQRSTU,ABCDEFGHIJKLMNOPQRSTU
N22A.csv,5,KGeoMIP,5.495284080505371,121.58514881134033,"⎛  F  ⎞⎛ B,I,L,N,O,Q ⎞⎛ E,K ⎞⎛ C,D,H,M,P,R,S,U ⎞⎛ G,J,T ⎞
⎝ a,f ⎠⎝ b,i,l,n,o,q ⎠⎝ e,k ⎠⎝ c,d,h,m,p,r,s,u ⎠⎝ g,j,t ⎠
",BCDEFGHIJKLMNOPQRSTU,ABCDEFGHIJKLMNOPQRSTU
N22A.csv,2,KQNodes,3.7670135498046875e-05,19.7586989402771,"⎛   B,D,E,F,G,H,I,J,K,L,M,N,O,P,Q,R,S,T,U   ⎞⎛ C ⎞
⎝ b,c,d,e,f,g,h,i,j,k,l,m,n,o,p,q,r,s,t,u,v ⎠⎝ ∅ ⎠
",BCDEFGHIJKLMNOPQRSTU,BCDEFGHIJKLMNOPQRSTUV
N22A.csv,2,KGeoMIP,3.7670135498046875e-05,134.0987515449524,"⎛   B,D,E,F,G,H,I,J,K,L,M,N,O,P,Q,R,S,T,U   ⎞⎛ C ⎞
⎝ b,c,d,e,f,g,h,i,j,k,l,m,n,o,p,q,r,s,t,u,v ⎠⎝ ∅ ⎠
",BCDEFGHIJKLMNOPQRSTU,BCDEFGHIJKLMNOPQRSTUV
N22A.csv,3,KQNodes,0.00010347366333007812,19.79313015937805,"⎛    D,E,F,G,H,I,J,K,L,M,N,O,P,Q,R,S,T,U    ⎞⎛ B ⎞⎛ C ⎞
⎝ b,c,d,e,f,g,h,i,j,k,l,m,n,o,p,q,r,s,t,u,v ⎠⎝ ∅ ⎠⎝ ∅ ⎠
",BCDEFGHIJKLMNOPQRSTU,BCDEFGHIJKLMNOPQRSTUV
N22A.csv,3,KGeoMIP,4.370240688323975,125.15728569030762,"⎛ R ⎞⎛  B,E,J,K,N,O  ⎞⎛ C,D,F,G,H,I,L,M,P,Q,S,T,U ⎞
⎝ r ⎠⎝ b,e,j,k,n,o,v ⎠⎝ c,d,f,g,h,i,l,m,p,q,s,t,u ⎠
",BCDEFGHIJKLMNOPQRSTU,BCDEFGHIJKLMNOPQRSTUV
N22A.csv,4,KQNodes,0.0002262592315673828,19.77699041366577,"⎛     D,E,F,G,H,I,J,K,L,M,O,P,Q,R,S,T,U     ⎞⎛ B ⎞⎛ C ⎞⎛ N ⎞
⎝ b,c,d,e,f,g,h,i,j,k,l,m,n,o,p,q,r,s,t,u,v ⎠⎝ ∅ ⎠⎝ ∅ ⎠⎝ ∅ ⎠
",BCDEFGHIJKLMNOPQRSTU,BCDEFGHIJKLMNOPQRSTUV
N22A.csv,4,KGeoMIP,4.513082027435303,121.59287023544312,"⎛ P ⎞⎛  B,E,J,K,N,O  ⎞⎛ C,D,H,I,L,Q,R,S ⎞⎛ F,G,M,T,U ⎞
⎝ p ⎠⎝ b,e,j,k,n,o,v ⎠⎝ c,d,h,i,l,q,r,s ⎠⎝ f,g,m,t,u ⎠
",BCDEFGHIJKLMNOPQRSTU,BCDEFGHIJKLMNOPQRSTUV
N22A.csv,5,KQNodes,0.0003657341003417969,19.670028686523438,"⎛      D,E,F,G,H,J,K,L,M,O,P,Q,R,S,T,U      ⎞⎛ B ⎞⎛ C ⎞⎛ I ⎞⎛ N ⎞
⎝ b,c,d,e,f,g,h,i,j,k,l,m,n,o,p,q,r,s,t,u,v ⎠⎝ ∅ ⎠⎝ ∅ ⎠⎝ ∅ ⎠⎝ ∅ ⎠
",BCDEFGHIJKLMNOPQRSTU,BCDEFGHIJKLMNOPQRSTUV
N22A.csv,5,KGeoMIP,4.5117692947387695,124.62787437438965,"⎛  E  ⎞⎛ B,J,K,N,O ⎞⎛ C,I,P,R,S ⎞⎛ D,H,L,Q ⎞⎛ F,G,M,T,U ⎞
⎝ e,v ⎠⎝ b,j,k,n,o ⎠⎝ c,i,p,r,s ⎠⎝ d,h,l,q ⎠⎝ f,g,m,t,u ⎠
",BCDEFGHIJKLMNOPQRSTU,BCDEFGHIJKLMNOPQRSTUV
N22A.csv,2,KQNodes,3.7670135498046875e-05,15.080670833587646,"⎛  B,D,E,F,G,H,I,J,K,L,M,N,O,P,Q,R,S,T,U  ⎞⎛ C ⎞
⎝ b,c,d,e,f,g,h,i,j,k,l,m,n,o,p,q,r,s,t,u ⎠⎝ ∅ ⎠
",BCDEFGHIJKLMNOPQRSTU,BCDEFGHIJKLMNOPQRSTU
N22A.csv,2,KGeoMIP,3.7670135498046875e-05,71.61007165908813,"⎛  B,D,E,F,G,H,I,J,K,L,M,N,O,P,Q,R,S,T,U  ⎞⎛ C ⎞
⎝ b,c,d,e,f,g,h,i,j,k,l,m,n,o,p,q,r,s,t,u ⎠⎝ ∅ ⎠
",BCDEFGHIJKLMNOPQRSTU,BCDEFGHIJKLMNOPQRSTU
N22A.csv,3,KQNodes,0.00016045570373535156,16.27248215675354,"⎛   B,D,E,F,G,H,I,J,K,L,M,O,P,Q,R,S,T,U   ⎞⎛ C ⎞⎛ N ⎞
⎝ b,c,d,e,f,g,h,i,j,k,l,m,n,o,p,q,r,s,t,u ⎠⎝ ∅ ⎠⎝ ∅ ⎠
",BCDEFGHIJKLMNOPQRSTU,BCDEFGHIJKLMNOPQRSTU
N22A.csv,3,KGeoMIP,3.4373621940612793,96.1287887096405,"⎛ R ⎞⎛ B,C,D,E,F,H,I,J,K,L,M,N,O,P,Q,S,T,U ⎞⎛ G ⎞
⎝ r ⎠⎝ b,c,d,e,f,h,i,j,k,l,m,n,o,p,q,s,t,u ⎠⎝ g ⎠
",BCDEFGHIJKLMNOPQRSTU,BCDEFGHIJKLMNOPQRSTU
N22A.csv,4,KQNodes,0.0003070831298828125,22.64134645462036,"⎛    B,D,F,G,H,I,J,K,L,M,O,P,Q,R,S,T,U    ⎞⎛ C ⎞⎛ E ⎞⎛ N ⎞
⎝ b,c,d,e,f,g,h,i,j,k,l,m,n,o,p,q,r,s,t,u ⎠⎝ ∅ ⎠⎝ ∅ ⎠⎝ ∅ ⎠
",BCDEFGHIJKLMNOPQRSTU,BCDEFGHIJKLMNOPQRSTU
N22A.csv,4,KGeoMIP,4.062633037567139,105.1837944984436,"⎛ R ⎞⎛ B,C,D,E,F,H,I,J,K,L,M,N,O,P,Q,S,U ⎞⎛ T ⎞⎛ G ⎞
⎝ r ⎠⎝ b,c,d,e,f,h,i,j,k,l,m,n,o,p,q,s,u ⎠⎝ t ⎠⎝ g ⎠
",BCDEFGHIJKLMNOPQRSTU,BCDEFGHIJKLMNOPQRSTU
N22A.csv,5,KQNodes,0.00046825408935546875,15.233175277709961,"⎛     B,D,F,G,H,I,J,K,L,M,O,Q,R,S,T,U     ⎞⎛ C ⎞⎛ E ⎞⎛ N ⎞⎛ P ⎞
⎝ b,c,d,e,f,g,h,i,j,k,l,m,n,o,p,q,r,s,t,u ⎠⎝ ∅ ⎠⎝ ∅ ⎠⎝ ∅ ⎠⎝ ∅ ⎠
",BCDEFGHIJKLMNOPQRSTU,BCDEFGHIJKLMNOPQRSTU
N22A.csv,5,KGeoMIP,4.459719181060791,66.40426874160767,"⎛ O ⎞⎛ C,D,E,I,J,K,L,N,P,Q,R,S ⎞⎛ B,F,H,M,U ⎞⎛ T ⎞⎛ G ⎞
⎝ o ⎠⎝ c,d,e,i,j,k,l,n,p,q,r,s ⎠⎝ b,f,h,m,u ⎠⎝ t ⎠⎝ g ⎠
",BCDEFGHIJKLMNOPQRSTU,BCDEFGHIJKLMNOPQRSTU
N22A.csv,2,KQNodes,0.00018334388732910156,5.9559032917022705,"⎛ B,C,D,E,F,G,H,I,J,K,L,N,O,P,Q,R,S,T,U ⎞⎛ M ⎞
⎝     a,b,d,e,g,h,j,k,m,n,p,q,s,t,v     ⎠⎝ ∅ ⎠
",BCDEFGHIJKLMNOPQRSTU,ABDEGHJKMNPQSTV
N22A.csv,2,KGeoMIP,0.00018334388732910156,3.0208098888397217,"⎛ B,C,D,E,F,G,H,I,J,K,L,N,O,P,Q,R,S,T,U ⎞⎛ M ⎞
⎝     a,b,d,e,g,h,j,k,m,n,p,q,s,t,v     ⎠⎝ ∅ ⎠
",BCDEFGHIJKLMNOPQRSTU,ABDEGHJKMNPQSTV
N22A.csv,3,KQNodes,0.0004911422729492188,6.161822557449341,"⎛ B,C,D,E,F,G,H,I,J,K,N,O,P,Q,R,S,T,U ⎞⎛ L ⎞⎛ M ⎞
⎝    a,b,d,e,g,h,j,k,m,n,p,q,s,t,v    ⎠⎝ ∅ ⎠⎝ ∅ ⎠
",BCDEFGHIJKLMNOPQRSTU,ABDEGHJKMNPQSTV
N22A.csv,3,KGeoMIP,0.6618332862854004,2.7924907207489014,"⎛ D ⎞⎛ B,C,E,F,G,I,J,K,L,M,N,O,P,Q,S,T,U ⎞⎛ H,R ⎞
⎝ d ⎠⎝     a,b,e,g,j,k,m,n,p,q,s,t,v     ⎠⎝  h  ⎠
",BCDEFGHIJKLMNOPQRSTU,ABDEGHJKMNPQSTV
N22A.csv,4,KQNodes,0.00832676887512207,6.011498689651489,"⎛ B,C,D,E,F,H,I,J,K,N,O,P,Q,R,S,T,U ⎞⎛ G ⎞⎛ L ⎞⎛ M ⎞
⎝   a,b,d,e,g,h,j,k,m,n,p,q,s,t,v   ⎠⎝ ∅ ⎠⎝ ∅ ⎠⎝ ∅ ⎠
",BCDEFGHIJKLMNOPQRSTU,ABDEGHJKMNPQSTV
N22A.csv,4,KGeoMIP,0.6617095470428467,2.891051769256592,"⎛ D ⎞⎛ B,C,E,F,G,I,J,K,L,M,N,O,P,Q,S,T,U ⎞⎛ H ⎞⎛ R ⎞
⎝ d ⎠⎝     a,b,e,g,j,k,m,n,p,q,s,t,v     ⎠⎝ h ⎠⎝ ∅ ⎠
",BCDEFGHIJKLMNOPQRSTU,ABDEGHJKMNPQSTV
N22A.csv,5,KQNodes,0.024081945419311523,5.8652355670928955,"⎛ B,C,D,E,F,H,I,J,K,N,O,P,R,S,T,U ⎞⎛ G ⎞⎛ L ⎞⎛ M ⎞⎛ Q ⎞
⎝  a,b,d,e,g,h,j,k,m,n,p,q,s,t,v  ⎠⎝ ∅ ⎠⎝ ∅ ⎠⎝ ∅ ⎠⎝ ∅ ⎠
",BCDEFGHIJKLMNOPQRSTU,ABDEGHJKMNPQSTV
N22A.csv,5,KGeoMIP,0.7091734409332275,2.7260525226593018,"⎛ M ⎞⎛  E,F,G,J,K,N,P,Q  ⎞⎛ B,C,D,I,L,O,S,T,U ⎞⎛ H ⎞⎛ R ⎞
⎝ m ⎠⎝ a,e,g,j,k,n,p,q,v ⎠⎝      b,d,s,t      ⎠⎝ h ⎠⎝ ∅ ⎠
",BCDEFGHIJKLMNOPQRSTU,ABDEGHJKMNPQSTV
N22A.csv,2,KQNodes,0.0006349086761474609,6.057022333145142,"⎛ B,C,D,F,G,H,I,J,K,L,M,N,O,P,Q,R,S,T,U ⎞⎛ E ⎞
⎝         a,c,e,g,i,k,m,o,q,s,u         ⎠⎝ ∅ ⎠
",BCDEFGHIJKLMNOPQRSTU,ACEGIKMOQSU
N22A.csv,2,KGeoMIP,0.0006349086761474609,3.5389606952667236,"⎛ B,C,D,F,G,H,I,J,K,L,M,N,O,P,Q,R,S,T,U ⎞⎛ E ⎞
⎝         a,c,e,g,i,k,m,o,q,s,u         ⎠⎝ ∅ ⎠
",BCDEFGHIJKLMNOPQRSTU,ACEGIKMOQSU
N22A.csv,3,KQNodes,0.0012748241424560547,6.546427011489868,"⎛ B,C,D,G,H,I,J,K,L,M,N,O,P,Q,R,S,T,U ⎞⎛ E ⎞⎛ F ⎞
⎝        a,c,e,g,i,k,m,o,q,s,u        ⎠⎝ ∅ ⎠⎝ ∅ ⎠
",BCDEFGHIJKLMNOPQRSTU,ACEGIKMOQSU
N22A.csv,3,KGeoMIP,0.14569473266601562,3.8832404613494873,"⎛ Q ⎞⎛ B,C,E,F,G,H,J,K,L,P,R,T,U ⎞⎛ D,I,M,N,O,S ⎞
⎝ q ⎠⎝        a,c,e,g,k,u        ⎠⎝   i,m,o,s   ⎠
",BCDEFGHIJKLMNOPQRSTU,ACEGIKMOQSU
N22A.csv,4,KQNodes,0.002412557601928711,6.246870279312134,"⎛ B,C,D,G,H,I,J,K,L,M,N,O,Q,R,S,T,U ⎞⎛ E ⎞⎛ F ⎞⎛ P ⎞
⎝       a,c,e,g,i,k,m,o,q,s,u       ⎠⎝ ∅ ⎠⎝ ∅ ⎠⎝ ∅ ⎠
",BCDEFGHIJKLMNOPQRSTU,ACEGIKMOQSU
N22A.csv,4,KGeoMIP,0.1465740203857422,3.349841594696045,"⎛  E  ⎞⎛ C,F,G,H,L,P,Q,R,U ⎞⎛ B,J,K,T ⎞⎛ D,I,M,N,O,S ⎞
⎝ a,e ⎠⎝      c,g,q,u      ⎠⎝    k    ⎠⎝   i,m,o,s   ⎠
",BCDEFGHIJKLMNOPQRSTU,ACEGIKMOQSU
N22A.csv,5,KQNodes,0.0036134719848632812,6.050527811050415,"⎛ B,C,D,G,H,I,J,K,L,M,N,O,Q,R,S,U ⎞⎛ E ⎞⎛ F ⎞⎛ P ⎞⎛ T ⎞
⎝      a,c,e,g,i,k,m,o,q,s,u      ⎠⎝ ∅ ⎠⎝ ∅ ⎠⎝ ∅ ⎠⎝ ∅ ⎠
",BCDEFGHIJKLMNOPQRSTU,ACEGIKMOQSU
N22A.csv,5,KGeoMIP,0.14978837966918945,3.4453845024108887,"⎛ M ⎞⎛ E,G,L ⎞⎛ C,F,H,P,Q,R,U ⎞⎛ B,J,K,T ⎞⎛ D,I,N,O,S ⎞
⎝ m ⎠⎝ a,e,g ⎠⎝     c,q,u     ⎠⎝    k    ⎠⎝   i,o,s   ⎠
",BCDEFGHIJKLMNOPQRSTU,ACEGIKMOQSU
N22A.csv,2,KQNodes,0.00030493736267089844,6.481378555297852,"⎛ B,C,D,E,F,G,H,I,J,K,L,N,O,P,Q,R,S,T,U ⎞⎛ M ⎞
⎝         b,d,f,h,j,l,n,p,r,t,v         ⎠⎝ ∅ ⎠
",BCDEFGHIJKLMNOPQRSTU,BDFHJLNPRTV
N22A.csv,2,KGeoMIP,0.00030493736267089844,3.441258192062378,"⎛ B,C,D,E,F,G,H,I,J,K,L,N,O,P,Q,R,S,T,U ⎞⎛ M ⎞
⎝         b,d,f,h,j,l,n,p,r,t,v         ⎠⎝ ∅ ⎠
",BCDEFGHIJKLMNOPQRSTU,BDFHJLNPRTV
N22A.csv,3,KQNodes,0.0008895397186279297,6.185418605804443,"⎛ B,C,E,F,G,H,I,J,K,L,N,O,P,Q,R,S,T,U ⎞⎛ D ⎞⎛ M ⎞
⎝        b,d,f,h,j,l,n,p,r,t,v        ⎠⎝ ∅ ⎠⎝ ∅ ⎠
",BCDEFGHIJKLMNOPQRSTU,BDFHJLNPRTV
N22A.csv,3,KGeoMIP,0.11968564987182617,3.404247283935547,"⎛ M ⎞⎛ B,C,D,E,F,H,I,J,K,L,N,O,P,Q,S,T,U ⎞⎛ G,R ⎞
⎝ v ⎠⎝         b,d,f,h,j,l,n,p,t         ⎠⎝  r  ⎠
",BCDEFGHIJKLMNOPQRSTU,BDFHJLNPRTV
N22A.csv,4,KQNodes,0.0016846656799316406,6.441716194152832,"⎛ B,C,E,F,G,H,I,J,L,N,O,P,Q,R,S,T,U ⎞⎛ D ⎞⎛ K ⎞⎛ M ⎞
⎝       b,d,f,h,j,l,n,p,r,t,v       ⎠⎝ ∅ ⎠⎝ ∅ ⎠⎝ ∅ ⎠
",BCDEFGHIJKLMNOPQRSTU,BDFHJLNPRTV
N22A.csv,4,KGeoMIP,0.1398789882659912,5.220430374145508,"⎛ F,J,M,P,T ⎞⎛ B,C,D,E,H,I,K,L,N,O,Q,S,U ⎞⎛ R ⎞⎛ G ⎞
⎝  f,j,p,t  ⎠⎝        b,d,h,l,n,v        ⎠⎝ r ⎠⎝ ∅ ⎠
",BCDEFGHIJKLMNOPQRSTU,BDFHJLNPRTV
N22A.csv,5,KQNodes,0.003968954086303711,11.050023794174194,"⎛ B,C,E,F,G,I,J,L,N,O,P,Q,R,S,T,U ⎞⎛ D ⎞⎛ H ⎞⎛ K ⎞⎛ M ⎞
⎝      b,d,f,h,j,l,n,p,r,t,v      ⎠⎝ ∅ ⎠⎝ ∅ ⎠⎝ ∅ ⎠⎝ ∅ ⎠
",BCDEFGHIJKLMNOPQRSTU,BDFHJLNPRTV
N22A.csv,5,KGeoMIP,0.1424257755279541,3.9834349155426025,"⎛ F,J,M,P,T ⎞⎛ B,C,D,H,I,K,L,N,O,Q ⎞⎛ E,S,U ⎞⎛ R ⎞⎛ G ⎞
⎝  f,j,p,t  ⎠⎝     b,d,h,l,n,v     ⎠⎝   ∅   ⎠⎝ r ⎠⎝ ∅ ⎠
",BCDEFGHIJKLMNOPQRSTU,BDFHJLNPRTV
N22A.csv,2,KQNodes,0.4996371269226074,60.65013408660889,"⎛         A,B,D,E,G,H,J,K,M,N,P,Q,T,V         ⎞⎛ S ⎞
⎝ a,b,c,d,e,f,g,h,i,j,k,l,m,n,o,p,q,r,s,t,u,v ⎠⎝ ∅ ⎠
",ABDEGHJKMNPQSTV,ABCDEFGHIJKLMNOPQRSTUV
N22A.csv,2,KGeoMIP,0.4996371269226074,408.80845832824707,"⎛         A,B,D,E,G,H,J,K,M,N,P,Q,T,V         ⎞⎛ S ⎞
⎝ a,b,c,d,e,f,g,h,i,j,k,l,m,n,o,p,q,r,s,t,u,v ⎠⎝ ∅ ⎠
",ABDEGHJKMNPQSTV,ABCDEFGHIJKLMNOPQRSTUV
N22A.csv,3,KQNodes,0.9994759559631348,152.42923641204834,"⎛          A,B,D,E,G,H,J,K,M,N,Q,T,V          ⎞⎛ P ⎞⎛ S ⎞
⎝ a,b,c,d,e,f,g,h,i,j,k,l,m,n,o,p,q,r,s,t,u,v ⎠⎝ ∅ ⎠⎝ ∅ ⎠
",ABDEGHJKMNPQSTV,ABCDEFGHIJKLMNOPQRSTUV
N22A.csv,3,KGeoMIP,7.445645332336426,408.8748393058777,"⎛ N ⎞⎛        A,E,H,K,S,V        ⎞⎛ B,D,G,J,M,P,Q,T ⎞
⎝ n ⎠⎝ a,c,e,f,h,i,k,l,o,r,s,u,v ⎠⎝ b,d,g,j,m,p,q,t ⎠
",ABDEGHJKMNPQSTV,ABCDEFGHIJKLMNOPQRSTUV
N22A.csv,4,KQNodes,1.4993188381195068,151.5472469329834,"⎛           A,B,D,E,G,J,K,M,N,Q,T,V           ⎞⎛ H ⎞⎛ P ⎞⎛ S ⎞
⎝ a,b,c,d,e,f,g,h,i,j,k,l,m,n,o,p,q,r,s,t,u,v ⎠⎝ ∅ ⎠⎝ ∅ ⎠⎝ ∅ ⎠
",ABDEGHJKMNPQSTV,ABCDEFGHIJKLMNOPQRSTUV
N22A.csv,4,KGeoMIP,7.443610668182373,493.897677898407,"⎛ N ⎞⎛        A,E,H,K,S,V        ⎞⎛ P ⎞⎛ B,D,G,J,M,Q,T ⎞
⎝ n ⎠⎝ a,c,e,f,h,i,k,l,o,r,s,u,v ⎠⎝ p ⎠⎝ b,d,g,j,m,q,t ⎠
",ABDEGHJKMNPQSTV,ABCDEFGHIJKLMNOPQRSTUV
N22A.csv,5,KQNodes,1.9993419647216797,59.595805644989014,"⎛            A,B,D,E,J,K,M,N,Q,T,V            ⎞⎛ G ⎞⎛ H ⎞⎛ P ⎞⎛ S ⎞
⎝ a,b,c,d,e,f,g,h,i,j,k,l,m,n,o,p,q,r,s,t,u,v ⎠⎝ ∅ ⎠⎝ ∅ ⎠⎝ ∅ ⎠⎝ ∅ ⎠
",ABDEGHJKMNPQSTV,ABCDEFGHIJKLMNOPQRSTUV
N22A.csv,5,KGeoMIP,7.466911792755127,262.45484590530396,"⎛ G ⎞⎛        A,E,H,K,N,S,V        ⎞⎛ P ⎞⎛ B,J,M,Q,T ⎞⎛ D ⎞
⎝ g ⎠⎝ a,c,e,f,h,i,k,l,n,o,r,s,u,v ⎠⎝ p ⎠⎝ b,j,m,q,t ⎠⎝ d ⎠
",ABDEGHJKMNPQSTV,ABCDEFGHIJKLMNOPQRSTUV
N22A.csv,2,KQNodes,6.580352783203125e-05,21.887090921401978,"⎛        A,D,E,G,H,J,K,M,N,P,Q,S,T,V        ⎞⎛ B ⎞
⎝ a,b,c,d,e,f,g,h,i,j,k,l,m,n,o,p,q,r,s,t,u ⎠⎝ ∅ ⎠
",ABDEGHJKMNPQSTV,ABCDEFGHIJKLMNOPQRSTU
N22A.csv,2,KGeoMIP,6.580352783203125e-05,138.08443188667297,"⎛        A,D,E,G,H,J,K,M,N,P,Q,S,T,V        ⎞⎛ B ⎞
⎝ a,b,c,d,e,f,g,h,i,j,k,l,m,n,o,p,q,r,s,t,u ⎠⎝ ∅ ⎠
",ABDEGHJKMNPQSTV,ABCDEFGHIJKLMNOPQRSTU
N22A.csv,3,KQNodes,0.00014495849609375,22.129887580871582,"⎛         A,D,E,G,H,J,K,M,N,P,Q,S,T         ⎞⎛ B ⎞⎛ V ⎞
⎝ a,b,c,d,e,f,g,h,i,j,k,l,m,n,o,p,q,r,s,t,u ⎠⎝ ∅ ⎠⎝ ∅ ⎠
",ABDEGHJKMNPQSTV,ABCDEFGHIJKLMNOPQRSTU
N22A.csv,3,KGeoMIP,5.0070037841796875,123.54909825325012,"⎛       V       ⎞⎛ B,E,K,N,Q ⎞⎛ A,D,G,H,J,M,P,S,T ⎞
⎝ c,f,i,l,o,r,u ⎠⎝ b,e,k,n,q ⎠⎝ a,d,g,h,j,m,p,s,t ⎠
",ABDEGHJKMNPQSTV,ABCDEFGHIJKLMNOPQRSTU
N22A.csv,4,KQNodes,0.0002677440643310547,21.96967911720276,"⎛          A,D,E,G,H,J,K,M,P,Q,S,T          ⎞⎛ B ⎞⎛ N ⎞⎛ V ⎞
⎝ a,b,c,d,e,f,g,h,i,j,k,l,m,n,o,p,q,r,s,t,u ⎠⎝ ∅ ⎠⎝ ∅ ⎠⎝ ∅ ⎠
",ABDEGHJKMNPQSTV,ABCDEFGHIJKLMNOPQRSTU
N22A.csv,4,KGeoMIP,5.002408981323242,122.14750599861145,"⎛       V       ⎞⎛ B,E,K,N,Q ⎞⎛ A,D,H,M,P,S ⎞⎛ G,J,T ⎞
⎝ c,f,i,l,o,r,u ⎠⎝ b,e,k,n,q ⎠⎝ a,d,h,m,p,s ⎠⎝ g,j,t ⎠
",ABDEGHJKMNPQSTV,ABCDEFGHIJKLMNOPQRSTU
N22A.csv,5,KQNodes,0.0003979206085205078,40.64128828048706,"⎛           A,D,E,G,H,J,K,M,P,S,T           ⎞⎛ B ⎞⎛ N ⎞⎛ Q ⎞⎛ V ⎞
⎝ a,b,c,d,e,f,g,h,i,j,k,l,m,n,o,p,q,r,s,t,u ⎠⎝ ∅ ⎠⎝ ∅ ⎠⎝ ∅ ⎠⎝ ∅ ⎠
",ABDEGHJKMNPQSTV,ABCDEFGHIJKLMNOPQRSTU
N22A.csv,5,KGeoMIP,5.004364490509033,167.75470423698425,"⎛       V       ⎞⎛ B,E,K,N,Q ⎞⎛ M ⎞⎛ A,D,H,P,S ⎞⎛ G,J,T ⎞
⎝ c,f,i,l,o,r,u ⎠⎝ b,e,k,n,q ⎠⎝ m ⎠⎝ a,d,h,p,s ⎠⎝ g,j,t ⎠
",ABDEGHJKMNPQSTV,ABCDEFGHIJKLMNOPQRSTU
N22A.csv,2,KQNodes,6.580352783203125e-05,28.841463565826416,"⎛        A,D,E,G,H,J,K,M,N,P,Q,S,T,V        ⎞⎛ B ⎞
⎝ b,c,d,e,f,g,h,i,j,k,l,m,n,o,p,q,r,s,t,u,v ⎠⎝ ∅ ⎠
",ABDEGHJKMNPQSTV,BCDEFGHIJKLMNOPQRSTUV
N22A.csv,2,KGeoMIP,6.580352783203125e-05,131.64374446868896,"⎛        A,D,E,G,H,J,K,M,N,P,Q,S,T,V        ⎞⎛ B ⎞
⎝ b,c,d,e,f,g,h,i,j,k,l,m,n,o,p,q,r,s,t,u,v ⎠⎝ ∅ ⎠
",ABDEGHJKMNPQSTV,BCDEFGHIJKLMNOPQRSTUV
N22A.csv,3,KQNodes,0.00018858909606933594,28.641504526138306,"⎛         A,D,E,G,H,J,K,M,P,Q,S,T,V         ⎞⎛ B ⎞⎛ N ⎞
⎝ b,c,d,e,f,g,h,i,j,k,l,m,n,o,p,q,r,s,t,u,v ⎠⎝ ∅ ⎠⎝ ∅ ⎠
",ABDEGHJKMNPQSTV,BCDEFGHIJKLMNOPQRSTUV
N22A.csv,3,KGeoMIP,3.8134384155273438,121.34330105781555,"⎛ T ⎞⎛       A,B,D,E,H,J,K,N,P,Q,S,V       ⎞⎛ G,M ⎞
⎝ t ⎠⎝ b,c,d,e,f,h,i,j,k,l,n,o,p,q,r,s,u,v ⎠⎝ g,m ⎠
",ABDEGHJKMNPQSTV,BCDEFGHIJKLMNOPQRSTUV
N22A.csv,4,KQNodes,0.0003352165222167969,28.592437982559204,"⎛          A,D,G,H,J,K,M,P,Q,S,T,V          ⎞⎛ B ⎞⎛ E ⎞⎛ N ⎞
⎝ b,c,d,e,f,g,h,i,j,k,l,m,n,o,p,q,r,s,t,u,v ⎠⎝ ∅ ⎠⎝ ∅ ⎠⎝ ∅ ⎠
",ABDEGHJKMNPQSTV,BCDEFGHIJKLMNOPQRSTUV
N22A.csv,4,KGeoMIP,4.009910583496094,122.25148510932922,"⎛        E        ⎞⎛ A,B,J,K,N ⎞⎛ D,H,P,Q,S,V ⎞⎛ G,M,T ⎞
⎝ c,e,f,i,l,o,r,u ⎠⎝  b,j,k,n  ⎠⎝ d,h,p,q,s,v ⎠⎝ g,m,t ⎠
",ABDEGHJKMNPQSTV,BCDEFGHIJKLMNOPQRSTUV
N22A.csv,5,KQNodes,0.0004963874816894531,28.50276827812195,"⎛           A,D,G,H,J,K,M,Q,S,T,V           ⎞⎛ B ⎞⎛ E ⎞⎛ N ⎞⎛ P ⎞
⎝ b,c,d,e,f,g,h,i,j,k,l,m,n,o,p,q,r,s,t,u,v ⎠⎝ ∅ ⎠⎝ ∅ ⎠⎝ ∅ ⎠⎝ ∅ ⎠
",ABDEGHJKMNPQSTV,BCDEFGHIJKLMNOPQRSTUV
N22A.csv,5,KGeoMIP,4.009593963623047,119.46688485145569,"⎛        E        ⎞⎛ B,J,K,N ⎞⎛ A ⎞⎛ D,H,P,Q,S,V ⎞⎛ G,M,T ⎞
⎝ c,e,f,i,l,o,r,u ⎠⎝ b,j,k,n ⎠⎝ ∅ ⎠⎝ d,h,p,q,s,v ⎠⎝ g,m,t ⎠
",ABDEGHJKMNPQSTV,BCDEFGHIJKLMNOPQRSTUV
N22A.csv,2,KQNodes,0.0001227855682373047,12.057387351989746,"⎛       A,B,D,E,G,H,J,K,M,P,Q,S,T,V       ⎞⎛ N ⎞
⎝ b,c,d,e,f,g,h,i,j,k,l,m,n,o,p,q,r,s,t,u ⎠⎝ ∅ ⎠
",ABDEGHJKMNPQSTV,BCDEFGHIJKLMNOPQRSTU
N22A.csv,2,KGeoMIP,0.0001227855682373047,63.98335146903992,"⎛       A,B,D,E,G,H,J,K,M,P,Q,S,T,V       ⎞⎛ N ⎞
⎝ b,c,d,e,f,g,h,i,j,k,l,m,n,o,p,q,r,s,t,u ⎠⎝ ∅ ⎠
",ABDEGHJKMNPQSTV,BCDEFGHIJKLMNOPQRSTU
N22A.csv,3,KQNodes,0.0002694129943847656,12.4399893283844,"⎛        A,B,D,G,H,J,K,M,P,Q,S,T,V        ⎞⎛ E ⎞⎛ N ⎞
⎝ b,c,d,e,f,g,h,i,j,k,l,m,n,o,p,q,r,s,t,u ⎠⎝ ∅ ⎠⎝ ∅ ⎠
",ABDEGHJKMNPQSTV,BCDEFGHIJKLMNOPQRSTU
N22A.csv,3,KGeoMIP,3.1251955032348633,58.93769431114197,"⎛      A,B,D,E,H,J,K,M,N,P,Q,S,V      ⎞⎛ T ⎞⎛ G ⎞
⎝ b,c,d,e,f,h,i,j,k,l,m,n,o,p,q,r,s,u ⎠⎝ t ⎠⎝ g ⎠
",ABDEGHJKMNPQSTV,BCDEFGHIJKLMNOPQRSTU
N22A.csv,4,KQNodes,0.0004305839538574219,12.051615238189697,"⎛         A,B,D,G,H,J,K,M,Q,S,T,V         ⎞⎛ E ⎞⎛ N ⎞⎛ P ⎞
⎝ b,c,d,e,f,g,h,i,j,k,l,m,n,o,p,q,r,s,t,u ⎠⎝ ∅ ⎠⎝ ∅ ⎠⎝ ∅ ⎠
",ABDEGHJKMNPQSTV,BCDEFGHIJKLMNOPQRSTU
N22A.csv,4,KGeoMIP,3.31307315826416,58.24171757698059,"⎛ Q ⎞⎛      A,B,D,E,H,J,K,M,N,P,S,V      ⎞⎛ T ⎞⎛ G ⎞
⎝ q ⎠⎝ b,c,d,e,f,h,i,j,k,l,m,n,o,p,r,s,u ⎠⎝ t ⎠⎝ g ⎠
",ABDEGHJKMNPQSTV,BCDEFGHIJKLMNOPQRSTU
N22A.csv,5,KQNodes,0.2502734661102295,12.40433645248413,"⎛          A,B,D,G,J,K,M,Q,S,T,V          ⎞⎛ E ⎞⎛ H ⎞⎛ N ⎞⎛ P ⎞
⎝ b,c,d,e,f,g,h,i,j,k,l,m,n,o,p,q,r,s,t,u ⎠⎝ ∅ ⎠⎝ ∅ ⎠⎝ ∅ ⎠⎝ ∅ ⎠
",ABDEGHJKMNPQSTV,BCDEFGHIJKLMNOPQRSTU
N22A.csv,5,KGeoMIP,3.488663673400879,59.07743740081787,"⎛        N        ⎞⎛ A,D,E,J,K,P,Q,S,V ⎞⎛ B,H,M ⎞⎛ T ⎞⎛ G ⎞
⎝ c,f,i,l,n,o,r,u ⎠⎝   d,e,j,k,p,q,s   ⎠⎝ b,h,m ⎠⎝ t ⎠⎝ g ⎠
",ABDEGHJKMNPQSTV,BCDEFGHIJKLMNOPQRSTU
N22A.csv,2,KQNodes,0.00018334388732910156,3.2372686862945557,"⎛  A,B,D,E,G,H,J,K,N,P,Q,S,T,V  ⎞⎛ M ⎞
⎝ a,b,d,e,g,h,j,k,m,n,p,q,s,t,v ⎠⎝ ∅ ⎠
",ABDEGHJKMNPQSTV,ABDEGHJKMNPQSTV
N22A.csv,2,KGeoMIP,0.00018334388732910156,2.4678239822387695,"⎛  A,B,D,E,G,H,J,K,N,P,Q,S,T,V  ⎞⎛ M ⎞
⎝ a,b,d,e,g,h,j,k,m,n,p,q,s,t,v ⎠⎝ ∅ ⎠
",ABDEGHJKMNPQSTV,ABDEGHJKMNPQSTV
N22A.csv,3,KQNodes,0.3213379383087158,3.280601978302002,"⎛   A,E,G,H,K,N,P,Q,S,T,V   ⎞⎛ B,D,J ⎞⎛ M ⎞
⎝ a,b,d,e,g,h,j,m,n,p,s,t,v ⎠⎝  k,q  ⎠⎝ ∅ ⎠
",ABDEGHJKMNPQSTV,ABDEGHJKMNPQSTV
N22A.csv,3,KGeoMIP,0.3943166732788086,2.3247928619384766,"⎛ S ⎞⎛ A,B,D,E,G,J,K,M,N,P,Q,T,V ⎞⎛ H ⎞
⎝ s ⎠⎝ a,b,d,e,g,j,k,m,n,p,q,t,v ⎠⎝ h ⎠
",ABDEGHJKMNPQSTV,ABDEGHJKMNPQSTV
N22A.csv,4,KQNodes,0.32155680656433105,3.2792580127716064,"⎛   A,E,G,H,K,N,P,Q,S,T,V   ⎞⎛ ∅ ⎞⎛ B,D,J ⎞⎛ M ⎞
⎝ a,b,d,e,g,h,j,m,n,p,s,t,v ⎠⎝ k ⎠⎝   q   ⎠⎝ ∅ ⎠
",ABDEGHJKMNPQSTV,ABDEGHJKMNPQSTV
N22A.csv,4,KGeoMIP,0.463498592376709,2.358360528945923,"⎛ M ⎞⎛ A,E,G,J,K,N,P,Q,V ⎞⎛ B,D,S,T ⎞⎛ H ⎞
⎝ m ⎠⎝ a,e,g,j,k,n,p,q,v ⎠⎝ b,d,s,t ⎠⎝ h ⎠
",ABDEGHJKMNPQSTV,ABDEGHJKMNPQSTV
N22A.csv,5,KQNodes,0.32166004180908203,3.280273199081421,"⎛   A,E,G,H,K,N,P,Q,S,T,V   ⎞⎛ ∅ ⎞⎛ B,D ⎞⎛ J ⎞⎛ M ⎞
⎝ a,b,d,e,g,h,j,m,n,p,s,t,v ⎠⎝ k ⎠⎝  q  ⎠⎝ ∅ ⎠⎝ ∅ ⎠
",ABDEGHJKMNPQSTV,ABDEGHJKMNPQSTV
N22A.csv,5,KGeoMIP,0.4690589904785156,2.3192269802093506,"⎛ Q ⎞⎛ K ⎞⎛ A,E,G,J,M,N,P,V ⎞⎛ B,D,S,T ⎞⎛ H ⎞
⎝ q ⎠⎝ k ⎠⎝ a,e,g,j,m,n,p,v ⎠⎝ b,d,s,t ⎠⎝ h ⎠
",ABDEGHJKMNPQSTV,ABDEGHJKMNPQSTV
N22A.csv,2,KQNodes,0.0006349086761474609,3.7897121906280518,"⎛ A,B,D,G,H,J,K,M,N,P,Q,S,T,V ⎞⎛ E ⎞
⎝    a,c,e,g,i,k,m,o,q,s,u    ⎠⎝ ∅ ⎠
",ABDEGHJKMNPQSTV,ACEGIKMOQSU
N22A.csv,2,KGeoMIP,0.0006349086761474609,2.5474236011505127,"⎛ A,B,D,G,H,J,K,M,N,P,Q,S,T,V ⎞⎛ E ⎞
⎝    a,c,e,g,i,k,m,o,q,s,u    ⎠⎝ ∅ ⎠
",ABDEGHJKMNPQSTV,ACEGIKMOQSU
N22A.csv,3,KQNodes,0.01010274887084961,3.759632110595703,"⎛ A,B,D,G,H,K,M,N,P,Q,S,T,V ⎞⎛ E ⎞⎛ J ⎞
⎝   a,c,e,g,i,k,m,o,q,s,u   ⎠⎝ ∅ ⎠⎝ ∅ ⎠
",ABDEGHJKMNPQSTV,ACEGIKMOQSU
N22A.csv,3,KGeoMIP,0.12777996063232422,2.5441925525665283,"⎛ A,E,G,H ⎞⎛ B,J,K,P,Q,T ⎞⎛ D,M,N,S,V ⎞
⎝  a,e,g  ⎠⎝ c,i,k,o,q,u ⎠⎝    m,s    ⎠
",ABDEGHJKMNPQSTV,ACEGIKMOQSU
N22A.csv,4,KQNodes,0.09770727157592773,3.7806832790374756,"⎛ A,B,D,G,H,P,Q,S,T,V ⎞⎛ K,M,N ⎞⎛ E ⎞⎛ J ⎞
⎝   a,c,g,i,k,o,s,u   ⎠⎝ e,m,q ⎠⎝ ∅ ⎠⎝ ∅ ⎠
",ABDEGHJKMNPQSTV,ACEGIKMOQSU
N22A.csv,4,KGeoMIP,0.1273798942565918,2.538905143737793,"⎛ A,E,G,H ⎞⎛ P,Q ⎞⎛  B,J,K,T  ⎞⎛ D,M,N,S,V ⎞
⎝  a,e,g  ⎠⎝  q  ⎠⎝ c,i,k,o,u ⎠⎝    m,s    ⎠
",ABDEGHJKMNPQSTV,ACEGIKMOQSU
N22A.csv,5,KQNodes,0.09835481643676758,3.767977714538574,"⎛ A,B,D,G,H,P,Q,S,T,V ⎞⎛ M,N ⎞⎛ K ⎞⎛ E ⎞⎛ J ⎞
⎝   a,c,g,i,k,o,s,u   ⎠⎝ e,m ⎠⎝ q ⎠⎝ ∅ ⎠⎝ ∅ ⎠
",ABDEGHJKMNPQSTV,ACEGIKMOQSU
N22A.csv,5,KGeoMIP,0.126220703125,2.547520875930786,"⎛ A,E,G,H ⎞⎛ P,Q ⎞⎛  B,J,K,T  ⎞⎛ M ⎞⎛ D,N,S,V ⎞
⎝  a,e,g  ⎠⎝  q  ⎠⎝ c,i,k,o,u ⎠⎝ m ⎠⎝    s    ⎠
",ABDEGHJKMNPQSTV,ACEGIKMOQSU
N22A.csv,2,KQNodes,0.00030493736267089844,3.8060152530670166,"⎛ A,B,D,E,G,H,J,K,N,P,Q,S,T,V ⎞⎛ M ⎞
⎝    b,d,f,h,j,l,n,p,r,t,v    ⎠⎝ ∅ ⎠
",ABDEGHJKMNPQSTV,BDFHJLNPRTV
N22A.csv,2,KGeoMIP,0.00030493736267089844,2.577955484390259,"⎛ A,B,D,E,G,H,J,K,N,P,Q,S,T,V ⎞⎛ M ⎞
⎝    b,d,f,h,j,l,n,p,r,t,v    ⎠⎝ ∅ ⎠
",ABDEGHJKMNPQSTV,BDFHJLNPRTV
N22A.csv,3,KQNodes,0.0008895397186279297,3.78935170173645,"⎛ A,B,E,G,H,J,K,N,P,Q,S,T,V ⎞⎛ D ⎞⎛ M ⎞
⎝   b,d,f,h,j,l,n,p,r,t,v   ⎠⎝ ∅ ⎠⎝ ∅ ⎠
",ABDEGHJKMNPQSTV,BDFHJLNPRTV
N22A.csv,3,KGeoMIP,0.028694629669189453,2.576716661453247,"⎛ B,D,E,H,J,K,M,N,P,Q,S,T,V ⎞⎛ G ⎞⎛ A ⎞
⎝   b,d,f,h,j,l,n,p,r,t,v   ⎠⎝ ∅ ⎠⎝ ∅ ⎠
",ABDEGHJKMNPQSTV,BDFHJLNPRTV
N22A.csv,4,KQNodes,0.0016846656799316406,3.7739973068237305,"⎛ A,B,E,G,H,J,N,P,Q,S,T,V ⎞⎛ D ⎞⎛ K ⎞⎛ M ⎞
⎝  b,d,f,h,j,l,n,p,r,t,v  ⎠⎝ ∅ ⎠⎝ ∅ ⎠⎝ ∅ ⎠
",ABDEGHJKMNPQSTV,BDFHJLNPRTV
N22A.csv,4,KGeoMIP,0.029489755630493164,2.564605236053467,"⎛ K ⎞⎛ B,D,E,H,J,M,N,P,Q,S,T,V ⎞⎛ G ⎞⎛ A ⎞
⎝ ∅ ⎠⎝  b,d,f,h,j,l,n,p,r,t,v  ⎠⎝ ∅ ⎠⎝ ∅ ⎠
",ABDEGHJKMNPQSTV,BDFHJLNPRTV
N22A.csv,5,KQNodes,0.0035123825073242188,3.7641899585723877,"⎛ A,B,E,G,H,J,N,P,Q,T,V ⎞⎛ D ⎞⎛ K ⎞⎛ M ⎞⎛ S ⎞
⎝ b,d,f,h,j,l,n,p,r,t,v ⎠⎝ ∅ ⎠⎝ ∅ ⎠⎝ ∅ ⎠⎝ ∅ ⎠
",ABDEGHJKMNPQSTV,BDFHJLNPRTV
N22A.csv,5,KGeoMIP,0.09028458595275879,2.570873498916626,"⎛ J,M,P,T ⎞⎛ B,D,H,K,N,Q,S,V ⎞⎛ E ⎞⎛ G ⎞⎛ A ⎞
⎝  j,p,t  ⎠⎝ b,d,f,h,l,n,r,v ⎠⎝ ∅ ⎠⎝ ∅ ⎠⎝ ∅ ⎠
",ABDEGHJKMNPQSTV,BDFHJLNPRTV
N22A.csv,2,KQNodes,0.4996371269226074,59.04537010192871,"⎛             A,C,E,G,I,K,M,O,Q,U             ⎞⎛ S ⎞
⎝ a,b,c,d,e,f,g,h,i,j,k,l,m,n,o,p,q,r,s,t,u,v ⎠⎝ ∅ ⎠
",ACEGIKMOQSU,ABCDEFGHIJKLMNOPQRSTUV
N22A.csv,2,KGeoMIP,0.4996371269226074,282.59194254875183,"⎛             A,C,E,G,I,K,M,O,Q,U             ⎞⎛ S ⎞
⎝ a,b,c,d,e,f,g,h,i,j,k,l,m,n,o,p,q,r,s,t,u,v ⎠⎝ ∅ ⎠
",ACEGIKMOQSU,ABCDEFGHIJKLMNOPQRSTUV
N22A.csv,3,KQNodes,0.9994304180145264,60.18314719200134,"⎛              A,C,E,G,I,K,M,Q,U              ⎞⎛ O ⎞⎛ S ⎞
⎝ a,b,c,d,e,f,g,h,i,j,k,l,m,n,o,p,q,r,s,t,u,v ⎠⎝ ∅ ⎠⎝ ∅ ⎠
",ACEGIKMOQSU,ABCDEFGHIJKLMNOPQRSTUV
N22A.csv,3,KGeoMIP,5.436396598815918,255.46007633209229,"⎛ K ⎞⎛            A,E,I,O,S            ⎞⎛ C,G,M,Q,U ⎞
⎝ k ⎠⎝ a,b,d,e,f,h,i,j,l,n,o,p,r,s,t,v ⎠⎝ c,g,m,q,u ⎠
",ACEGIKMOQSU,ABCDEFGHIJKLMNOPQRSTUV
N22A.csv,4,KQNodes,1.499290943145752,59.913084506988525,"⎛               A,C,E,G,K,M,Q,U               ⎞⎛ I ⎞⎛ O ⎞⎛ S ⎞
⎝ a,b,c,d,e,f,g,h,i,j,k,l,m,n,o,p,q,r,s,t,u,v ⎠⎝ ∅ ⎠⎝ ∅ ⎠⎝ ∅ ⎠
",ACEGIKMOQSU,ABCDEFGHIJKLMNOPQRSTUV
N22A.csv,4,KGeoMIP,5.3818793296813965,254.13361287117004,"⎛ K ⎞⎛            A,E,I,S            ⎞⎛ O ⎞⎛ C,G,M,Q,U ⎞
⎝ k ⎠⎝ a,b,d,e,f,h,i,j,l,n,p,r,s,t,v ⎠⎝ o ⎠⎝ c,g,m,q,u ⎠
",ACEGIKMOQSU,ABCDEFGHIJKLMNOPQRSTUV
N22A.csv,5,KQNodes,1.9994211196899414,64.10164213180542,"⎛                A,C,E,G,K,M,U                ⎞⎛ I ⎞⎛ O ⎞⎛ Q ⎞⎛ S ⎞
⎝ a,b,c,d,e,f,g,h,i,j,k,l,m,n,o,p,q,r,s,t,u,v ⎠⎝ ∅ ⎠⎝ ∅ ⎠⎝ ∅ ⎠⎝ ∅ ⎠
",ACEGIKMOQSU,ABCDEFGHIJKLMNOPQRSTUV
N22A.csv,5,KGeoMIP,5.380843162536621,251.08926796913147,"⎛ K ⎞⎛            A,E,I,S            ⎞⎛ O ⎞⎛ U ⎞⎛ C,G,M,Q ⎞
⎝ k ⎠⎝ a,b,d,e,f,h,i,j,l,n,p,r,s,t,v ⎠⎝ o ⎠⎝ u ⎠⎝ c,g,m,q ⎠
",ACEGIKMOQSU,ABCDEFGHIJKLMNOPQRSTUV
N22A.csv,2,KQNodes,3.7670135498046875e-05,10.932633638381958,"⎛            A,E,G,I,K,M,O,Q,S,U            ⎞⎛ C ⎞
⎝ a,b,c,d,e,f,g,h,i,j,k,l,m,n,o,p,q,r,s,t,u ⎠⎝ ∅ ⎠
",ACEGIKMOQSU,ABCDEFGHIJKLMNOPQRSTU
N22A.csv,2,KGeoMIP,3.7670135498046875e-05,127.73876476287842,"⎛            A,E,G,I,K,M,O,Q,S,U            ⎞⎛ C ⎞
⎝ a,b,c,d,e,f,g,h,i,j,k,l,m,n,o,p,q,r,s,t,u ⎠⎝ ∅ ⎠
",ACEGIKMOQSU,ABCDEFGHIJKLMNOPQRSTU
N22A.csv,3,KQNodes,0.0001678466796875,10.841157674789429,"⎛             A,E,G,I,K,M,O,S,U             ⎞⎛ C ⎞⎛ Q ⎞
⎝ a,b,c,d,e,f,g,h,i,j,k,l,m,n,o,p,q,r,s,t,u ⎠⎝ ∅ ⎠⎝ ∅ ⎠
",ACEGIKMOQSU,ABCDEFGHIJKLMNOPQRSTU
N22A.csv,3,KGeoMIP,2.5000057220458984,120.17055130004883,"⎛ A ⎞⎛           C,E,I,K,M,O,Q,S,U           ⎞⎛ G ⎞
⎝ a ⎠⎝ b,c,d,e,f,h,i,j,k,l,m,n,o,p,q,r,s,t,u ⎠⎝ g ⎠
",ACEGIKMOQSU,ABCDEFGHIJKLMNOPQRSTU
N22A.csv,4,KQNodes,0.00030732154846191406,10.868319749832153,"⎛              A,E,G,K,M,O,S,U              ⎞⎛ C ⎞⎛ I ⎞⎛ Q ⎞
⎝ a,b,c,d,e,f,g,h,i,j,k,l,m,n,o,p,q,r,s,t,u ⎠⎝ ∅ ⎠⎝ ∅ ⎠⎝ ∅ ⎠
",ACEGIKMOQSU,ABCDEFGHIJKLMNOPQRSTU
N22A.csv,4,KGeoMIP,2.998368740081787,118.04689693450928,"⎛ E ⎞⎛           I,K,O,Q           ⎞⎛ A,C,M,S,U ⎞⎛ G ⎞
⎝ e ⎠⎝ b,d,f,h,i,j,k,l,n,o,p,q,r,t ⎠⎝ a,c,m,s,u ⎠⎝ g ⎠
",ACEGIKMOQSU,ABCDEFGHIJKLMNOPQRSTU
N22A.csv,5,KQNodes,0.0004906654357910156,10.810693502426147,"⎛               A,E,G,K,O,S,U               ⎞⎛ C ⎞⎛ I ⎞⎛ M ⎞⎛ Q ⎞
⎝ a,b,c,d,e,f,g,h,i,j,k,l,m,n,o,p,q,r,s,t,u ⎠⎝ ∅ ⎠⎝ ∅ ⎠⎝ ∅ ⎠⎝ ∅ ⎠
",ACEGIKMOQSU,ABCDEFGHIJKLMNOPQRSTU
N22A.csv,5,KGeoMIP,3.007025718688965,117.33687281608582,"⎛ I,O,Q ⎞⎛ E,K ⎞⎛          ∅          ⎞⎛ A,C,M,S,U ⎞⎛ G ⎞
⎝ i,o,q ⎠⎝ e,k ⎠⎝ b,d,f,h,j,l,n,p,r,t ⎠⎝ a,c,m,s,u ⎠⎝ g ⎠
",ACEGIKMOQSU,ABCDEFGHIJKLMNOPQRSTU
N22A.csv,2,KQNodes,3.7670135498046875e-05,16.92319655418396,"⎛            A,E,G,I,K,M,O,Q,S,U            ⎞⎛ C ⎞
⎝ b,c,d,e,f,g,h,i,j,k,l,m,n,o,p,q,r,s,t,u,v ⎠⎝ ∅ ⎠
",ACEGIKMOQSU,BCDEFGHIJKLMNOPQRSTUV
N22A.csv,2,KGeoMIP,3.7670135498046875e-05,128.88589119911194,"⎛            A,E,G,I,K,M,O,Q,S,U            ⎞⎛ C ⎞
⎝ b,c,d,e,f,g,h,i,j,k,l,m,n,o,p,q,r,s,t,u,v ⎠⎝ ∅ ⎠
",ACEGIKMOQSU,BCDEFGHIJKLMNOPQRSTUV
N22A.csv,3,KQNodes,0.00017714500427246094,16.967308282852173,"⎛             A,E,G,K,M,O,Q,S,U             ⎞⎛ C ⎞⎛ I ⎞
⎝ b,c,d,e,f,g,h,i,j,k,l,m,n,o,p,q,r,s,t,u,v ⎠⎝ ∅ ⎠⎝ ∅ ⎠
",ACEGIKMOQSU,BCDEFGHIJKLMNOPQRSTUV
N22A.csv,3,KGeoMIP,2.5093860626220703,118.67023706436157,"⎛            O            ⎞⎛ A,C,E,I,K,Q,S ⎞⎛ G,M,U ⎞
⎝ b,d,f,h,j,l,n,o,p,r,t,v ⎠⎝  c,e,i,k,q,s  ⎠⎝ g,m,u ⎠
",ACEGIKMOQSU,BCDEFGHIJKLMNOPQRSTUV
N22A.csv,4,KQNodes,0.0003237724304199219,16.86331343650818,"⎛              A,G,K,M,O,Q,S,U              ⎞⎛ C ⎞⎛ E ⎞⎛ I ⎞
⎝ b,c,d,e,f,g,h,i,j,k,l,m,n,o,p,q,r,s,t,u,v ⎠⎝ ∅ ⎠⎝ ∅ ⎠⎝ ∅ ⎠
",ACEGIKMOQSU,BCDEFGHIJKLMNOPQRSTUV
N22A.csv,4,KGeoMIP,2.5065078735351562,116.79043889045715,"⎛ A,E,K,O ⎞⎛           ∅           ⎞⎛ C,I,Q,S ⎞⎛ G,M,U ⎞
⎝  e,k,o  ⎠⎝ b,d,f,h,j,l,n,p,r,t,v ⎠⎝ c,i,q,s ⎠⎝ g,m,u ⎠
",ACEGIKMOQSU,BCDEFGHIJKLMNOPQRSTUV
N22A.csv,5,KQNodes,0.0005052089691162109,16.83982801437378,"⎛               A,G,M,O,Q,S,U               ⎞⎛ C ⎞⎛ E ⎞⎛ I ⎞⎛ K ⎞
⎝ b,c,d,e,f,g,h,i,j,k,l,m,n,o,p,q,r,s,t,u,v ⎠⎝ ∅ ⎠⎝ ∅ ⎠⎝ ∅ ⎠⎝ ∅ ⎠
",ACEGIKMOQSU,BCDEFGHIJKLMNOPQRSTUV
N22A.csv,5,KGeoMIP,2.506664514541626,116.32494449615479,"⎛ E,K,O ⎞⎛ A ⎞⎛           ∅           ⎞⎛ C,I,Q,S ⎞⎛ G,M,U ⎞
⎝ e,k,o ⎠⎝ ∅ ⎠⎝ b,d,f,h,j,l,n,p,r,t,v ⎠⎝ c,i,q,s ⎠⎝ g,m,u ⎠
",ACEGIKMOQSU,BCDEFGHIJKLMNOPQRSTUV
N22A.csv,2,KQNodes,3.7670135498046875e-05,9.385647058486938,"⎛           A,E,G,I,K,M,O,Q,S,U           ⎞⎛ C ⎞
⎝ b,c,d,e,f,g,h,i,j,k,l,m,n,o,p,q,r,s,t,u ⎠⎝ ∅ ⎠
",ACEGIKMOQSU,BCDEFGHIJKLMNOPQRSTU
N22A.csv,2,KGeoMIP,3.7670135498046875e-05,60.67379355430603,"⎛           A,E,G,I,K,M,O,Q,S,U           ⎞⎛ C ⎞
⎝ b,c,d,e,f,g,h,i,j,k,l,m,n,o,p,q,r,s,t,u ⎠⎝ ∅ ⎠
",ACEGIKMOQSU,BCDEFGHIJKLMNOPQRSTU
N22A.csv,3,KQNodes,0.0001842975616455078,9.386752367019653,"⎛            A,G,I,K,M,O,Q,S,U            ⎞⎛ C ⎞⎛ E ⎞
⎝ b,c,d,e,f,g,h,i,j,k,l,m,n,o,p,q,r,s,t,u ⎠⎝ ∅ ⎠⎝ ∅ ⎠
",ACEGIKMOQSU,BCDEFGHIJKLMNOPQRSTU
N22A.csv,3,KGeoMIP,2.37520170211792,55.756901264190674,"⎛ M ⎞⎛          A,C,E,I,K,O,Q,S,U          ⎞⎛ G ⎞
⎝ m ⎠⎝ b,c,d,e,f,h,i,j,k,l,n,o,p,q,r,s,t,u ⎠⎝ g ⎠
",ACEGIKMOQSU,BCDEFGHIJKLMNOPQRSTU
N22A.csv,4,KQNodes,0.24982142448425293,9.37473726272583,"⎛             A,G,I,K,M,O,Q,U             ⎞⎛ C ⎞⎛ E ⎞⎛ S ⎞
⎝ b,c,d,e,f,g,h,i,j,k,l,m,n,o,p,q,r,s,t,u ⎠⎝ ∅ ⎠⎝ ∅ ⎠⎝ ∅ ⎠
",ACEGIKMOQSU,BCDEFGHIJKLMNOPQRSTU
N22A.csv,4,KGeoMIP,2.640875816345215,55.09238266944885,"⎛ Q ⎞⎛          A,C,E,I,K,O,S          ⎞⎛ M,U ⎞⎛ G ⎞
⎝ q ⎠⎝ b,c,d,e,f,h,i,j,k,l,n,o,p,r,s,t ⎠⎝ m,u ⎠⎝ g ⎠
",ACEGIKMOQSU,BCDEFGHIJKLMNOPQRSTU
N22A.csv,5,KQNodes,0.4999516010284424,9.333376169204712,"⎛              A,G,I,K,M,O,U              ⎞⎛ C ⎞⎛ E ⎞⎛ Q ⎞⎛ S ⎞
⎝ b,c,d,e,f,g,h,i,j,k,l,m,n,o,p,q,r,s,t,u ⎠⎝ ∅ ⎠⎝ ∅ ⎠⎝ ∅ ⎠⎝ ∅ ⎠
",ACEGIKMOQSU,BCDEFGHIJKLMNOPQRSTU
N22A.csv,5,KGeoMIP,2.749021053314209,55.22785043716431,"⎛ C ⎞⎛          A,K          ⎞⎛ E,I,O,Q,S ⎞⎛ M,U ⎞⎛ G ⎞
⎝ c ⎠⎝ b,d,f,h,j,k,l,n,p,r,t ⎠⎝ e,i,o,q,s ⎠⎝ m,u ⎠⎝ g ⎠
",ACEGIKMOQSU,BCDEFGHIJKLMNOPQRSTU
N22A.csv,2,KQNodes,0.00018334388732910156,2.022977828979492,"⎛      A,C,E,G,I,K,O,Q,S,U      ⎞⎛ M ⎞
⎝ a,b,d,e,g,h,j,k,m,n,p,q,s,t,v ⎠⎝ ∅ ⎠
",ACEGIKMOQSU,ABDEGHJKMNPQSTV
N22A.csv,2,KGeoMIP,0.00018334388732910156,2.1270740032196045,"⎛      A,C,E,G,I,K,O,Q,S,U      ⎞⎛ M ⎞
⎝ a,b,d,e,g,h,j,k,m,n,p,q,s,t,v ⎠⎝ ∅ ⎠
",ACEGIKMOQSU,ABDEGHJKMNPQSTV
N22A.csv,3,KQNodes,0.06250190734863281,2.0121655464172363,"⎛       A,C,E,G,I,O,Q,S,U       ⎞⎛ K ⎞⎛ M ⎞
⎝ a,b,d,e,g,h,j,k,m,n,p,q,s,t,v ⎠⎝ ∅ ⎠⎝ ∅ ⎠
",ACEGIKMOQSU,ABDEGHJKMNPQSTV
N22A.csv,3,KGeoMIP,0.0779566764831543,1.9604551792144775,"⎛ U ⎞⎛       A,C,E,G,I,K,M,Q,S       ⎞⎛ O ⎞
⎝ ∅ ⎠⎝ a,b,d,e,g,h,j,k,m,n,p,q,s,t,v ⎠⎝ ∅ ⎠
",ACEGIKMOQSU,ABDEGHJKMNPQSTV
N22A.csv,4,KQNodes,0.13295388221740723,2.0238234996795654,"⎛        A,C,E,G,O,Q,S,U        ⎞⎛ I ⎞⎛ K ⎞⎛ M ⎞
⎝ a,b,d,e,g,h,j,k,m,n,p,q,s,t,v ⎠⎝ ∅ ⎠⎝ ∅ ⎠⎝ ∅ ⎠
",ACEGIKMOQSU,ABDEGHJKMNPQSTV
N22A.csv,4,KGeoMIP,0.3134281635284424,1.9860458374023438,"⎛ K ⎞⎛ E,G ⎞⎛      A,C,I,M,Q,S,U      ⎞⎛ O ⎞
⎝ k ⎠⎝ e,g ⎠⎝ a,b,d,h,j,m,n,p,q,s,t,v ⎠⎝ ∅ ⎠
",ACEGIKMOQSU,ABDEGHJKMNPQSTV
N22A.csv,5,KQNodes,0.2618601322174072,2.026440382003784,"⎛       A,C,E,G,O,Q,S,U       ⎞⎛ ∅ ⎞⎛ I ⎞⎛ K ⎞⎛ M ⎞
⎝ a,b,d,e,g,h,k,m,n,p,q,s,t,v ⎠⎝ j ⎠⎝ ∅ ⎠⎝ ∅ ⎠⎝ ∅ ⎠
",ACEGIKMOQSU,ABDEGHJKMNPQSTV
N22A.csv,5,KGeoMIP,0.31925511360168457,1.9724256992340088,"⎛ K ⎞⎛ E,G ⎞⎛         A,M,Q         ⎞⎛ C,I,S,U ⎞⎛ O ⎞
⎝ k ⎠⎝ e,g ⎠⎝ a,b,d,h,j,m,n,p,q,t,v ⎠⎝    s    ⎠⎝ ∅ ⎠
",ACEGIKMOQSU,ABDEGHJKMNPQSTV
N22A.csv,2,KQNodes,0.04276847839355469,2.4536550045013428,"⎛   A,C,G,I,K,Q,S   ⎞⎛ E,M,O,U ⎞
⎝ a,c,e,i,m,o,q,s,u ⎠⎝   g,k   ⎠
",ACEGIKMOQSU,ACEGIKMOQSU
N22A.csv,2,KGeoMIP,0.0006349086761474609,1.8681838512420654,"⎛  A,C,G,I,K,M,O,Q,S,U  ⎞⎛ E ⎞
⎝ a,c,e,g,i,k,m,o,q,s,u ⎠⎝ ∅ ⎠
",ACEGIKMOQSU,ACEGIKMOQSU
N22A.csv,3,KQNodes,0.04208564758300781,2.42730975151062,"⎛   A,C,G,I,K,Q,S   ⎞⎛ M,U ⎞⎛ E,O ⎞
⎝ a,c,e,i,m,o,q,s,u ⎠⎝  g  ⎠⎝  k  ⎠
",ACEGIKMOQSU,ACEGIKMOQSU
N22A.csv,3,KGeoMIP,0.05836153030395508,1.863292932510376,"⎛ I ⎞⎛ A,C,E,G,K,M,O,Q,U ⎞⎛ S ⎞
⎝ i ⎠⎝ a,c,e,g,k,m,o,q,u ⎠⎝ s ⎠
",ACEGIKMOQSU,ACEGIKMOQSU
N22A.csv,4,KQNodes,0.042124032974243164,2.440518379211426,"⎛   A,C,G,I,K,Q,S   ⎞⎛ M,U ⎞⎛ O ⎞⎛ E ⎞
⎝ a,c,e,i,m,o,q,s,u ⎠⎝  g  ⎠⎝ k ⎠⎝ ∅ ⎠
",ACEGIKMOQSU,ACEGIKMOQSU
N22A.csv,4,KGeoMIP,0.0765080451965332,1.8744401931762695,"⎛ C ⎞⎛ A,E,G,U ⎞⎛ K,Q ⎞⎛ I,M,O,S ⎞
⎝ c ⎠⎝ a,e,g,u ⎠⎝ k,q ⎠⎝ i,m,o,s ⎠
",ACEGIKMOQSU,ACEGIKMOQSU
N22A.csv,5,KQNodes,0.04222917556762695,2.445897340774536,"⎛   A,C,G,I,K,Q,S   ⎞⎛ M,U ⎞⎛ ∅ ⎞⎛ E ⎞⎛ O ⎞
⎝ a,c,e,i,m,o,q,s,u ⎠⎝  g  ⎠⎝ k ⎠⎝ ∅ ⎠⎝ ∅ ⎠
",ACEGIKMOQSU,ACEGIKMOQSU
N22A.csv,5,KGeoMIP,0.07467126846313477,1.8521873950958252,"⎛ E ⎞⎛ A,C,G,U ⎞⎛ Q ⎞⎛ K ⎞⎛ I,M,O,S ⎞
⎝ e ⎠⎝ a,c,g,u ⎠⎝ q ⎠⎝ k ⎠⎝ i,m,o,s ⎠
",ACEGIKMOQSU,ACEGIKMOQSU
N22A.csv,2,KQNodes,0.043010711669921875,2.4379422664642334,"⎛ K,M,Q,S,U ⎞⎛    A,C,E,G,I,O    ⎞
⎝    b,v    ⎠⎝ d,f,h,j,l,n,p,r,t ⎠
",ACEGIKMOQSU,BDFHJLNPRTV
N22A.csv,2,KGeoMIP,0.00030493736267089844,1.8694663047790527,"⎛  A,C,E,G,I,K,O,Q,S,U  ⎞⎛ M ⎞
⎝ b,d,f,h,j,l,n,p,r,t,v ⎠⎝ ∅ ⎠
",ACEGIKMOQSU,BDFHJLNPRTV
N22A.csv,3,KQNodes,0.04183626174926758,2.423203468322754,"⎛ Q ⎞⎛    A,C,E,G,I,O    ⎞⎛ K,M,S,U ⎞
⎝ b ⎠⎝ d,f,h,j,l,n,p,r,t ⎠⎝    v    ⎠
",ACEGIKMOQSU,BDFHJLNPRTV
N22A.csv,3,KGeoMIP,0.028694629669189453,1.8710682392120361,"⎛ A ⎞⎛   C,E,I,K,M,O,Q,S,U   ⎞⎛ G ⎞
⎝ ∅ ⎠⎝ b,d,f,h,j,l,n,p,r,t,v ⎠⎝ ∅ ⎠
",ACEGIKMOQSU,BDFHJLNPRTV
N22A.csv,4,KQNodes,0.04177498817443848,2.4029929637908936,"⎛ Q ⎞⎛    A,C,E,G,I,O    ⎞⎛ K,M,S ⎞⎛ U ⎞
⎝ b ⎠⎝ d,f,h,j,l,n,p,r,t ⎠⎝   v   ⎠⎝ ∅ ⎠
",ACEGIKMOQSU,BDFHJLNPRTV
N22A.csv,4,KGeoMIP,0.02899956703186035,1.8736464977264404,"⎛ M ⎞⎛    C,E,I,K,O,Q,S,U    ⎞⎛ G ⎞⎛ A ⎞
⎝ ∅ ⎠⎝ b,d,f,h,j,l,n,p,r,t,v ⎠⎝ ∅ ⎠⎝ ∅ ⎠
",ACEGIKMOQSU,BDFHJLNPRTV
N22A.csv,5,KQNodes,0.04202890396118164,2.4316532611846924,"⎛ Q ⎞⎛    A,C,E,G,I,O    ⎞⎛ K,S ⎞⎛ M ⎞⎛ U ⎞
⎝ b ⎠⎝ d,f,h,j,l,n,p,r,t ⎠⎝  v  ⎠⎝ ∅ ⎠⎝ ∅ ⎠
",ACEGIKMOQSU,BDFHJLNPRTV
N22A.csv,5,KGeoMIP,0.037337541580200195,1.867962121963501,"⎛ M ⎞⎛ I,K,Q ⎞⎛       C,E,O,S,U       ⎞⎛ G ⎞⎛ A ⎞
⎝ ∅ ⎠⎝   ∅   ⎠⎝ b,d,f,h,j,l,n,p,r,t,v ⎠⎝ ∅ ⎠⎝ ∅ ⎠
",ACEGIKMOQSU,BDFHJLNPRTV
N22A.csv,2,KQNodes,0.49977564811706543,42.929208755493164,"⎛             B,D,F,H,J,L,N,P,R,V             ⎞⎛ T ⎞
⎝ a,b,c,d,e,f,g,h,i,j,k,l,m,n,o,p,q,r,s,t,u,v ⎠⎝ ∅ ⎠
",BDFHJLNPRTV,ABCDEFGHIJKLMNOPQRSTUV
N22A.csv,2,KGeoMIP,0.49977564811706543,275.68337178230286,"⎛             B,D,F,H,J,L,N,P,R,V             ⎞⎛ T ⎞
⎝ a,b,c,d,e,f,g,h,i,j,k,l,m,n,o,p,q,r,s,t,u,v ⎠⎝ ∅ ⎠
",BDFHJLNPRTV,ABCDEFGHIJKLMNOPQRSTUV
N22A.csv,3,KQNodes,0.9996144771575928,43.38255023956299,"⎛              B,D,F,H,J,L,N,R,V              ⎞⎛ P ⎞⎛ T ⎞
⎝ a,b,c,d,e,f,g,h,i,j,k,l,m,n,o,p,q,r,s,t,u,v ⎠⎝ ∅ ⎠⎝ ∅ ⎠
",BDFHJLNPRTV,ABCDEFGHIJKLMNOPQRSTUV
N22A.csv,3,KGeoMIP,5.372403144836426,256.4315414428711,"⎛ N ⎞⎛            H,L,R,V            ⎞⎛ B,D,F,J,P,T ⎞
⎝ n ⎠⎝ a,c,e,g,h,i,k,l,m,o,q,r,s,u,v ⎠⎝ b,d,f,j,p,t ⎠
",BDFHJLNPRTV,ABCDEFGHIJKLMNOPQRSTUV
N22A.csv,4,KQNodes,1.4997107982635498,43.076319217681885,"⎛               B,F,H,J,L,N,R,V               ⎞⎛ D ⎞⎛ P ⎞⎛ T ⎞
⎝ a,b,c,d,e,f,g,h,i,j,k,l,m,n,o,p,q,r,s,t,u,v ⎠⎝ ∅ ⎠⎝ ∅ ⎠⎝ ∅ ⎠
",BDFHJLNPRTV,ABCDEFGHIJKLMNOPQRSTUV
N22A.csv,4,KGeoMIP,5.36931037902832,250.13760232925415,"⎛ N ⎞⎛            H,L,R,V            ⎞⎛ B,F,J,P,T ⎞⎛ D ⎞
⎝ n ⎠⎝ a,c,e,g,h,i,k,l,m,o,q,r,s,u,v ⎠⎝ b,f,j,p,t ⎠⎝ d ⎠
",BDFHJLNPRTV,ABCDEFGHIJKLMNOPQRSTUV
N22A.csv,5,KQNodes,1.9997107982635498,42.95281958580017,"⎛              B,F,H,J,L,N,R,V              ⎞⎛ ∅ ⎞⎛ D ⎞⎛ P ⎞⎛ T ⎞
⎝ a,b,c,d,e,g,h,i,j,k,l,m,n,o,p,q,r,s,t,u,v ⎠⎝ f ⎠⎝ ∅ ⎠⎝ ∅ ⎠⎝ ∅ ⎠
",BDFHJLNPRTV,ABCDEFGHIJKLMNOPQRSTUV
N22A.csv,5,KGeoMIP,5.36808443069458,255.39798855781555,"⎛ N ⎞⎛            H,L,R,V            ⎞⎛ P ⎞⎛ B,F,J,T ⎞⎛ D ⎞
⎝ n ⎠⎝ a,c,e,g,h,i,k,l,m,o,q,r,s,u,v ⎠⎝ p ⎠⎝ b,f,j,t ⎠⎝ d ⎠
",BDFHJLNPRTV,ABCDEFGHIJKLMNOPQRSTUV
N22A.csv,2,KQNodes,6.580352783203125e-05,16.141170740127563,"⎛            D,F,H,J,L,N,P,R,T,V            ⎞⎛ B ⎞
⎝ a,b,c,d,e,f,g,h,i,j,k,l,m,n,o,p,q,r,s,t,u ⎠⎝ ∅ ⎠
",BDFHJLNPRTV,ABCDEFGHIJKLMNOPQRSTU
N22A.csv,2,KGeoMIP,6.580352783203125e-05,226.526123046875,"⎛            D,F,H,J,L,N,P,R,T,V            ⎞⎛ B ⎞
⎝ a,b,c,d,e,f,g,h,i,j,k,l,m,n,o,p,q,r,s,t,u ⎠⎝ ∅ ⎠
",BDFHJLNPRTV,ABCDEFGHIJKLMNOPQRSTU
N22A.csv,3,KQNodes,0.00014495849609375,21.665146350860596,"⎛             D,F,H,J,L,N,P,R,T             ⎞⎛ B ⎞⎛ V ⎞
⎝ a,b,c,d,e,f,g,h,i,j,k,l,m,n,o,p,q,r,s,t,u ⎠⎝ ∅ ⎠⎝ ∅ ⎠
",BDFHJLNPRTV,ABCDEFGHIJKLMNOPQRSTU
N22A.csv,3,KGeoMIP,2.988096237182617,128.78536343574524,"⎛ B,F,L,N,V ⎞⎛            D,H,P,R            ⎞⎛ J,T ⎞
⎝  b,f,l,n  ⎠⎝ a,c,d,e,g,h,i,k,m,o,p,q,r,s,u ⎠⎝ j,t ⎠
",BDFHJLNPRTV,ABCDEFGHIJKLMNOPQRSTU
N22A.csv,4,KQNodes,0.0002677440643310547,16.418812036514282,"⎛              D,F,H,J,L,P,R,T              ⎞⎛ B ⎞⎛ N ⎞⎛ V ⎞
⎝ a,b,c,d,e,f,g,h,i,j,k,l,m,n,o,p,q,r,s,t,u ⎠⎝ ∅ ⎠⎝ ∅ ⎠⎝ ∅ ⎠
",BDFHJLNPRTV,ABCDEFGHIJKLMNOPQRSTU
N22A.csv,4,KGeoMIP,3.003633499145508,118.14977097511292,"⎛ B,F,L,N,V ⎞⎛           ∅           ⎞⎛ D,H,P,R ⎞⎛ J,T ⎞
⎝  b,f,l,n  ⎠⎝ a,c,e,g,i,k,m,o,q,s,u ⎠⎝ d,h,p,r ⎠⎝ j,t ⎠
",BDFHJLNPRTV,ABCDEFGHIJKLMNOPQRSTU
N22A.csv,5,KQNodes,0.00041937828063964844,16.135738849639893,"⎛               D,H,J,L,P,R,T               ⎞⎛ B ⎞⎛ F ⎞⎛ N ⎞⎛ V ⎞
⎝ a,b,c,d,e,f,g,h,i,j,k,l,m,n,o,p,q,r,s,t,u ⎠⎝ ∅ ⎠⎝ ∅ ⎠⎝ ∅ ⎠⎝ ∅ ⎠
",BDFHJLNPRTV,ABCDEFGHIJKLMNOPQRSTU
N22A.csv,5,KGeoMIP,3.0045971870422363,117.52120184898376,"⎛ B,F,L,N,V ⎞⎛           ∅           ⎞⎛ D,H,P,R ⎞⎛ T ⎞⎛ J ⎞
⎝  b,f,l,n  ⎠⎝ a,c,e,g,i,k,m,o,q,s,u ⎠⎝ d,h,p,r ⎠⎝ t ⎠⎝ j ⎠
",BDFHJLNPRTV,ABCDEFGHIJKLMNOPQRSTU
N22A.csv,2,KQNodes,6.580352783203125e-05,25.274622440338135,"⎛            D,F,H,J,L,N,P,R,T,V            ⎞⎛ B ⎞
⎝ b,c,d,e,f,g,h,i,j,k,l,m,n,o,p,q,r,s,t,u,v ⎠⎝ ∅ ⎠
",BDFHJLNPRTV,BCDEFGHIJKLMNOPQRSTUV
N22A.csv,2,KGeoMIP,6.580352783203125e-05,129.75337719917297,"⎛            D,F,H,J,L,N,P,R,T,V            ⎞⎛ B ⎞
⎝ b,c,d,e,f,g,h,i,j,k,l,m,n,o,p,q,r,s,t,u,v ⎠⎝ ∅ ⎠
",BDFHJLNPRTV,BCDEFGHIJKLMNOPQRSTUV
N22A.csv,3,KQNodes,0.00018858909606933594,25.29937434196472,"⎛             D,F,H,J,L,P,R,T,V             ⎞⎛ B ⎞⎛ N ⎞
⎝ b,c,d,e,f,g,h,i,j,k,l,m,n,o,p,q,r,s,t,u,v ⎠⎝ ∅ ⎠⎝ ∅ ⎠
",BDFHJLNPRTV,BCDEFGHIJKLMNOPQRSTUV
N22A.csv,3,KGeoMIP,3.0234060287475586,119.20105266571045,"⎛           J           ⎞⎛ B,N ⎞⎛ D,F,H,L,P,R,T,V ⎞
⎝ c,e,g,i,j,k,m,o,q,s,u ⎠⎝ b,n ⎠⎝ d,f,h,l,p,r,t,v ⎠
",BDFHJLNPRTV,BCDEFGHIJKLMNOPQRSTUV
N22A.csv,4,KQNodes,0.00034809112548828125,25.1147563457489,"⎛              D,F,H,J,L,P,T,V              ⎞⎛ B ⎞⎛ N ⎞⎛ R ⎞
⎝ b,c,d,e,f,g,h,i,j,k,l,m,n,o,p,q,r,s,t,u,v ⎠⎝ ∅ ⎠⎝ ∅ ⎠⎝ ∅ ⎠
",BDFHJLNPRTV,BCDEFGHIJKLMNOPQRSTUV
N22A.csv,4,KGeoMIP,3.008819580078125,115.24158477783203,"⎛ B,J,N ⎞⎛          ∅          ⎞⎛ D,H,L,P,R,V ⎞⎛ F,T ⎞
⎝ b,j,n ⎠⎝ c,e,g,i,k,m,o,q,s,u ⎠⎝ d,h,l,p,r,v ⎠⎝ f,t ⎠
",BDFHJLNPRTV,BCDEFGHIJKLMNOPQRSTUV
N22A.csv,5,KQNodes,0.0005092620849609375,25.15188694000244,"⎛               D,F,H,J,L,T,V               ⎞⎛ B ⎞⎛ N ⎞⎛ P ⎞⎛ R ⎞
⎝ b,c,d,e,f,g,h,i,j,k,l,m,n,o,p,q,r,s,t,u,v ⎠⎝ ∅ ⎠⎝ ∅ ⎠⎝ ∅ ⎠⎝ ∅ ⎠
",BDFHJLNPRTV,BCDEFGHIJKLMNOPQRSTUV
N22A.csv,5,KGeoMIP,3.002974510192871,192.57900476455688,"⎛ B,J,N ⎞⎛          ∅          ⎞⎛ P,R ⎞⎛ D,H,L,V ⎞⎛ F,T ⎞
⎝ b,j,n ⎠⎝ c,e,g,i,k,m,o,q,s,u ⎠⎝ p,r ⎠⎝ d,h,l,v ⎠⎝ f,t ⎠
",BDFHJLNPRTV,BCDEFGHIJKLMNOPQRSTUV
N22A.csv,2,KQNodes,0.0001227855682373047,10.432363510131836,"⎛           B,D,F,H,J,L,P,R,T,V           ⎞⎛ N ⎞
⎝ b,c,d,e,f,g,h,i,j,k,l,m,n,o,p,q,r,s,t,u ⎠⎝ ∅ ⎠
",BDFHJLNPRTV,BCDEFGHIJKLMNOPQRSTU
N22A.csv,2,KGeoMIP,0.0001227855682373047,63.53316593170166,"⎛           B,D,F,H,J,L,P,R,T,V           ⎞⎛ N ⎞
⎝ b,c,d,e,f,g,h,i,j,k,l,m,n,o,p,q,r,s,t,u ⎠⎝ ∅ ⎠
",BDFHJLNPRTV,BCDEFGHIJKLMNOPQRSTU
N22A.csv,3,KQNodes,0.00028395652770996094,10.013442516326904,"⎛            B,D,F,H,J,L,R,T,V            ⎞⎛ N ⎞⎛ P ⎞
⎝ b,c,d,e,f,g,h,i,j,k,l,m,n,o,p,q,r,s,t,u ⎠⎝ ∅ ⎠⎝ ∅ ⎠
",BDFHJLNPRTV,BCDEFGHIJKLMNOPQRSTU
N22A.csv,3,KGeoMIP,2.1255345344543457,58.34593844413757,"⎛ J ⎞⎛          B,D,F,H,L,N,P,R,V          ⎞⎛ T ⎞
⎝ j ⎠⎝ b,c,d,e,f,g,h,i,k,l,m,n,o,p,q,r,s,u ⎠⎝ t ⎠
",BDFHJLNPRTV,BCDEFGHIJKLMNOPQRSTU
N22A.csv,4,KQNodes,0.0005917549133300781,10.205633163452148,"⎛             B,D,F,H,J,R,T,V             ⎞⎛ L ⎞⎛ N ⎞⎛ P ⎞
⎝ b,c,d,e,f,g,h,i,j,k,l,m,n,o,p,q,r,s,t,u ⎠⎝ ∅ ⎠⎝ ∅ ⎠⎝ ∅ ⎠
",BDFHJLNPRTV,BCDEFGHIJKLMNOPQRSTU
N22A.csv,4,KGeoMIP,2.2193989753723145,59.12992882728577,"⎛ J ⎞⎛          D,L,N,P,R,V          ⎞⎛ B,F,H ⎞⎛ T ⎞
⎝ j ⎠⎝ c,d,e,g,i,k,l,m,n,o,p,q,r,s,u ⎠⎝ b,f,h ⎠⎝ t ⎠
",BDFHJLNPRTV,BCDEFGHIJKLMNOPQRSTU
N22A.csv,5,KQNodes,1.37559175491333,10.790546655654907,"⎛            B,D,F,H,J,R,T,V            ⎞⎛ ∅ ⎞⎛ L ⎞⎛ N ⎞⎛ P ⎞
⎝ b,c,d,e,f,g,i,j,k,l,m,n,o,p,q,r,s,t,u ⎠⎝ h ⎠⎝ ∅ ⎠⎝ ∅ ⎠⎝ ∅ ⎠
",BDFHJLNPRTV,BCDEFGHIJKLMNOPQRSTU
N22A.csv,5,KGeoMIP,2.2512264251708984,59.79283618927002,"⎛ L,N,R ⎞⎛ D,J,P,V ⎞⎛          ∅          ⎞⎛ B,F,H ⎞⎛ T ⎞
⎝ l,n,r ⎠⎝  d,j,p  ⎠⎝ c,e,g,i,k,m,o,q,s,u ⎠⎝ b,f,h ⎠⎝ t ⎠
",BDFHJLNPRTV,BCDEFGHIJKLMNOPQRSTU
N22A.csv,2,KQNodes,0.0003077983856201172,1.963080883026123,"⎛      B,D,F,H,J,N,P,R,T,V      ⎞⎛ L ⎞
⎝ a,b,d,e,g,h,j,k,m,n,p,q,s,t,v ⎠⎝ ∅ ⎠
",BDFHJLNPRTV,ABDEGHJKMNPQSTV
N22A.csv,2,KGeoMIP,0.0003077983856201172,2.1262295246124268,"⎛      B,D,F,H,J,N,P,R,T,V      ⎞⎛ L ⎞
⎝ a,b,d,e,g,h,j,k,m,n,p,q,s,t,v ⎠⎝ ∅ ⎠
",BDFHJLNPRTV,ABDEGHJKMNPQSTV
N22A.csv,3,KQNodes,0.015781164169311523,1.9527597427368164,"⎛       B,D,H,J,N,P,R,T,V       ⎞⎛ F ⎞⎛ L ⎞
⎝ a,b,d,e,g,h,j,k,m,n,p,q,s,t,v ⎠⎝ ∅ ⎠⎝ ∅ ⎠
",BDFHJLNPRTV,ABDEGHJKMNPQSTV
N22A.csv,3,KGeoMIP,0.408048152923584,2.113025426864624,"⎛ T ⎞⎛      B,D,F,J,L,N,P,V      ⎞⎛ H,R ⎞
⎝ t ⎠⎝ a,b,d,e,g,j,k,m,n,p,q,s,v ⎠⎝  h  ⎠
",BDFHJLNPRTV,ABDEGHJKMNPQSTV
N22A.csv,4,KQNodes,0.03156733512878418,1.9524669647216797,"⎛        B,D,H,J,N,R,T,V        ⎞⎛ F ⎞⎛ L ⎞⎛ P ⎞
⎝ a,b,d,e,g,h,j,k,m,n,p,q,s,t,v ⎠⎝ ∅ ⎠⎝ ∅ ⎠⎝ ∅ ⎠
",BDFHJLNPRTV,ABDEGHJKMNPQSTV
N22A.csv,4,KGeoMIP,0.4079244136810303,2.1130003929138184,"⎛ T ⎞⎛      B,D,F,J,L,N,P,V      ⎞⎛ H ⎞⎛ R ⎞
⎝ t ⎠⎝ a,b,d,e,g,j,k,m,n,p,q,s,v ⎠⎝ h ⎠⎝ ∅ ⎠
",BDFHJLNPRTV,ABDEGHJKMNPQSTV
N22A.csv,5,KQNodes,0.0785214900970459,1.9372990131378174,"⎛         B,D,H,J,N,R,T         ⎞⎛ F ⎞⎛ L ⎞⎛ P ⎞⎛ V ⎞
⎝ a,b,d,e,g,h,j,k,m,n,p,q,s,t,v ⎠⎝ ∅ ⎠⎝ ∅ ⎠⎝ ∅ ⎠⎝ ∅ ⎠
",BDFHJLNPRTV,ABDEGHJKMNPQSTV
N22A.csv,5,KGeoMIP,0.4466240406036377,2.2146663665771484,"⎛ F,P ⎞⎛ J,N,V ⎞⎛       B,D,L,T       ⎞⎛ H ⎞⎛ R ⎞
⎝  p  ⎠⎝ j,n,v ⎠⎝ a,b,d,e,g,k,m,q,s,t ⎠⎝ h ⎠⎝ ∅ ⎠
",BDFHJLNPRTV,ABDEGHJKMNPQSTV
N22A.csv,2,KQNodes,0.0006399154663085938,2.56315016746521,"⎛  B,D,H,J,L,N,P,R,T,V  ⎞⎛ F ⎞
⎝ a,c,e,g,i,k,m,o,q,s,u ⎠⎝ ∅ ⎠
",BDFHJLNPRTV,ACEGIKMOQSU
N22A.csv,2,KGeoMIP,0.0006399154663085938,1.8954188823699951,"⎛  B,D,H,J,L,N,P,R,T,V  ⎞⎛ F ⎞
⎝ a,c,e,g,i,k,m,o,q,s,u ⎠⎝ ∅ ⎠
",BDFHJLNPRTV,ACEGIKMOQSU
N22A.csv,3,KQNodes,0.00177764892578125,2.521470308303833,"⎛   B,D,H,J,L,N,R,T,V   ⎞⎛ F ⎞⎛ P ⎞
⎝ a,c,e,g,i,k,m,o,q,s,u ⎠⎝ ∅ ⎠⎝ ∅ ⎠
",BDFHJLNPRTV,ACEGIKMOQSU
N22A.csv,3,KGeoMIP,0.06333661079406738,1.9100005626678467,"⎛ D ⎞⎛    B,F,H,J,L,P,R,T    ⎞⎛ N,V ⎞
⎝ ∅ ⎠⎝ a,c,e,g,i,k,m,o,q,s,u ⎠⎝  ∅  ⎠
",BDFHJLNPRTV,ACEGIKMOQSU
N22A.csv,4,KQNodes,0.007540702819824219,2.4910969734191895,"⎛    B,H,J,L,N,R,T,V    ⎞⎛ D ⎞⎛ F ⎞⎛ P ⎞
⎝ a,c,e,g,i,k,m,o,q,s,u ⎠⎝ ∅ ⎠⎝ ∅ ⎠⎝ ∅ ⎠
",BDFHJLNPRTV,ACEGIKMOQSU
N22A.csv,4,KGeoMIP,0.06333661079406738,2.0148661136627197,"⎛ N ⎞⎛    B,F,H,J,L,P,R,T    ⎞⎛ D ⎞⎛ V ⎞
⎝ ∅ ⎠⎝ a,c,e,g,i,k,m,o,q,s,u ⎠⎝ ∅ ⎠⎝ ∅ ⎠
",BDFHJLNPRTV,ACEGIKMOQSU
N22A.csv,5,KQNodes,0.036714792251586914,2.79116153717041,"⎛     B,H,J,L,R,T,V     ⎞⎛ D ⎞⎛ F ⎞⎛ N ⎞⎛ P ⎞
⎝ a,c,e,g,i,k,m,o,q,s,u ⎠⎝ ∅ ⎠⎝ ∅ ⎠⎝ ∅ ⎠⎝ ∅ ⎠
",BDFHJLNPRTV,ACEGIKMOQSU
N22A.csv,5,KGeoMIP,0.08321690559387207,1.9793767929077148,"⎛ B ⎞⎛       F,H,L,P,R       ⎞⎛ J,T ⎞⎛ D,N ⎞⎛ V ⎞
⎝ ∅ ⎠⎝ a,c,e,g,i,k,m,o,q,s,u ⎠⎝  ∅  ⎠⎝  ∅  ⎠⎝ ∅ ⎠
",BDFHJLNPRTV,ACEGIKMOQSU
N22A.csv,2,KQNodes,0.045757293701171875,2.544604778289795,"⎛  D,H  ⎞⎛ B,F,J,L,N,P,R,T,V ⎞
⎝ b,j,r ⎠⎝  d,f,h,l,n,p,t,v  ⎠
",BDFHJLNPRTV,BDFHJLNPRTV
N22A.csv,2,KGeoMIP,0.0005846023559570312,2.2253239154815674,"⎛  B,F,H,J,L,N,P,R,T,V  ⎞⎛ D ⎞
⎝ b,d,f,h,j,l,n,p,r,t,v ⎠⎝ ∅ ⎠
",BDFHJLNPRTV,BDFHJLNPRTV
N22A.csv,3,KQNodes,0.04535102844238281,2.8073341846466064,"⎛  H  ⎞⎛ B,F,J,L,N,P,R,T,V ⎞⎛ D ⎞
⎝ b,j ⎠⎝  d,f,h,l,n,p,t,v  ⎠⎝ r ⎠
",BDFHJLNPRTV,BDFHJLNPRTV
N22A.csv,3,KGeoMIP,0.04740190505981445,2.118415594100952,"⎛ H ⎞⎛ B,D,F,J,L,N,P,T,V ⎞⎛ R ⎞
⎝ h ⎠⎝ b,d,f,j,l,n,p,t,v ⎠⎝ r ⎠
",BDFHJLNPRTV,BDFHJLNPRTV
N22A.csv,4,KQNodes,0.045256614685058594,3.0791051387786865,"⎛  H  ⎞⎛ B,F,J,L,N,P,R,T,V ⎞⎛ ∅ ⎞⎛ D ⎞
⎝ b,j ⎠⎝  d,f,h,l,n,p,t,v  ⎠⎝ r ⎠⎝ ∅ ⎠
",BDFHJLNPRTV,BDFHJLNPRTV
N22A.csv,4,KGeoMIP,0.07100439071655273,1.9849929809570312,"⎛ T ⎞⎛ F,J,P ⎞⎛ B,D,H,L,N,V ⎞⎛ R ⎞
⎝ t ⎠⎝ f,j,p ⎠⎝ b,d,h,l,n,v ⎠⎝ r ⎠
",BDFHJLNPRTV,BDFHJLNPRTV
N22A.csv,5,KQNodes,0.04536151885986328,2.67801570892334,"⎛ ∅ ⎞⎛ B,F,J,L,N,P,R,T,V ⎞⎛ H ⎞⎛ ∅ ⎞⎛ D ⎞
⎝ b ⎠⎝  d,f,h,l,n,p,t,v  ⎠⎝ j ⎠⎝ r ⎠⎝ ∅ ⎠
",BDFHJLNPRTV,BDFHJLNPRTV
N22A.csv,5,KGeoMIP,0.07075738906860352,2.1976935863494873,"⎛ J ⎞⎛ P,T ⎞⎛ F ⎞⎛ B,D,H,L,N,V ⎞⎛ R ⎞
⎝ j ⎠⎝ p,t ⎠⎝ f ⎠⎝ b,d,h,l,n,v ⎠⎝ r ⎠
",BDFHJLNPRTV,BDFHJLNPRTV
N22A.csv,2,KQNodes,0.0001227855682373047,14.627942323684692,"⎛  A,C,D,E,F,G,H,I,J,K,L,M,O,P,Q,R,S,T  ⎞⎛ N ⎞
⎝ a,c,d,e,f,g,h,i,j,k,l,m,n,o,p,q,r,s,t ⎠⎝ ∅ ⎠
",ACDEFGHIJKLMNOPQRST,ACDEFGHIJKLMNOPQRST
N22A.csv,2,KGeoMIP,0.0001227855682373047,34.52075958251953,"⎛  A,C,D,E,F,G,H,I,J,K,L,M,O,P,Q,R,S,T  ⎞⎛ N ⎞
⎝ a,c,d,e,f,g,h,i,j,k,l,m,n,o,p,q,r,s,t ⎠⎝ ∅ ⎠
",ACDEFGHIJKLMNOPQRST,ACDEFGHIJKLMNOPQRST
N22A.csv,3,KQNodes,0.0002799034118652344,14.770317792892456,"⎛   A,C,D,E,F,G,I,J,K,L,M,O,P,Q,R,S,T   ⎞⎛ H ⎞⎛ N ⎞
⎝ a,c,d,e,f,g,h,i,j,k,l,m,n,o,p,q,r,s,t ⎠⎝ ∅ ⎠⎝ ∅ ⎠
",ACDEFGHIJKLMNOPQRST,ACDEFGHIJKLMNOPQRST
N22A.csv,3,KGeoMIP,2.8304858207702637,28.733052492141724,"⎛ I ⎞⎛ A,D,E,F,G,H,M,N,P,Q,R,S ⎞⎛ C,J,K,L,O,T ⎞
⎝ i ⎠⎝ a,d,e,f,g,h,m,n,p,q,r,s ⎠⎝ c,j,k,l,o,t ⎠
",ACDEFGHIJKLMNOPQRST,ACDEFGHIJKLMNOPQRST
N22A.csv,4,KQNodes,0.0004410743713378906,13.338010549545288,"⎛    A,C,D,E,F,G,I,J,K,L,M,O,Q,R,S,T    ⎞⎛ H ⎞⎛ N ⎞⎛ P ⎞
⎝ a,c,d,e,f,g,h,i,j,k,l,m,n,o,p,q,r,s,t ⎠⎝ ∅ ⎠⎝ ∅ ⎠⎝ ∅ ⎠
",ACDEFGHIJKLMNOPQRST,ACDEFGHIJKLMNOPQRST
N22A.csv,4,KGeoMIP,2.8278369903564453,28.889131546020508,"⎛ I ⎞⎛ A,D,E,F,G,H,M,N,P,Q,R,S ⎞⎛ C,J,K,O,T ⎞⎛ L ⎞
⎝ i ⎠⎝ a,d,e,f,g,h,m,n,p,q,r,s ⎠⎝ c,j,k,o,t ⎠⎝ l ⎠
",ACDEFGHIJKLMNOPQRST,ACDEFGHIJKLMNOPQRST
N22A.csv,5,KQNodes,0.1250782012939453,13.332801580429077,"⎛     A,C,D,E,F,G,I,J,K,L,M,O,Q,R,T     ⎞⎛ H ⎞⎛ N ⎞⎛ P ⎞⎛ S ⎞
⎝ a,c,d,e,f,g,h,i,j,k,l,m,n,o,p,q,r,s,t ⎠⎝ ∅ ⎠⎝ ∅ ⎠⎝ ∅ ⎠⎝ ∅ ⎠
",ACDEFGHIJKLMNOPQRST,ACDEFGHIJKLMNOPQRST
N22A.csv,5,KGeoMIP,2.8640542030334473,28.63063335418701,"⎛ K ⎞⎛ E,N ⎞⎛ A,D,F,G,H,I,M,P,Q,R,S ⎞⎛ C,J,O,T ⎞⎛ L ⎞
⎝ k ⎠⎝ e,n ⎠⎝ a,d,f,g,h,i,m,p,q,r,s ⎠⎝ c,j,o,t ⎠⎝ l ⎠
",ACDEFGHIJKLMNOPQRST,ACDEFGHIJKLMNOPQRST
N25A.csv,2,KQNodes,0.4998137950897217,552.6457147598267,"⎛  B,C,D,E,F,G,H,I,J,K,L,M,N,O,P,Q,R,S,T,U,V,W,X,Y  ⎞⎛ A ⎞
⎝ a,b,c,d,e,f,g,h,i,j,k,l,m,n,o,p,q,r,s,t,u,v,w,x,y ⎠⎝ ∅ ⎠
",ABCDEFGHIJKLMNOPQRSTUVWXY,ABCDEFGHIJKLMNOPQRSTUVWXY
N25A.csv,2,KGeoMIP,0.4998137950897217,4261.991570711136,"⎛  B,C,D,E,F,G,H,I,J,K,L,M,N,O,P,Q,R,S,T,U,V,W,X,Y  ⎞⎛ A ⎞
⎝ a,b,c,d,e,f,g,h,i,j,k,l,m,n,o,p,q,r,s,t,u,v,w,x,y ⎠⎝ ∅ ⎠
",ABCDEFGHIJKLMNOPQRSTUVWXY,ABCDEFGHIJKLMNOPQRSTUVWXY
N25A.csv,3,KQNodes,0.9997053146362305,566.0307965278625,"⎛   B,C,D,E,F,G,H,I,J,K,L,M,N,O,P,Q,R,S,T,V,W,X,Y   ⎞⎛ A ⎞⎛ U ⎞
⎝ a,b,c,d,e,f,g,h,i,j,k,l,m,n,o,p,q,r,s,t,u,v,w,x,y ⎠⎝ ∅ ⎠⎝ ∅ ⎠
",ABCDEFGHIJKLMNOPQRSTUVWXY,ABCDEFGHIJKLMNOPQRSTUVWXY
N25A.csv,3,KGeoMIP,12.411703109741211,3957.1859979629517,"⎛ E ⎞⎛ A,D,I,L,M,N,S,V,X,Y ⎞⎛ B,C,F,G,H,J,K,O,P,Q,R,T,U,W ⎞
⎝ e ⎠⎝ a,d,i,l,m,n,s,v,x,y ⎠⎝ b,c,f,g,h,j,k,o,p,q,r,t,u,w ⎠
",ABCDEFGHIJKLMNOPQRSTUVWXY,ABCDEFGHIJKLMNOPQRSTUVWXY
N25A.csv,4,KQNodes,1.4996058940887451,552.5036859512329,"⎛    B,C,D,E,F,G,H,I,J,K,L,M,O,P,Q,R,S,T,V,W,X,Y    ⎞⎛ A ⎞⎛ N ⎞⎛ U ⎞
⎝ a,b,c,d,e,f,g,h,i,j,k,l,m,n,o,p,q,r,s,t,u,v,w,x,y ⎠⎝ ∅ ⎠⎝ ∅ ⎠⎝ ∅ ⎠
",ABCDEFGHIJKLMNOPQRSTUVWXY,ABCDEFGHIJKLMNOPQRSTUVWXY
N25A.csv,4,KGeoMIP,12.432001113891602,3950.5713350772858,"⎛ E ⎞⎛ A,D,I,L,M,N,S,V,X,Y ⎞⎛ B,C,F,H,J,K,O,P,Q,R,T,U,W ⎞⎛ G ⎞
⎝ e ⎠⎝ a,d,i,l,m,n,s,v,x,y ⎠⎝ b,c,f,h,j,k,o,p,q,r,t,u,w ⎠⎝ g ⎠
",ABCDEFGHIJKLMNOPQRSTUVWXY,ABCDEFGHIJKLMNOPQRSTUVWXY
N25A.csv,5,KQNodes,1.9995158910751343,559.1943366527557,"⎛     B,C,D,E,F,G,H,I,J,K,L,M,P,Q,R,S,T,V,W,X,Y     ⎞⎛ A ⎞⎛ N ⎞⎛ O ⎞⎛ U ⎞
⎝ a,b,c,d,e,f,g,h,i,j,k,l,m,n,o,p,q,r,s,t,u,v,w,x,y ⎠⎝ ∅ ⎠⎝ ∅ ⎠⎝ ∅ ⎠⎝ ∅ ⎠
",ABCDEFGHIJKLMNOPQRSTUVWXY,ABCDEFGHIJKLMNOPQRSTUVWXY
N25A.csv,5,KGeoMIP,12.46651840209961,3888.5434975624084,"⎛ E ⎞⎛ A,D,I,L,M,N,S,V,X,Y ⎞⎛ F ⎞⎛ B,C,H,J,K,O,P,Q,R,T,U,W ⎞⎛ G ⎞
⎝ e ⎠⎝ a,d,i,l,m,n,s,v,x,y ⎠⎝ f ⎠⎝ b,c,h,j,k,o,p,q,r,t,u,w ⎠⎝ g ⎠
",ABCDEFGHIJKLMNOPQRSTUVWXY,ABCDEFGHIJKLMNOPQRSTUVWXY
N25A.csv,2,KQNodes,6.943941116333008e-06,432.16111493110657,"⎛ A,B,C,D,E,F,G,I,J,K,L,M,N,O,P,Q,R,S,T,U,V,W,X,Y ⎞⎛ H ⎞
⎝ a,b,c,d,e,f,g,h,i,j,k,l,m,n,o,p,q,r,s,t,u,v,w,x ⎠⎝ ∅ ⎠
",ABCDEFGHIJKLMNOPQRSTUVWXY,ABCDEFGHIJKLMNOPQRSTUVWX
N25A.csv,2,KGeoMIP,6.943941116333008e-06,1394.92578291893,"⎛ A,B,C,D,E,F,G,I,J,K,L,M,N,O,P,Q,R,S,T,U,V,W,X,Y ⎞⎛ H ⎞
⎝ a,b,c,d,e,f,g,h,i,j,k,l,m,n,o,p,q,r,s,t,u,v,w,x ⎠⎝ ∅ ⎠
",ABCDEFGHIJKLMNOPQRSTUVWXY,ABCDEFGHIJKLMNOPQRSTUVWX
N25A.csv,3,KQNodes,1.77919864654541e-05,429.8070423603058,"⎛  A,B,C,D,E,F,G,I,J,K,L,M,N,O,P,Q,R,S,T,U,V,X,Y  ⎞⎛ H ⎞⎛ W ⎞
⎝ a,b,c,d,e,f,g,h,i,j,k,l,m,n,o,p,q,r,s,t,u,v,w,x ⎠⎝ ∅ ⎠⎝ ∅ ⎠
",ABCDEFGHIJKLMNOPQRSTUVWXY,ABCDEFGHIJKLMNOPQRSTUVWX
N25A.csv,3,KGeoMIP,6.557226181030273,1256.3184032440186,"⎛ A,H,I,K,N,Q,T,Y ⎞⎛ D,F,G,J,L,M,O,P,S,U,V,W,X ⎞⎛ B,C,E,R ⎞
⎝  a,h,i,k,n,q,t  ⎠⎝ d,f,g,j,l,m,o,p,s,u,v,w,x ⎠⎝ b,c,e,r ⎠
",ABCDEFGHIJKLMNOPQRSTUVWXY,ABCDEFGHIJKLMNOPQRSTUVWX
N25A.csv,4,KQNodes,3.316998481750488e-05,430.7317976951599,"⎛   A,B,C,D,E,F,G,I,J,K,L,M,N,O,P,R,S,T,U,V,X,Y   ⎞⎛ H ⎞⎛ Q ⎞⎛ W ⎞
⎝ a,b,c,d,e,f,g,h,i,j,k,l,m,n,o,p,q,r,s,t,u,v,w,x ⎠⎝ ∅ ⎠⎝ ∅ ⎠⎝ ∅ ⎠
",ABCDEFGHIJKLMNOPQRSTUVWXY,ABCDEFGHIJKLMNOPQRSTUVWX
N25A.csv,4,KGeoMIP,6.517180442810059,1204.9538569450378,"⎛ L ⎞⎛ A,H,I,K,N,Q,T,Y ⎞⎛ D,F,G,J,M,O,P,S,U,V,W,X ⎞⎛ B,C,E,R ⎞
⎝ l ⎠⎝  a,h,i,k,n,q,t  ⎠⎝ d,f,g,j,m,o,p,s,u,v,w,x ⎠⎝ b,c,e,r ⎠
",ABCDEFGHIJKLMNOPQRSTUVWXY,ABCDEFGHIJKLMNOPQRSTUVWX
N25A.csv,5,KQNodes,5.936622619628906e-05,430.7488749027252,"⎛    A,B,C,D,E,G,I,J,K,L,M,N,O,P,R,S,T,U,V,X,Y    ⎞⎛ F ⎞⎛ H ⎞⎛ Q ⎞⎛ W ⎞
⎝ a,b,c,d,e,f,g,h,i,j,k,l,m,n,o,p,q,r,s,t,u,v,w,x ⎠⎝ ∅ ⎠⎝ ∅ ⎠⎝ ∅ ⎠⎝ ∅ ⎠
",ABCDEFGHIJKLMNOPQRSTUVWXY,ABCDEFGHIJKLMNOPQRSTUVWX
N25A.csv,5,KGeoMIP,6.514822959899902,1212.8584122657776,"⎛ L ⎞⎛ H,K,N,Q,T,Y ⎞⎛ A,I ⎞⎛ D,F,G,J,M,O,P,S,U,V,W,X ⎞⎛ B,C,E,R ⎞
⎝ l ⎠⎝  h,k,n,q,t  ⎠⎝ a,i ⎠⎝ d,f,g,j,m,o,p,s,u,v,w,x ⎠⎝ b,c,e,r ⎠
",ABCDEFGHIJKLMNOPQRSTUVWXY,ABCDEFGHIJKLMNOPQRSTUVWX
N25A.csv,2,KQNodes,2.4437904357910156e-06,125.5098602771759,"⎛ A,B,C,D,F,G,H,I,J,K,L,M,N,O,P,Q,R,S,T,U,V,W,X,Y ⎞⎛ E ⎞
⎝ b,c,d,e,f,g,h,i,j,k,l,m,n,o,p,q,r,s,t,u,v,w,x,y ⎠⎝ ∅ ⎠
",ABCDEFGHIJKLMNOPQRSTUVWXY,BCDEFGHIJKLMNOPQRSTUVWXY
